game,year,review_text,rating,date,likes,topics
clash_of_clans,2024,"It is a good game with nice graphics. I play it very rare but even then I manage to build or research something. I am not in a hurry so the pace is excellent for me. Moreover, if your plan is long term, then your strategy should be based on losing more resources to get a better protection. I am like an Orc with high attack and mediocre defense but it is working incredibly well. So far, I like the game, no spending was necessary.",5,2024-01-28 15:43:57,1990,"['GAMEPLAY', 'VISUAL & AUDIO']"
clash_of_clans,2024,I have been playing this game for the last 7 years off and on and I LOVE IT! I have had to start over several times due to changing phones and not saving my progress but I have starting over down pat. Adding on to My Comments (2/27/24) I am enjoying the new characters and playing fields. I'm piggybacking with the game dropping and disconnecting more from the server. Other than that I have no complaints.,5,2024-02-28 04:32:38,1885,['TECHNICAL']
clash_of_clans,2024,"One of the best mobile strategy games, as it has no ads whatsoever, and it's is completely free. Playing free does take a little longer, like in all games, but your still able to catch up. Spending money saves time rather than gaining an advantage. That's aside, there are only a few things worth spending money on. Also, I personally think that they should lower the time it takes to upgrade stuff, or make the upgrades better. I mean, 4 hours for +.3 gems per day? Absurd. Besides that, its golden!",5,2024-07-28 10:18:48,1473,['GAMEPLAY']
clash_of_clans,2024,"Everything's good. However, I'm not able to track the member contributing to clan Capital. Also, the devs should allow lead and co-lead to modify the rules for new members that join or a board of rules to help members know the promotion, war, and clan capital rules. The priority upgrade in clan capital should also restrict other members from contributing to other buildings to better organize the upgrade. Same for clan wars which allow leader and coleader to customize the base to which mmbr attak",4,2024-11-01 19:28:32,1113,['SOCIAL']
clash_of_clans,2024,"The game is well-designed, featuring impressive graphics and captivating content. It's highly motivating for players and stands out from many modern games that prioritize a 'pay-to-win' approach. While you have the option to make purchases for quicker progression, the game doesn’t pressure you to spend money. You can still enjoy the full experience without paying, though it may take a little longer. The monthly seasons keep the gameplay fresh, providing new experiences on a regular basis.",5,2024-10-06 08:14:00,1024,"['CONTENT & UPDATES', 'GAMEPLAY', 'MONETIZATION', 'VISUAL & AUDIO']"
clash_of_clans,2024,"Overall, the game is more than fine. Good graphics and free-to-play and if you're willing to pay a little, you can get ahead a bit againts other players but not game breaking. I came back from playing a few years back and I think it's still good versus other games out there. Though the design of the later buildings and endgame units are a bit weird for my taste. Anyway goodjob supercell. TY",5,2024-05-04 16:14:41,721,"['MONETIZATION', 'VISUAL & AUDIO']"
clash_of_clans,2024,"It's a brilliant game. Absolutely great. Easy to understand, easy to get into. Only a couple of problems. Certain aspects of the game take an absolute age - e.g mid game feels very slow. Things jump from minutes to hours to days very quickly. Secondly, the Battle Pass is a brilliant, and used to be worth it. The price has increased from ~£4 to £7 (at time of writing) since I've been playing and there's been no actual change/increase in benefits that acxomadte for the increase in price.",3,2024-04-19 04:00:09,592,"['GAMEPLAY', 'MONETIZATION']"
clash_of_clans,2024,"This game is very good and fun, but it's slowly becoming Pay-To-Win. Though I give it five stars because you can still play it without spending any money, and it remained fun. There are no enemies who bought equipment, and then they beat you and there are no secret sections of the game you can only access by paying. Also, every action takes progressively more and more time to complete, encouraging you to spend money to speed it up.",5,2024-01-18 02:18:37,242,['MONETIZATION']
clash_of_clans,2024,"I recently returned to playing this game, and although there are only a few active players now, I'm enjoying it. However, I'm facing an issue where my attacks get abruptly interrupted, even though my internet connection is stable and fast. When I re-login, the attack is either counted or already completed, leaving me frustrated. I hope they can fix this issue soon, as it's affecting my gameplay and I can't seem to have a decent attack without it getting disrupted.",3,2024-04-16 18:06:35,126,"['ACCOUNT & SUPPORT', 'GAMEPLAY', 'TECHNICAL']"
clash_of_clans,2024,"Best game to dominate and defend bases! Honestly, this game has a ton of ways to do so, going from your basic barbarians to dragons and the mythic troops! Now, yes, it does take a lot of time to make such small progress, but my ""lot of time"" (2-3 days) got me up to town hall 5 already with almost 3 builders and I would never dislike the game unless they got rid of something with a ton of potential. I'd reccomend downloading 100% if you want to include yourself in wars, clans, and defense!",5,2024-04-01 03:15:34,50,['GAMEPLAY']
clash_of_clans,2024,"I've been playing clash of clans for years now and all I can say is Clash of Clans is an engaging strategy game where you build, defend, and attack with a variety of troops. It's really fun to play and really addictive especially when it comes to clan wars. You can play with your friends, family, etc. Now my issue is on the builder base. I find it really hard to gain some elixirs and coins because for building and upgrading which is annoying. Please make an easier way to gain elixirs and coins.",4,2024-01-03 03:49:33,34,"['GAMEPLAY', 'SOCIAL', 'TECHNICAL']"
clash_of_clans,2024,"Well first off, i think the developers should add a system where you can attack your friends to see who is more stronger and to make it more fun. Anad of course you can only attack your friends if they are the same town hall level. Also when attacking your friends you wont gain any gold or elixir, because it is just for ""fun"". Secondly everything about the game is just fun. Lastly, it is a very relaxing game since i play the game to just pass the time. All in all a very great game.",4,2024-06-12 00:05:33,4,['GAMEPLAY']
clash_of_clans,2024,"Absolutely delightful strategy game with an engaging mix of base-building, resource management, and tactical combat. The frequent updates and events ensure the content stays fresh, guaranteeing hours of fun. Gameplay wise, there's plenty to enjoy, whether you're going solo or teaming up with clan mates to tackle bigger challenges. While it does offer in-app purchases, with a bit of patience, the game remains rewarding and fun without spending a dime. A definite 5-star mobile gaming experience!",5,2024-01-15 03:19:42,4,"['CONTENT & UPDATES', 'GAMEPLAY', 'MONETIZATION', 'SOCIAL']"
clash_of_clans,2024,"As a clan leader, I am very disappointed to see that clan war replays are no longer available through the entirety of the war details being visible. With the newest update, you can only watch war replays from the past few hours? Come on, Supercell. You make billions, and you can't afford some extra server space to have replays available through one single war. I've been playing since 2014, and it just seems to become more and more of a pay to play game. My interest is declining.",2,2024-02-28 00:26:58,2,"['CONTENT & UPDATES', 'MONETIZATION', 'SOCIAL', 'TECHNICAL']"
clash_of_clans,2024,"Imagine having a blast, being able to play a simple game, with ease while turning most of your brain off. This is an example of a great game, and what Town Hall 2-7 feels like. However; considering that the game develops into a major strategy game, it slowly gets less and less relaxing. This is a very well-developed game, but is hard to progress when most of the time, you wait for an upgrade for 5 days. If you only have a single game downloaded, Clash of Clans is optimal.",3,2024-02-29 14:56:03,1,['GAMEPLAY']
clash_of_clans,2024,"The game is all right in general, but they mess things up with updates. I was enjoying builder base side of it but they changed it. It's now a massive boring grind and not worth bothering with. The weekend raids are alright and base game is what it is, a long grind and pay to win, elements of fun in there. Just don't expect a reply from customer services with any issues with payments, they won't get back to you. The game pass is expensive and not worth it. Gd game to play while taking a dump.",3,2024-02-27 07:21:23,1,['MONETIZATION']
clash_of_clans,2024,"I love these game and as the latest version comes, i think, a lot of players find it more easy to upgrade 'cause of the cost and time reduction applied. I love all about this game except one thing...i hope they can increase the number of glowy ore given to the players by league because some players like me find it hard to obtain due to its low number.",5,2024-01-29 19:53:47,1,"['CONTENT & UPDATES', 'MATCHMAKING & BALANCE', 'MONETIZATION']"
clash_of_clans,2024,"The game went from super good for normal people to play to pay for winning in a sneaky way (like those sneaky goblins) by releasing too many equipments to heroes to upgrade and only way to compete in top just by buying and gemming the upgrades. And upon those, silencing the voices of content creators (that's some big brain moves) having an opinion that doesn't align with the supercell. Anyhow, it's a good game,and many memories are associated with the game. It's sad to see going down in history",3,2024-06-27 13:25:06,0,"['CONTENT & UPDATES', 'MONETIZATION']"
clash_of_clans,2024,"Absolutely smooth experience but over a long time, I just noticed one glitch in the game and it happens in clan games event. Whenever I start a mission in clan games, if I instantly start a battle after starting a mission, it doesn't register the progress. Then I have to do the same job again. That's the only thing I found as a bug or glitch. Thank you ❤️",5,2024-02-23 21:32:59,0,"['CONTENT & UPDATES', 'GAMEPLAY', 'SOCIAL', 'TECHNICAL']"
clash_of_clans,2024,"(June 2021) Awesome game! Feels like it is falling into a pay to win hole. But as long as it stays away from that hole, it will stay one of my favourite mobile games of all time. (Feb 2024) UPDATE: It is most certainly falling down the pay to win hole. Very slowly, but its happening. Still one of the best mobile games out there, but there doesn't seem to be any high effort, non cashgrab games at the moment.",3,2024-02-25 03:29:33,0,"['CONTENT & UPDATES', 'MONETIZATION']"
clash_of_clans,2024,"Certainly! ""Clash of Clans"" is a popular mobile strategy game where players build their own village, train troops, and attack other players' villages to earn resources and trophies. The game features a variety of units, buildings, and spells, allowing for strategic gameplay. With regular updates and a large player base, ""Clash of Clans"" continues to be one of the most successful mobile games, offering both casual and competitive gameplay experiences for players worldwide.",5,2024-03-01 16:33:43,0,['GAMEPLAY']
clash_of_clans,2025,"I used to have a 5 star review, but now this bug has been killing our clan for a month straight and has yet to be fixed. We used to have players always fill our clan, but out of nowhere, it suddenly stopped. Not a single person since then has joined. I think the Clan Notice just stopped working or something. I've even tried changing our clan settings, but still, nothing. Please fix this bug soon, others apparently have the same issue as me after doing some research.",2,2025-09-22 04:19:00,1197,"['SOCIAL', 'TECHNICAL']"
clash_of_clans,2025,"Started playing years ago. Still do but this game is slowly killing itself. The ""pay to win"" features are increasing every update. There's also more forgotten parts of the game that they just don't get rid of. ex: builder base can get maxed out in less than a year and then is just nothing. Clan base is newer and takes a little longer but just as forgettable when complete.",2,2025-06-08 00:22:01,1047,"['CONTENT & UPDATES', 'MONETIZATION', 'SOCIAL']"
clash_of_clans,2025,"How all multiplayer games should be! Great game to pick up whenever, no rush to do things at a set time and if you're attacked, no issue. Your buildings rebuild themselves and you get to collect some lost bounty back. After last update, mid way through every single fight, I get the network symbol and shortly afterwards, connection lost. I have no idea why as everything else works fine so has to be this app. It's getting very annoying now.",3,2025-07-19 09:34:27,539,"['CONTENT & UPDATES', 'GAMEPLAY', 'SOCIAL', 'TECHNICAL']"
clash_of_clans,2025,"I absolutely like this game. The graphics are unbelievable, the effects are cool, and all those events are really fun and thrilling to play. Updates are also massive, such as the removal of training time and upgrading time being lowered, Clash of Clans is back to the peak of the game. The only thing I want your developers to improve is the heroes upgrade. They are way too time-consuming and require a dedicated heart",5,2025-06-03 18:43:29,508,['VISUAL & AUDIO']
clash_of_clans,2025,"Good game but I have terrible internet connection. It's either happens when I'm attacking, building, or doing nothing. But that's not the issue, the issue is when I lose connection during a battle because if I don't finish putting down all my spells or troops I can't get full value which can make me lose a 3 star. This also happens during clan wars too. I go into battle, disconnect, takes one of my five attacks, then my clan mates get mad at me. This gets so bad that in fact, it works BETTER >🏙",3,2025-01-26 22:14:30,428,"['GAMEPLAY', 'SOCIAL', 'TECHNICAL']"
clash_of_clans,2025,"Clash of Clans has been my favorite game since childhood, and it still keeps me hooked. The gameplay, strategy, and regular updates make it worth playing even after so many years. However, I’ve noticed one issue — even after clearing the game’s cache, the storage space it takes up returns almost immediately. This can be frustrating for players with limited storage. Apart from that, it’s still my best game ever.",5,2025-08-09 23:20:12,4,"['GAMEPLAY', 'TECHNICAL']"
clash_of_clans,2026,"Great game! It has a very simple gameplay yet enormous strategies to use in the game making it fun and exciting to play. The updates are very much appreciated especially with the addition of the events and new townhall every few months or so. There are few bugs and lags on the server where I play for quite some time but not that bad, developers seem to fix it very quickly. I'll keep it 4 stars for future improvements.",4,2026-06-16 14:12:12,1928,"['CONTENT & UPDATES', 'GAMEPLAY', 'TECHNICAL']"
clash_of_clans,2026,"The Game is super fun to play. No bugs, no issues, no ads, no forcing for purchases and can be enjoyed by everyone. But this can be improved a lot by adding new features, strategies and customisation. Though all the structures are well designed there must be more customisation. I request the Supercell team to add these features if they understand me, then it will be one of the best games to ever exist!",5,2026-08-10 00:41:50,1881,"['CONTENT & UPDATES', 'GAMEPLAY', 'SOCIAL']"
clash_of_clans,2026,"U can't do July update on wifi! can't play at all July 2026. lost connection to server. can't do update. Do your damn updates in the play store like your supposed to. 5g will fix it, my tablet is screwed- UPDATE SUCKS. I started my clan over 10 years ago and the clan still has 20 members, about 6 that play all the time but don't do wars. WHY IS SUPERCELL IN MY CLANS CHATROOM TELLING PEOPLE THEY SHOULD LEAVE? We can't get the rude message out of the chat room, we tried. Disgusting.",1,2026-07-23 03:49:59,1206,"['CONTENT & UPDATES', 'SOCIAL', 'TECHNICAL']"
clash_of_clans,2026,"So recently, there's this card collecting event. And, I've just lost one duplicate card of super baby dragon when I requested to trade in the clan chat. I didn't even get a replacement of that card, instead, that card just disappeared out of existence. Neither do I see the card request in clan chat now, neither can I cancel the request, neither can I now get the card back. I've just lost the duplicate card which was supposed to be replaced. What the heck is this Supercell?",1,2026-08-04 22:14:24,1159,"['CONTENT & UPDATES', 'SOCIAL']"
clash_of_clans,2026,"The first 13 townhall levels are a good time and fun but after that the game turns into a massive waiting game resource grind. I'm currently at townhall 18 and each building takes 14 days to upgrade. Also the company is super greedy and poops on their high level loyal customers and showers new players in rewards and gifts. They only care about money and getting as much as possible from people, so why try and make loyal and long term customers happy when you can make new people paying customers?",2,2026-06-24 20:19:41,782,['GAMEPLAY']
clash_of_clans,2026,the game sets up loopholes that are unstoppable yet buries the people who actually try to fight in a fair and logical way. there's no fun in this game anymore which is sad since I've been playing since 2014.,1,2026-08-05 08:39:21,651,['GAMEPLAY']
clash_of_clans,2026,"why you hate me so much sc! just i got lost connection in league! with 0℅ demage! week ago, you demoted my account from l1 to l2 with 5132 trophies! not making sense! i report the issue, no fixing at all! the game now just full of bug! and bug! if there's a chance for me to gibe you no star i will do it!",1,2026-09-11 20:16:03,511,"['ACCOUNT & SUPPORT', 'MATCHMAKING & BALANCE', 'TECHNICAL']"
clash_of_clans,2026,"Latest update gave warden a bug, when the warden is about to jump a wall, and is hit by a spring trap, it gets stuck. hopefully its fixed asap, thanks.",1,2026-09-01 22:10:09,508,"['CONTENT & UPDATES', 'TECHNICAL']"
clash_of_clans,2026,1star Rating till you fix Special Event troops. I didnt get 10×Super Witch during Skeleton Event. Now I dont have 10×super Dragons in normal attacks. What kind of messed up bug is this that only affects me. I think this the 2nd strike and if this happens again I delete CoC. Its frustrating to see this happening to me alone.,5,2026-07-01 04:58:53,506,"['CONTENT & UPDATES', 'TECHNICAL']"
clash_of_clans,2026,"I love this game. The strategy and building your base are fulfilling, and there are so many strategies for fun attacks. I mean, I don't have to tell you it's a great game. My only complaint is the lack of different free items. It's been glowy ore every time and it's only 10. Ore in general needs work, especially the glowy and starry. Edit* adding new equipment that's good. I spend time and money on making it better just for you to nerf it is extremely aggravating and unfair. STOP DOING THAT.",3,2026-05-03 19:23:27,389,"['GAMEPLAY', 'MATCHMAKING & BALANCE', 'MONETIZATION']"
clash_of_clans,2026,"I love this game, but I am growing to resent the team. You are running this company like fame-hungry toddlers. Multi millions of dollars and you can't even get programmers that have any idea what they are doing or proper playtesting to ensure the player base (the people that pay for you to live the nice lives you live) can actually play the game and enjoy it without game breaking or disheartening outcomes due to glitch after glitch after glitch. It's truly embarrassing.",5,2026-09-01 15:28:12,209,"['MONETIZATION', 'TECHNICAL']"
clash_of_clans,2026,"I am insanely happy to hear that you will not be adding any loot based chest into the game. Hearing this in Judo Sloth Talks, knowing the game will never be a pay to win game or get a chance based rewards with money. That is more than enough to make me love the game more.",5,2026-07-11 00:00:25,171,['MONETIZATION']
clash_of_clans,2026,Whats with the revenge. You only get the same amount of loot that the other person looted from you. Its totally BS. No wonder people never plays this now. The time reduction and zero training time are amazing updates but this is like the game was going up and suddenly take a bad turn.,1,2026-08-19 17:03:40,152,['GAMEPLAY']
clash_of_clans,2026,"This is my third account this game is so AWESOME!!!! Did not think this game could get any better than it did!!! Love tue new version. Tye ship was great idea. Things could always be better ( like making the giants turn and fight when they are being attacked by hero or troops from clan castle ) just a thought! This game is worth the time and never gets old. Always something to look forward too completing. If you have not tried, what are you waiting for. LOVE THIS GAME! CLASH FOREVER!!!!",5,2026-06-24 02:02:00,141,"['ACCOUNT & SUPPORT', 'CONTENT & UPDATES', 'GAMEPLAY', 'SOCIAL']"
clash_of_clans,2026,"I started the game recently again, after a 1 star review I left last time I'm surprised to say, the game feels fresh and more fun to play, might be the time events? Definitely not the second village that's worst than old clash of clans but idk how to explain it, maybe the new rank system? I'm having so much fun playing the game nowadays.",4,2026-07-23 13:06:51,112,['MATCHMAKING & BALANCE']
clash_of_clans,2026,"""Fair"" leagues is an absolute lie, you play all the time vs 1 townhall above you atleast, th9 must face th10 bases with inferno towers and the th10 uses sieges. for example, so you wasting your time trying to play fair as this game is NOT fair unless you the townhall above but then they place you vs townhalls above that one too. so LEAGUE is useless for this game.",1,2026-08-13 02:28:22,100,['MATCHMAKING & BALANCE']
clash_of_clans,2026,Absolutely love this game and I'm hooked! Here's some things i would love to see in the game though..Could you make it more interactive like with clash royale where you could leave messages to compliment bases when you lose etc. Could you do more themes like with valentines day or daily rewards? Where you can get boosts etc. Can you play against your own base and see how you fair against yourself to test it? And also let there be more challenges in the main world. Save drafts when wifi lags.,4,2026-02-26 02:24:34,79,"['GAMEPLAY', 'MATCHMAKING & BALANCE']"
clash_of_clans,2026,"I love the game but it would be great if you can donate elixir, dark elixir and gold to your clanmates and friends for when you have too much and they are struggling. It would just make it alot better and you'll be able to help your friends. It would also be cool if you could help your friends finish research or buildings faster.",5,2026-05-30 16:07:30,78,"['ACCOUNT & SUPPORT', 'GAMEPLAY']"
clash_of_clans,2026,The game has been improving every update. The dev team is doing a great job. It's still not perfect. I think some things in the game can still be improved.,5,2026-07-20 00:37:24,72,['CONTENT & UPDATES']
clash_of_clans,2026,"great game, horrendous support. Can't access my village, have literal matvhing IDs, achievements, drvicr history, name, everything",1,2026-08-08 00:40:48,72,['ACCOUNT & SUPPORT']
clash_of_clans,2026,"This used to be a fun game, but Super Cell has embraced vibe coded AI slop and the game is now full of bugs and new features that don't work. So instead of fun, you're now constantly annoyed.",1,2026-07-16 14:36:45,58,"['CONTENT & UPDATES', 'GAMEPLAY', 'TECHNICAL']"
clash_of_clans,2026,"Clash of Clans is an amazing strategy game that still stands at the top of its genre. It offers a perfect mix of base building, attacking strategies, and teamwork through clans. Regular updates and new events keep the game fresh and exciting. The graphics are simple yet appealing, and the gameplay is smooth. Features like Clan Wars and Clan Capital make teamwork even more fun and engaging. The best part is that even as a free-to-play game, you can still progress with skill and strategy.",5,2026-04-01 01:00:23,53,"['GAMEPLAY', 'SOCIAL', 'VISUAL & AUDIO']"
clash_of_clans,2026,"Really interesting game. Goofy characters interest the mechanic. It's like Boom Beach but with a main difference. I guess there were more bugs years ago. But as of now, I'll rate it 4 stars. Because no matter how good the base is. Someone at some point always manages to break into the base, which is very pointless, but you do the same as the others.",4,2026-03-27 10:39:43,49,['GAMEPLAY']
clash_of_clans,2026,"ranked mode needs to be fixed, I lost connection originally on my 5th ranked attack & obviously ended losing that one, then the 6th attack started with me losing because the game was out of sync somehow, & I can't even redo my own ranked attacks since this happened!",1,2026-07-29 03:13:06,48,"['CONTENT & UPDATES', 'GAMEPLAY', 'MATCHMAKING & BALANCE', 'TECHNICAL']"
clash_of_clans,2026,"I love clash but there is a serious issue where it will kick me out and say please reload game due to network issues. There is nothing wrong with my network, and it's very frustrating when you're trying to go to attack and war and it just tells you to reload so you don't get your attack off... help me fix that and I'll give you a five stars. update 5-17-26: it's getting worse and it crashes on launch this is a newer phone but I'm not having any issue on my PC playing it...",1,2026-05-18 14:57:36,47,"['CONTENT & UPDATES', 'GAMEPLAY', 'TECHNICAL']"
clash_of_clans,2026,"Honestly brilliant game, good thing to pass the time. Management is fun, upgrading is satisfying, and it's f2p friendly. I'd rate it 5 stars if it weren't for builder base. It adds almost nothing to the actual game besides gear ups and an extra builder, and managing it and attacking feels more like a chore than fun. I recommend you add more features to make it more involved with the clan and main base, something to make it feel like a part of the game as opposed to a separate extra useless thing",4,2026-04-23 00:59:04,47,['SOCIAL']
clash_of_clans,2026,The new league system should be separate from star bonus perks. Bring back the old trophy system. Supercell also needs a better management system for obstacles! There's no justifiable reason why obstacles should stop spawning based on how many obstacles are in the stash. It's such a hidden mechanic that's not disclosed.,1,2026-05-06 21:57:56,46,"['GAMEPLAY', 'MATCHMAKING & BALANCE']"
clash_of_clans,2026,"Everything in this game is good just one thing cant we use our hero while we upgrade them. Like you can make them look they are training and once we took them battle during the training time just cut the time we use them, man it will really really help us enjoy the game more",5,2026-07-15 19:54:18,42,"['CONTENT & UPDATES', 'GAMEPLAY']"
clash_of_clans,2026,"I was having a perfect run on the ranked attacks and suddenly the app restarted, due internet connectivity problems. it didn't even let me join the last attack. I hated this new trophy mechanism, but this is absolutely unacceptable. fix the damn server or atleast bother to give the option to join the active attacks to players. Don't implement new system if you don't know how to handle it.",1,2026-04-09 11:59:19,41,"['GAMEPLAY', 'MATCHMAKING & BALANCE', 'TECHNICAL']"
clash_of_clans,2026,"The game is overall great but I still do not understand why the battles end when the player loses connection to the game. I know that the battles are pre-determined as the players take action deploying troops, spells and siege machines, but it is illogical to immediately end a battle even though there is time left for the player to commence the attack, while they are disconnected. I believe this is the sole issue I have found in the game.",5,2026-04-10 06:11:58,40,"['GAMEPLAY', 'TECHNICAL']"
clash_of_clans,2026,"Good solid classic city building war strategic game. Unlike other games in the same genre, it's easier to comeback to and the game isn't pushing you to be hyper competitive just to survive. You can play at your own pace as casual player and you won't lose everything you've worked for. Edit: They thankfully fixed the journey rewards, since I finally got Royal Champion chest that's bugging just because I wasn't online when I reached it.👍❤️",5,2026-09-14 23:31:08,40,"['GAMEPLAY', 'MATCHMAKING & BALANCE', 'SOCIAL']"
clash_of_clans,2026,"⭐⭐⭐⭐⭐ Best Game Ever! Clash of Clans is honestly one of the most addictive and strategic games I’ve ever played. The graphics are smooth, the gameplay is super engaging, and there’s always something new to do—whether it’s upgrading your village, attacking enemies, or joining clan wars. The best part is the teamwork. Playing with clan members, planning attacks, and winning wars together feels amazing. The game also keeps getting updates, so it never feels boring. Controls are simple",5,2026-04-06 01:48:02,40,"['GAMEPLAY', 'SOCIAL', 'VISUAL & AUDIO']"
clash_of_clans,2026,They added too many stuffs into the game. As an older player who returned I feel overwhelmed.,1,2026-07-07 11:38:37,38,"['GAMEPLAY', 'SOCIAL']"
clash_of_clans,2026,"Clash of Clans is a really fun and well-made game. It’s focused on grinding and taking your time, which is actually the whole point of it. The game is entertaining, time-consuming, and enjoyable without feeling unfair. It’s also great for free-to-play players since you can progress without needing to spend money. The game does a good job of guiding you at the start instead of throwing you into confusing mechanics. Overall, it’s a solid, well-balanced game that has only gotten better over time.",5,2026-04-18 06:20:23,38,"['MATCHMAKING & BALANCE', 'MONETIZATION']"
clash_of_clans,2026,"My favorite game is clash of clans. I don't play any other game except clash of clans game. My Town hall - 15. All the updates that you are bringing in the game are very good but new and old things should be given. For example -Equipment, hero skin, all these things are available from the shop. And make the base a little bigger so that it can hold more things.",5,2026-06-12 03:48:36,37,"['CONTENT & UPDATES', 'VISUAL & AUDIO']"
clash_of_clans,2026,"This is the best game I have ever played. There are many things to do in it, but it always feels like some thing is missing, which is that the game feels empty, and to fill in the emptyness, the develpers shall make the game a little like clasha-rama. where the base is not the only thing to interact with. And by that I mean to add some lore to the game. As i know that only one revive is not enough for a huge update, but still I hope for good, and also to know what's behind the welcoming forest.",5,2026-05-01 15:40:51,35,['CONTENT & UPDATES']
clash_of_clans,2026,"I have been playing this game since 2019. Although this game gave so much happy memories. The game has changed Alot since these years But some animations and instability of server have annoyed me so much. I have changed my device many times Whether its Oppo f21 pro , an old android or a Good PC, you still get that Dawm ""Client-server disconnected"" and ""Connection errors"". Even if u get connection error at the end of your ranked battle, your attack is counted and you get 0 trophies. FIX PLZ!!!",4,2026-08-12 00:38:04,34,"['GAMEPLAY', 'MATCHMAKING & BALANCE', 'TECHNICAL']"
clash_of_clans,2026,"“Clash of Clans is a really fun and addictive game! The experience of designing a base, training troops, and waging war with clans is great. The graphics are beautiful, the sound effects are good, and there are regular updates. However, even with a high-level Town Hall, sometimes it is difficult to attack due to the low trophies. It takes time to upgrade, so patience is essential. If you play patiently, it is definitely a very enjoyable and one of the best strategy games.”but so Network problem.",5,2026-08-13 16:40:36,33,"['GAMEPLAY', 'VISUAL & AUDIO']"
clash_of_clans,2026,"Having multiple ore types to upgrade Hero Equipment is a major progression bottleneck. Each ore is difficult to earn and the rewards are often unpredictable, making upgrades feel slow and frustrating. It makes upgrades feel restrictive and pushes the game toward a pay-to-win model.",2,2026-07-16 23:56:50,33,"['CONTENT & UPDATES', 'GAMEPLAY', 'MONETIZATION']"
clash_of_clans,2026,Slow loading and always crash or close app.,5,2026-09-12 01:08:29,32,['TECHNICAL']
clash_of_clans,2026,I had been playing it for almost 10 years...and this is my fav ever. But the real issues are the upgrade...they are too much lengthy and it would just shake your head. I really want Supercell to reduce the upgrades and limit to max 5Days...not more than that.I am giving it 5 stars because the whole gameplay amazing...it gives an addictive and attractive gameplay..and the best thing it wouldn't hamper your studies because it takes max. 10-15 mins to do everything you can do at once u open it.,5,2026-07-01 17:53:20,32,['GAMEPLAY']
clash_of_clans,2026,"Game has become too complex, so many bases and so many places to click. if blacksmith resources are full, what to do with them? capitol gold is full, no more upgrades. you should delete capitol and builder base and get something new now.",1,2026-05-30 08:47:50,32,"['CONTENT & UPDATES', 'GAMEPLAY']"
clash_of_clans,2026,"Well.... there is much to say about this game. I am really enjoying the game. Good troops, good mechanics, Bunch of clubs to join, also good upgrades. But there's one thing I bit dislike. except gold storage, gold mine, clan castle, and laboratory, all the other resources including walls require Coins for upgrade. For upgrades, Elixir is used very less times. Nothing much, overall the game good and enjoyable . 😊😁",4,2026-05-02 14:50:39,31,['SOCIAL']
clash_of_clans,2026,"FANTASTIC, it was like 2 yrs ago since I played and it is INCREDIBLE the U.I. has changes and it is great to see that training no longer needs time!! I would really like it though if we allowed to have pre-reserved upgrading, to balance it, it would cost a little more than the specified amount to reserve an upgrade. Anyways, remember to not focus on rushing (I'm talking to THOSE players, no offense) and it is not about the progress.. it is about the people we met. HAVE FUN!!",5,2026-05-25 21:57:50,31,"['MATCHMAKING & BALANCE', 'MONETIZATION']"
clash_of_clans,2026,"Ever since the recent updates, I constantly get the ""Client and server are out of sync"" pop-up. I have cleared my cache and checked the play store, but there are no new updates available. It incredibly frustrating to get kicked out in the middle of managing my base. Please fix your servers!",2,2026-05-17 20:44:00,31,['TECHNICAL']
clash_of_clans,2026,"Absolutely love the game, have been playing it since launch. Recently tho the gameplay has been annoying, it's like if you don't play all the time then you won't get anywhere. I love the new attacking and ranking system, accept for if I don't do my ranked attacks, I get demoted and if I don't sign up, I also get demoted. Sometimes I just wanna play without having to worry if I have to attack or not. Everyting else is great, but that one feature makes it not be a 5 star for me.",3,2026-04-07 04:57:28,30,"['CONTENT & UPDATES', 'GAMEPLAY', 'MATCHMAKING & BALANCE']"
clash_of_clans,2026,"Clash of Clans is one of the best strategy games I have ever played. The game offers a perfect mix of village building, resource management, and exciting battles. I really enjoy participating in Clan Wars and Clan Games with friends. The developers continue to add new content and improvements, which keeps the game fresh and interesting. The graphics are great, the matchmaking is fair, and there are many ways to progress even without spending money. Highly recommended to anyone who loves strategy",5,2026-06-30 09:53:38,29,"['CONTENT & UPDATES', 'GAMEPLAY', 'MATCHMAKING & BALANCE', 'SOCIAL', 'VISUAL & AUDIO']"
clash_of_clans,2026,"The experience lasts about 5-15 minutes because of attacks, but their purpose of the game is to upgrade and you can upgrade about 6 things at a time. by the time you unlock the 4 builder each building takes 1 to 3 days. I have never had the game crash. However, it does require internet or Wi-Fi, I do not know which. I always get the two mixed up. there are no advertisements. You can buy items in the game with real world currency, but it is only cosmetics and basic loot, like coins.",4,2026-06-24 12:12:03,29,"['MONETIZATION', 'TECHNICAL']"
clash_of_clans,2026,"This game has action, lore, and all in between which is why I love playing this game so much! it's a game with basic rules that makes it easy to pick up and play which makes the experience even more enjoyable! You get to explore different worlds, while battling difficult enemy kingdoms in a click to drop style! In conclusion I'd recommend anyone and everyone to play Crash of Clans! Thank You for listening!",5,2026-06-06 06:02:05,29,['TECHNICAL']
clash_of_clans,2026,"Super fun Game! Play it for years now and it never gets boring. But you could reduce the wall upgrade costs especially at higher townhalls. And a nice feature you could add is that you can leave messages or emotes when the battle is over (like in clash Royal). I very like it that there are so many events, gold pass and star bonus because this keeps the game fun to play. And also that you guys care about the community of the game so much.(example: Elephant Rider)",5,2026-08-25 05:49:19,29,"['CONTENT & UPDATES', 'GAMEPLAY', 'SOCIAL']"
clash_of_clans,2026,Coc crashed 1 every 4th or 5th attack and it is in the middle of the attack. What happened to COC?. The app is crashing?. I have a gaming phone called Tecno pova 5 pro with 8+8gb ram. How is that even possible?. My phone or the COC itself is the problem?.,2,2026-09-06 16:03:57,28,['GAMEPLAY']
clash_of_clans,2026,"Used to have a 5 star review here. But random disconnecting issues are so frustrating. when you lose connection during a battle, even if it's just because your device is switching networks, which mind does even when I have ""good signal"" i cannot reconnect to my attack even though the game knows it's ""still going"" because I can't start another. when this hop ends during Clan war or a ranked attack, it's really frustrating and there's not anything you can do about it. please fix!",1,2026-05-22 08:57:27,28,"['GAMEPLAY', 'MATCHMAKING & BALANCE', 'SOCIAL', 'TECHNICAL']"
clash_of_clans,2026,"An amazing strategy game. Being at Town Hall 11 right now, it's very fun. Barb King and Minion Prince are tanky Heroes and good w/ Puppets equipment. Good pair for Town Hall 9 and 10. EDIT: Restarted the game for the new update. I can't do everything in it yet, but the Spring Trap rework is a lot better, and my current Town Hall 11 base is somewhat maxed. Summer Jam looks great this year! Stop hating the Puppets, summoning armies are OP if you know how to do them.",5,2026-07-11 10:03:05,27,"['CONTENT & UPDATES', 'GAMEPLAY', 'MATCHMAKING & BALANCE']"
clash_of_clans,2026,"COC is still the best game by Supercell. It is so engaging even after so many years. Removing training time and healing for heroes, easier and more variety of attacks, reducing building costs and durations, everything has been great for the home base. The p2w equipment for heroes are good, but they're not compulsory. I hope they make the builder base a bit faster, too.",5,2026-05-14 12:49:48,27,['MONETIZATION']
clash_of_clans,2026,"The game is fun and challenging: graphics, environment, warriors, and heroes are excellent. The game needs a strategy to destroy enemy bases. The training times have been removed, which is why attacking is more frequent now, but reducing upgrade times would reduce the time of waiting, and cheaper upgrade costs, especially spending with gems, could enhance the experience of every player. I hope this game will have an invitational challenge where you can search and invite any player in the game.",4,2026-08-13 11:15:15,26,"['GAMEPLAY', 'VISUAL & AUDIO']"
clash_of_clans,2026,perfect game. on town hall 12 and so far I have no complaints. I do have a recommendation though. I wish there was a queue for upgrading stuff. it would start a new upgrade from the top of your requested list to the bottom. it wouldn't use resources until the upgrade actually starts so that way if you change your mind and want to switch you can. great game!,5,2026-06-05 13:08:16,26,"['CONTENT & UPDATES', 'GAMEPLAY']"
clash_of_clans,2026,"The game was good. First, when most new players are playing it at the first time, they will thought, it's just about attacking, building, and making clans. No, it's not about all that, because Clash of Clans offers a fun gameplay, here you can strategize, make planning. This game will further enhance your ability to strategize things before you attack, because this game is all about planning and knowing how to execute the plan. Overall, good game, good graphics, and not laggy. 5 stars.",5,2026-04-17 14:46:13,26,"['GAMEPLAY', 'VISUAL & AUDIO']"
clash_of_clans,2026,"Don't be deceived, it's a mobile game. It used to be one of my favorites, but it has steadily gotten worse over the years. edit: don't bother",1,2026-09-09 09:44:36,26,['GAMEPLAY']
clash_of_clans,2026,"I loved this game. but the supercell team is ruining it. squeezing the golden goose. instead of making it more fun, they make you HAVE to play to keep up, or spend money. money used to buy short temporary advantages. but now 1 purchase after an update gives a 1 year advantage. unfair. there are entire op temp defenses always, that free players can't upgrade. lists of more issues. op spam. i will edit this if fixed. otherwise I'll be quitting soon. after 12 years playing daily. its real bad.",1,2026-05-06 17:57:45,26,"['CONTENT & UPDATES', 'MATCHMAKING & BALANCE', 'MONETIZATION']"
clash_of_clans,2026,"IT'S THE BEST GAME. I love it so much, the updates, the animation, the attacks and the small details in scenery. gosh I feel like the only thing I don't like is the waiting to upgrade but I don't mind it that much in fact don't change it heh. and then I very much love the developers and the production team and others. I'm also wondering what is going on inside the builder hut, real ones know. Lastly, this game is just... so big and has so many functions, I love it and words cannot express it.",5,2026-05-26 17:01:20,25,['VISUAL & AUDIO']
clash_of_clans,2026,Wow. builder base now is 50% off lmao. My builder base was maxed last year. Haven't touched it. but yeah let's offer half off all upgrades when most cannot upgrade anything. Many don't even like the builder base. I liked it before it was changed. money money Money fiends. I've had clash of clans for a little over 10 years. I still have the 5th anniversary cake and 6th and so on in my village. New update sucks. Makes no sense. I will not be playing as much now unfortunately.You suck Supercell.,1,2026-05-17 21:39:31,24,"['CONTENT & UPDATES', 'MONETIZATION']"
clash_of_clans,2026,"it's a very addicting, fun and engaging game that I love to play. I do not mind the upgrade wait times. it gives me something to look forward to. the only issue im having and the reason for the 4 stars is that the game keeps crashing every now and then. I'd get to the loading screen and then the moment I see my village, boom it closes me out. it infuriates me so much. I've cleared the cache, data and even uninstalled and reinstalled this game so many times. I don't wanna give up on this game.",4,2026-05-19 04:35:07,23,['TECHNICAL']
clash_of_clans,2026,"⭐⭐⭐⭐⭐ Clash of Clans is one of the best mobile games ever made. Even after taking a long break, I came back and instantly got hooked again. The progression is rewarding, the strategy is fun, and there is always something new to achieve. Supercell continues to add great updates, events, heroes, and features while keeping the game enjoyable for both new and veteran players. A true classic that never gets old. Highly recommended!",5,2026-06-08 00:33:58,23,['GAMEPLAY']
clash_of_clans,2026,"this game is great but it will be better if there's a button where i can search for players and fight them if we are same level, also please make sure that no one base lvl 10 fight lvl 9, also it be better if for example town 10 advanced not fighting town 10 that already reached town 10 and thanks.",5,2026-05-26 18:56:23,22,['GAMEPLAY']
clash_of_clans,2026,"have been playing Clash of Clans for more than 2 years and have spent a significant amount of money on the game. However, I frequently face a frustrating issue during attacks. Sometimes, in the middle of an attack, the game suddenly shows a ""Network Error"" message and forces me to reload. When I return, my attack is often ruined, resulting in lost trophies, loot, and war performance. My internet connection is stable, and this issue has happened multiple times. Please investigate and fix this bu",1,2026-06-25 14:31:36,22,"['GAMEPLAY', 'SOCIAL', 'TECHNICAL']"
clash_of_clans,2026,"There was a time when I stopped playing for a few years, but somehow I always found my way back. That's what makes Clash of Clans special. It never loses its charm. Every time I return, there's something new to explore while the nostalgia remains the same. Building my village, fighting alongside my clan, and watching the game evolve over the years has been an amazing experience. Thank you, Supercell, for creating a game that keeps bringing players back, no matter how long they've been away.",5,2026-07-06 16:36:36,22,['SOCIAL']
clash_of_clans,2026,"This game is amazing, and I've been playing it since release. I've enjoyed it a lot over the years, but there's one issue during CWL (Clan War Leagues). My clan only has seven active members, so when CWL starts, we can't participate in regular wars and it reduces the amount of content we can enjoy. I think the game would be even better if regular clan wars could run alongside CWL, allowing smaller clans to keep playing and having fun during the CWL season.",3,2026-06-17 22:18:42,22,"['CONTENT & UPDATES', 'SOCIAL', 'TECHNICAL']"
clash_of_clans,2026,"Clash of Clans is interesting, and we get upgrades frequently. However, there is an issue: right after my Wi-Fi connects to another network, the game stops working instantly. The game should work for at least five seconds, or not disconnect immediately after changing networks, because it ruins my attack.",4,2026-07-23 21:14:33,22,"['GAMEPLAY', 'TECHNICAL']"
clash_of_clans,2026,"The game is awesome no negative feedback. The only thing I would appreciate a little more is if the time to train our arms was reduced a little to keep me playing a little longer, other than that great game.",5,2026-07-17 00:24:57,21,['GAMEPLAY']
clash_of_clans,2026,"My all-time favorite game from Supercell! I've been playing Clash of Clans on and off since 2014—came back in 2019, 2023, and now again in 2026. Every time I return, there's always something new, exciting, and fun to explore. The constant updates, upgrades, and fresh content keep the game feeling alive. After all these years, it's still one of the best mobile games ever made!♡♥♡",5,2026-06-14 03:54:02,21,['CONTENT & UPDATES']
clash_of_clans,2026,"A lot has changed since 15-20 years ago, kinda chaos on the map, maybe it is my age or maybe my preferences have just changed but the updates seem to make it worse than better for me... it is not as fun anymore and game feels like a choir. balancing is off too, like 80% struggle to score 75% while others using lower lvl units and get 100% each time... something somwhere went wrong. Good luck to developers and company though.",1,2026-05-26 22:55:12,21,['CONTENT & UPDATES']
clash_of_clans,2026,"This new catch-up mechanic just took a mightly bite out of the active player base. I shouldn't have to miss out on thousands of ores because I spent time and money upgrading my heros. I may have nearly maxed hero levels, but I still have over a year before I could have my equipment maxed if I kept up my same activity level (though that is only if there was no more equipment added). Supercell, please listen to the community and do something about this.",1,2026-06-17 01:47:33,21,"['CONTENT & UPDATES', 'GAMEPLAY', 'SOCIAL']"
clash_of_clans,2026,"The game is pretty good and enjoyable overall. However, there is a major issue with the servers. The game experiences server errors multiple times a day, which makes it frustrating to play. I hope the developers improve server stability and fix these issues as soon as possible. If the server problems are resolved, the game will be much better",3,2026-06-16 02:22:10,21,['TECHNICAL']
clash_of_clans,2026,"“Since the ranked battles were introduced, this game has become much worse. It used to be fine before, but now it has become very hard. As soon as I reached Town Hall 15, I started getting matched with maxed Town Hall 16 players, and getting 3 stars against them has become extremely difficult. On top of that, today I did an attack where it showed a network issue at the start, then it got fixed and I actually got 3 stars. But when I checked later, it showed 0%, which is really frustrating.”",1,2026-04-21 20:54:46,20,"['GAMEPLAY', 'MATCHMAKING & BALANCE', 'TECHNICAL']"
clash_of_clans,2026,"You should be able to use heroes while upgrading them. Same with pets. What's even the point in upgrading them if you can't use them. I've been in TH14 for the last 3 months, and for all that time, I couldn't use all of my pets or my heroes because of upgrades. I've already maxed all of the other buildings, and I'm still upgrading heroes and pets. And if I upgrade the TH, I'll be welcomed with more heroes and pet upgrades, so it never ends. It's ridiculous.",1,2026-05-19 13:58:04,20,['OTHERS']
clash_of_clans,2026,"It's a really fun time killer. I really thought this game would be very simple, just farm, attack, upgrade and repeat. But as soon as I progressed, the more and more I realized that this game uses tactics and strategies, something I gradually improved. Overall, really fun game, would highly recommend. P.S. pls reduce wall upgrades .",5,2026-04-14 22:42:34,20,['GAMEPLAY']
clash_of_clans,2026,"It's amazing—I've been playing it for years, and it's truly one of the best games. The only thing that disappoints me is the changes, especially the trophy system, which has become much worse. I hope Supercell brings the trophies back to how they were in the early days. Other than that, the game is absolutely fantastic. Thank you, Supercell!",5,2026-07-13 12:55:20,20,['MATCHMAKING & BALANCE']
clash_of_clans,2026,"This game is AMAZING. I got it thinking it was a rage game, and after playing it for only like 3 days its not a rage game at all! I've never gotten mad at the game despite losing alot of raids. I love the fact that you lose nothing for mistakes. The system of upgrades and levels are amazing as well. I love how they've made the levels always look different making every upgrade feel worth it. Overall if anyone is reading this to see if they want to download it, you definitely should now!",5,2026-07-29 00:42:52,19,"['GAMEPLAY', 'MATCHMAKING & BALANCE', 'VISUAL & AUDIO']"
clash_of_clans,2026,"I love clash but there is a serious issue where it will kick me out and say please reload game due to network issues. There is nothing wrong with my network, and it's very frustrating when you're trying to go to attack and war and it just tells you to reload so you don't get your attack off... help me fix that and I'll give you a five stars. update 5-27-26: it's getting worse and it crashes on launch this is a newer phone but I'm not having any issue on my PC playing it...",3,2026-05-28 11:54:25,19,"['CONTENT & UPDATES', 'GAMEPLAY', 'TECHNICAL']"
clash_of_clans,2026,"I started playing this 10 years back, it was a good game back then. Now too many updates every few days with bugs as well. I am a clan leader, earlier the clan used to be full 50 in no time as soon as someone left , there used to be many people who used to join. Around 6 months back there was a so called upgrade, I don't know what they did, after that new people are not joining at all. frequently I keep getting a message that I should find a new clan and leave this. bugs in clan war points, etc",2,2026-05-02 16:03:12,19,['SOCIAL']
clash_of_clans,2026,"The new rank update is nice, but please let us reconnect if the game crashes, I drop some troops and suddenly the game crashes, I log in in just 5 seconds and I can't go back to the attack already? I can probably still 3★ that base or surely 2★ but you know what? it's just 0★ can't do anything about it even I suppose to have 2m and 30s left. It's a big game and it doesn't have reconnect feature for almost 14 years now.",1,2026-07-01 10:19:48,19,"['ACCOUNT & SUPPORT', 'CONTENT & UPDATES', 'GAMEPLAY', 'MATCHMAKING & BALANCE']"
clash_of_clans,2026,"it's alright, I guess. the visuals are pretty good and I like the multiplayer and the chat in the teams. the loading screen takes WAY too long, I'm on a time limit; hurry TF up 🙄. updating the app could be its own horror movie, it's an awful experience and takes way too long. at least there wasn't really any in-game ads. whenever I try to login or update it, my music always paused and it randomly lags. I know it's not my Internet/wifi.",3,2026-05-27 07:46:16,19,"['ACCOUNT & SUPPORT', 'CONTENT & UPDATES', 'SOCIAL', 'TECHNICAL', 'VISUAL & AUDIO']"
clash_of_clans,2026,"In all my years of playing this game, I thought it was a fantastic game. I re-download the game after a few years of not playing, but unfortunately the game is full of bugs. The developers have taken a brilliant game and broken it. Everytime they bring out updates and patches for previous faults, they introduce more faults like the game crashing when you try open the game. So said to see Supercell going downhill fast.",1,2026-05-12 19:14:42,19,"['GAMEPLAY', 'TECHNICAL']"
clash_of_clans,2026,"Still not a fan of ranked, make it a seperate trophy system and bring back the old Bronze-Champion type of system. Ranked is cool but If I want to hit titan I should be able to attack as much as I want in order to do so. This tournement style is kind of cool, but once again it needs to be its own style of system. I had like 3500k Trophies and now Im getting back into the game stuck in a ""rank"" with TH10s, of course Im going to steam roll them. Fix this!!",1,2026-06-30 17:54:56,19,"['GAMEPLAY', 'MATCHMAKING & BALANCE']"
clash_of_clans,2026,"I used to love this game like yesterday, then they came out with this dumbass update. I was titan and now im not even halfway through the rank system because they changed the whole system. as an OG clash player this update was a mistake.",3,2026-09-15 02:22:38,19,"['CONTENT & UPDATES', 'MATCHMAKING & BALANCE']"
clash_of_clans,2026,"I’m honestly fed up with Clash of Clans at this point. I’ve been playing this game for more than 10 years now, and it’s really disappointing to see these kinds of issues still happening. Lately, almost every time I start an attack, the game throws some random error and just crashes. By the time I log back in, my attack is completely ruined. This isn’t a one-time issue — I’ve faced this at least 10–15 times now. It’s extremely frustrating.",1,2026-05-01 00:47:53,18,"['GAMEPLAY', 'TECHNICAL']"
clash_of_clans,2026,"This is, without a doubt, the best mobile game I have ever played, and I have been playing this game for about 6 years. The best part NO ADDS and you don't have to pay to win. Solid strategy, great scenery and good sound 👌 The first part was my review for around 2019. The game was updated dramatically and I still played along. But they have abandoned COC Clan Capital and Builder base hasn't been updated in waaaay too long. My experience level is 239 and I enjoyed this game. But it's empty now",1,2026-04-23 04:03:01,18,"['GAMEPLAY', 'MONETIZATION', 'SOCIAL', 'VISUAL & AUDIO']"
clash_of_clans,2026,"good game play & graphics. awesome hero skins lately. but the problems I want you guys to change in the game is to allow a rejoin option if players get disconnected anytime in between the attacks, make sure that bug problems are minimal. A few months back, I was almost about to have a perfect record for cwl in which after logging in, I played a few multiplayer battles to ensure my network is working fine, but just when I started my last war attack, it suddenly got me disconnected & ruin my hit.",3,2026-07-13 03:28:06,18,"['CONTENT & UPDATES', 'GAMEPLAY', 'SOCIAL', 'TECHNICAL', 'VISUAL & AUDIO']"
clash_of_clans,2026,"Please consider adding a reconnect system for War attacks. If someone gets disconnected because of a bad connection, they should be able to continue the same attack if they reconnect within 2 minutes. Losing a War attack because of a short disconnect feels really unfair, especially when the attack was going well. I hope this can be added in the future !!",2,2026-07-19 10:28:32,18,"['GAMEPLAY', 'TECHNICAL']"
clash_of_clans,2026,"CoC is the typical game of upgrading your upgrades, and that takes forever. You're eternally improving your village for nothing. After reaching Town Hall 10, your village becomes so cluttered with junk that it loses its purpose to plan the layout and how everything will work. Attacking another village simply becomes pointless, and it becomes more advantageous to leave your village idle to farm resources with less effort and faster growth. As I did, don't waste your time on that!",2,2026-05-28 01:42:00,18,"['GAMEPLAY', 'TECHNICAL']"
clash_of_clans,2026,"This is my first time playing the game but I've been aware of its existence for years (just didn't have the time to actually play it), and so far the experience have been fun— the game is easy to navigate. For now, I'll give the game four stars since I believe there's always more room for improvement. Kudos developers for a job well done. Keep up the good work (and more store codes hehehe)!",4,2026-06-12 12:57:00,17,"['GAMEPLAY', 'MONETIZATION', 'TECHNICAL']"
clash_of_clans,2026,"Riveting, immersive, and igniting! couldn't be more fun to explore the different armies, attacks, and Town Hall levels. There are new events, special Clash season liveries, and game elements to explore added from the beginning years of the game. Couldn't be excited and happier to play after years away from the game.",5,2026-04-22 13:43:20,17,['CONTENT & UPDATES']
clash_of_clans,2026,"LOOOOVE this game. Unfortunately, it is drying. It's just updating new town halls. I think they should add stuff to town halls instead of just adding new town halls. Builders apprentice, for example. I'm sorry I can't rate 5 stars, but clash of clans is dying. EDIT: new combat system sucks. its confusing, new ranks suck,and. can't choose who to fight. Will change back to 4 when this changes. The game demotes you for asking too long. been playing since 2015 but I think ill finally put it down 😔",2,2026-05-04 19:44:05,17,['GAMEPLAY']
clash_of_clans,2026,"Great game to play long term. Easy to just drop into whenever you want and upgrade your things. The upgrade times however do tend to get quite long at later stages in the game, but there is plenty of content and events to draw building and research potions from, as well as books and other means to speed up your progress",5,2026-05-15 20:04:00,17,['CONTENT & UPDATES']
clash_of_clans,2026,"The game is absolutely beautiful, but there are a few minor tweaks I wish the developer would implement. First, I hope Supercell adds gems to the Builder Base, the world's number one, just like the 15,000 gems awarded to the team that collects the most trophies in the home village. This would make the base the primary focus. They should also add a new base (I've already finished it and I'm waiting for another one). Additionally, I hope they increase the number of Builder Huts and raise the level",5,2026-09-08 20:25:08,17,['GAMEPLAY']
clash_of_clans,2026,"One of the best, if not the best, mobile games I've ever played. Had a great run with this for a few years after initial launch and recently came back to the game. It's not ""new"" anymore, but SC devs continue to release great content and offer opportunities for F2P and P2P players to advance through the various TH levels (TH18 as of this post). The game isn't perfect, but there is a lot of fun to be had if you can find a competitive guild and don't have insane expectations.",5,2026-07-25 03:59:49,17,"['CONTENT & UPDATES', 'MONETIZATION', 'SOCIAL']"
clash_of_clans,2026,Very entertaining game. Been playing for more than 5 years. The game has constant updates making it fun to play. But the upgrade times are slightly ridiculous. But there is so much to do so I don't really mind. (But come on 15 days is too much). plss bring back trophy system !!!,5,2026-05-14 16:46:42,17,['MATCHMAKING & BALANCE']
clash_of_clans,2026,"After your last update, while playing the builder battles, in case the building is not in reach of the battle cart's change mode, it doesn't show the red error sign on that troop. In such a case, if you have multiple battle carts on the field, it becomes difficult to track which battle cart's mode needs to be switched. This wasn't the case prior to last update. The improved graphics are good, but this is a bad outcome. this needs to go back to normal",3,2026-05-02 03:48:59,17,"['CONTENT & UPDATES', 'GAMEPLAY', 'TECHNICAL', 'VISUAL & AUDIO']"
clash_of_clans,2026,"This game is fun, but I keep getting client errors even after updating it multiple times. I already uninstalled and reinstalled the game, but the issue still hasn't been resolved. The game keeps crashing, especially when I'm attacking another village. It's really frustrating because the crashes don't only happen during regular attacks but also during Clan War League battles. I almost lost a war attack because the game suddenly crashed.",3,2026-06-24 08:20:37,16,"['GAMEPLAY', 'MATCHMAKING & BALANCE', 'SOCIAL', 'TECHNICAL']"
clash_of_clans,2026,"I started playing Clash of Clans in 2016, and after all these years, the same frustrating issues still exist. Random connection errors and timeouts can happen even with a stable internet connection, causing attacks to be wasted—exactly what happened to me during a war attack. It's disappointing that such a major issue remains unresolved after a decade. Also, most modern multiplayer games have built-in voice chat, but Clash of Clans still doesn't. As a long-time player, this is really frustrating",1,2026-06-25 00:53:30,16,"['GAMEPLAY', 'SOCIAL', 'TECHNICAL', 'VISUAL & AUDIO']"
clash_royale,2024,"Pay to win. Used to be a fun strategy game, but over the years, they've made it much harder to have an enjoyable experience without paying ridiculous amounts of money. It still has its moments, but they are overshadowed by seemingly unwinnable games and constant toxic behavior from other players. Also, the app frequently restarts in the middle of games, ruining the few games that are fairly matched. This was my go-to time killer for a long time, but it looks like it's time to find something new",1,2024-09-27 01:39:33,1661,"['GAMEPLAY', 'MONETIZATION', 'SOCIAL']"
clash_royale,2024,"It's an alright game, but with each update it gets worse. They release Evo's for cards that don't need it like the Mega Knight and Pekka which genuinely takes away from the experience. At first it was just a little annoying but now it's gotten to a point that you can't play casual 2v2 or 1v1 without running into an evo pekka, evo mega knight, with a sparky placed behind it or what have you. I guess it's just a bit annoying to see Supercell encourage a playstyle that makes the game boring",1,2024-09-16 04:19:45,1538,"['CONTENT & UPDATES', 'GAMEPLAY']"
clash_royale,2024,"Played for 8 years. They decided to make the game a fully pay to win game. Nearly no progress can be made if you were maxed level 14 when the evolutions came out. Been using the same deck for years, so has many people. Now everyone is forced to find a deck, hope that it stays relevant by the time you get the evolutions or level 15. Game used to be fun, challenging, easy to pick up at any point without feeling like you're playing a new game. Loved the game, until money became the main priority.",3,2024-02-21 20:30:49,1464,"['GAMEPLAY', 'MONETIZATION']"
clash_royale,2024,"I have played since launch. It was a great game then, and over the next few years of the games life, it had improved. The first season pass was $4.99 and that was a reasonable price for the amount of items you received. Now it's $11.99!?!? The screen is littered with in-app purchases. If you want to reach your free rewards, you need to first scroll past at least 10 different micro transactions that range from $1.99-24.99. I miss the original game. The game is now a cash grab :(",1,2024-11-18 05:47:43,1431,"['CONTENT & UPDATES', 'MONETIZATION']"
clash_royale,2024,"I've played this game since 2016 when the Princess was the first legendary, and the game has been going downhill. Evolutions, P2W mechanics and the shop being over run with countless ""great deals!"" The game has become a nightmare, filled with overpowered cards and the true strategy is now just lost. Spam evolutions until you win, or spend money to max out every card you have. It's not like it was back then, and I wish it would change.",1,2024-10-02 22:19:30,1430,"['GAMEPLAY', 'MATCHMAKING & BALANCE', 'MONETIZATION']"
clash_royale,2024,"Playing this game for a while. It started off fine, however this is an extremely p2w setup. Although I'm making decent progress, there is a pay wall to progress. Matchmaking is terrible, in that you are often playing against higher levels. I don't know why it can't be based on trophy level even in challenges? I'm playing against opponents with 2000+ trophy difference regularly. I also feel that the game is designed to force you to want to pay to buy cards. The core game is fine.",1,2024-01-15 04:23:49,1355,"['GAMEPLAY', 'MATCHMAKING & BALANCE', 'MONETIZATION']"
clash_royale,2024,"I'm a long time player, and it's a good game, but at some point they updated the game so that it bars you (or at least greatly hinders progress) if you are too low level. Why? I have a level 1 account as a challenge account to try to get as high as possible without leveling anything up, and now I can only get ~5 trophies per win after this change. What is the point in this? Please change it back.",2,2024-05-09 18:49:33,969,"['ACCOUNT & SUPPORT', 'GAMEPLAY']"
clash_royale,2024,"When clash Royale came out, it was a fun and unique game. You choose very carefully what you would upgrade and what strategy to play. It was very balanced and when you lost it felt like you legitimately got outplayed. All of that is gone. The game has genuinely become pay to win. They will add new content that takes several months to unlock while playing free. And by the time you finally unlock it, it will be nerfed. This game is not fun anymore, do not download it. It will only waste your time.",1,2024-06-24 11:12:08,899,"['CONTENT & UPDATES', 'GAMEPLAY', 'MATCHMAKING & BALANCE', 'MONETIZATION']"
clash_royale,2024,"I've been playing for yeeaars now. I never purchased any in app extras. until recently. the amount of time it takes to level up is insane compared to how fast you level up when you buy stuff, especially the battle pass. it's kinda lame that it's soo pay to win based. some of the cards are broken (electric giant) and makes the game un enjoyable at times. but, I still play a few matches here and there.",3,2024-06-25 03:05:37,794,"['GAMEPLAY', 'MONETIZATION']"
clash_royale,2024,Last few updates have completely ruined the feel of the game. The supercell has really dialed up the pay to progress model in this game. There is barely any reason to play for free. Leveling up and trying to get cards leveled up is extremely slow. And you can only get so far before you are facing people who are 2-3 levels higher than you. Simply a waste of time and waste of money. It's quite obvious the only content they add is purposely built to pave the road for more pay to progress.,1,2024-01-16 19:57:33,788,"['CONTENT & UPDATES', 'MONETIZATION']"
clash_royale,2024,"Gameplay is pretty solid, all things considered. However, many units are simply poor and shouldn't be in the game anyway. The evolution mechanic is trash, and again, shouldn't be in the game. What inspired me to leave a poor review most, however, is the Shop, which has become a pit of mud. I counted today: 16 different $ offers before I could see the free shop. They keep making things worse for F2P. For example, they thought it would be a good idea to lower free content in the pass royale. Trash",1,2024-04-06 23:17:44,770,"['CONTENT & UPDATES', 'GAMEPLAY', 'MONETIZATION']"
clash_royale,2024,"I had review at 5 star but I've realized the whole system of leveling cards, opening crates for more cards, leveling them up( which I enjoy), really doesn't matter in most of the game. most of the game is leveled off anyway Until they add a 2v2 where u can actually use the cards that u put all your effort into, it won't feel as fun for me, I understand balancing issues, but add a mode where people can choose balanced, or leveled.",1,2024-06-22 06:40:46,703,"['CONTENT & UPDATES', 'MATCHMAKING & BALANCE']"
clash_royale,2024,"I've played this game for years and always had a fun time. However, the latest update is a big money grab. They clearly don't care about the player base. They want you to spend $100 to unlock the four new level 15 cards and then spend another $10 to upgrade a single card. Otherwise the amount of time it will take without paying the steep price will be outrageous. I'm talking months to max a single card from level 14 to 15. Supercell you've failed us yet again. Update: still money driven trash",1,2024-05-15 08:34:25,591,"['CONTENT & UPDATES', 'GAMEPLAY', 'MONETIZATION']"
clash_royale,2024,"Played for years, spent some $, and I expect to pay for good entertainment. However, now you have to spend money regularly, just to keep up. Beyond that, it's hard to figure what the point is. I think the game has stalled, and creator direction is haphazard at best. Seems like constant tweaks to keep money rolling in for no real improvement in experience. Play BB as well, and same story... tired of supercell.",1,2024-06-23 05:15:36,478,['MONETIZATION']
clash_royale,2024,"It's gotten pretty bad lately. Been playing since day 1, but I'm considering ending it here. Update: I took about a year break and came back and it was even worse. The game is riddled with constant ""new"" additions and updates that overcomplicate the game. The evolutions keep getting added to more and more cards making it honestly less and less fun. It's to the point where anyone new has to pay to play to keep up. I've been here since the beginning and I feel like I need to pay to play tbh.",1,2024-03-18 20:10:26,365,"['CONTENT & UPDATES', 'MONETIZATION']"
clash_royale,2024,"Pay to win to an insane degree. Card levels, card evolutions, champions, etc. There are so many ways that you can pay to have a competitive advantage, it makes the game so un-fun. They could have monetized their game a thousand different ways, like charging for cosmetics only, but they decided to go the pay to win route. Also, there is basically no strategy in this game apart from making your deck. Once you're actually in a match, the winner is just the one who has a better deck.",1,2024-05-31 05:57:31,357,"['GAMEPLAY', 'MONETIZATION']"
clash_royale,2024,Well I started playing a game when I first came out It was amazing fun game basic easy to play. As time went on they kept adding more and more. Dollar sign starter racking up to the point of now if you do have pay good luck advancing in the game it's become a pay to play game. I completely understand that you need to make some money and I was happy to put in a little here and there but now to the point where you cannot advance or do hardly anything without paying for something.,1,2024-09-16 08:18:24,285,['MONETIZATION']
clash_royale,2024,"It's fun, but pay 2 win now. There's a slight unbalance with certain units that are very obviously a little too good. This by itself is fine. It's when you try to play the game and someone has cards you can't get for another 7 arenas cause they bought them. Not to mention, gold, card evolutions, and wild cards are pay to win, too. Yes, there are free ways to get these things, but it takes a long time compared to buying, and it's obvious that who does and doesn't spend money.",2,2024-03-02 02:53:53,232,['MONETIZATION']
clash_royale,2024,"Supercell has made a really fun game that's they've entirely destroyed with their pay 2 win model. If you haven't gotten in to the game at this point, there's no point in starting now. You will quickly find that you are at a massive competitive disadvantage that can only be overcome by literal years of grinding or thousands of dollars. Stay away. Edit: It somehow got worse in the 6 months I've left the review. I've uninstalled and I'm not going back.",1,2024-02-07 03:48:42,145,['MONETIZATION']
clash_royale,2024,"Played it for almost 7 years and I must say, they are trying really hard to get players into paying. It became pay2win and that's just sad because it really had potential. Since they published tower level 15, I'm being spammed with offers, where I can upgrade my card to level 15 for ""only"" 7,99€. On the other hand, if you don't pay, you really have to grind in the game to upgrade only one card to level 15, it's ridiculous. The evolutions are pay2win as well- either play for 6 months or pay 15€",2,2024-03-14 15:41:22,99,"['GAMEPLAY', 'MONETIZATION']"
clash_royale,2024,"As someone who has played since day 1, I feel qualified to say this game isn't what it used to. You can only get so far without having to pay money to keep up. With the update having evolutions it started going downhill. Now, just like any game it seems like, whatever new character that comes out is buffed way too much and you have to pay in some way to get it or you're going to lose. No way around that. Alright for the casual player, but I'm finally sick of it and uninstalling. Good riddance.",2,2024-09-24 01:59:24,93,"['CONTENT & UPDATES', 'MONETIZATION']"
clash_royale,2024,"The game is very unbalanced, and pay to win. I get matched with players who have all level 12+ cards while I'm still stuck on level 10 cards because the free-to-play rewards are garbage. In addition evolution cards are the cherry on top of pay to win. The 2v2 Mode is a bad idea. Teammates leave during the game, without any penalty. Which makes it impossible to win. The challenges are worthless to do, as you get close to nothing out of them. Overall, this game could be better.",1,2024-03-08 12:58:11,75,"['CONTENT & UPDATES', 'GAMEPLAY', 'MATCHMAKING & BALANCE', 'MONETIZATION']"
clash_royale,2024,"I've played this game since 2013. Out of all the supercell games I've played in my life, this one is the most disappointing and a blatant cash grab now. It used to be very skill based with each card having specific abilities to counter such card with another, like overwatch. But overtime with the introduction of lvl 15 cards and evolutions, resources are harder to acquire via free to play more than ever. You used to be able to get insane value with the ""battle pass"" for $5. Half that for $12 now",1,2024-03-18 01:55:37,55,"['GAMEPLAY', 'MONETIZATION']"
clash_royale,2024,"I've been playing this game for about a year as a Free to Play and I have made it to nearly legendary arena. The game is super fun and I have spent countless hours playing. The UI is fun and colorful and there are a lot of different characters and possible decks. My only complaint is how much they annoy you to pay for rewards and perks, even though most people can level up and progress just fine without season pass, paid cards, etc.",4,2024-12-04 05:03:22,22,"['CONTENT & UPDATES', 'GAMEPLAY', 'MONETIZATION']"
clash_royale,2024,"This game was perfect when It released. But now, It just pay to win and some troops need to be fixed (Huge damage, bad movement, and some players copy paste each other when the game should be depends on skills. The only thing they focused on is the shop lol. It's really boring to play it these days. And btw, I'm a high level player so don't think I wrote this review because I'm bad or anything else. I just want to share my opinion on a game which I missed its old version.",1,2024-02-21 09:45:36,20,"['CONTENT & UPDATES', 'GAMEPLAY', 'MONETIZATION']"
clash_royale,2024,"Latest update is broken and hangs on startup while showing ""Account alert"" dialog. The review below is for older version of this game. Probably the best game created by Supercell. I think it's not worth using real money because early stages are the best part of the game and that's the part that you can skip with little real world money. The resources you get in the game grow linearly but the prices go up exponentially. Expect to pay hundreds of dollars if you want top cards with shortcuts...",1,2024-03-19 16:37:45,14,"['ACCOUNT & SUPPORT', 'CONTENT & UPDATES', 'MONETIZATION']"
clash_royale,2024,"Didn't keep any of my progress from my Ipod which I longer have. Have to start at level 1 and it takes 6 years if playing everyday to unlock any of the new or fun stuff. Or of course become a fat whale and fork over $10,000 and get it today! Live to serve Supercell. Or never play the game. The latest update (Goblin stuff update) may look good but it's not worth starting at level 1 for.",1,2024-06-18 07:38:09,12,"['CONTENT & UPDATES', 'GAMEPLAY', 'MONETIZATION']"
clash_royale,2024,"This game was by far the best game ever made. It was competitive but it was fair, right now it's just a scam. There are players who I don't know if they have the game hacked or if they have some trick for the elixir, but while I can only throw one card, they throw up to three high elixir cards, how is it possible? I have bought offers in-game store I have spent a lot of money and I continue to lose as if my cards have no improvement. I'm not going continue paying for lose to cheaters.",1,2024-07-03 02:59:21,9,"['GAMEPLAY', 'MATCHMAKING & BALANCE', 'MONETIZATION']"
clash_royale,2024,"I played this game for over 7 years. Throughout, i spent around 300€ on various microtransactions. I returned to the game recently after years of inactivity and I was having fun. After a few games, my opponent dropped a level 15 card and I instantly quit the game and removed it. I would need to pay 300€ just to not be in a disadvantage again. If you aren't ready to pay absurd amounts of money for this free to play game, be ready for hours of frustration. Avoid this product like a plague",1,2024-10-07 20:51:12,8,"['GAMEPLAY', 'MONETIZATION']"
clash_royale,2024,"This game use to be my favourite game. It is definitely not even near the top 5 anymore because of how P2W it is. Even if we put P2W aside and focus on other things, there are still numerous problems with the game. The point is when a company that owns a game gets too greedy (only thinking about money), that's when the game becomes bad and difficult to enjoy. There are still some positive stuff. They recently added new troops and towers, which has not happened in quite some time.",2,2024-06-25 17:49:20,7,['MONETIZATION']
clash_royale,2024,"Edit: october 2024 update is so good. Glad its heading in the right direction. I spent a lot of hours and money on this game and unfortunately its become a parody of itself. The recent added content is too much and ruins the game. And of course, the shop offers have spiraled out of control and borderline predatory with ""fear of missing out."" Its a sign of a dying game. 😭",4,2024-10-11 04:27:31,7,"['CONTENT & UPDATES', 'GAMEPLAY']"
clash_royale,2024,"I remember when this game was enjoyable. Microtransactions litter every single screen, and now they've even tried disguising some of them with ""tap for more info"" instead of just telling you prices. This is honestly stupid. Having a few here and there (like for gold or gems) is acceptable, considering the core game is free, and is... somewhat playable without buying a bunch of stuff, but this is just ridiculous. Supercell isn't the fun company they used to be. Don't waste your time or your cash.",2,2024-07-21 04:25:25,6,['MONETIZATION']
clash_royale,2024,"The game hasn't changed in the slightest for over a year now. It's the same meta constantly being used. If you aren't max level cards you don't push far and lose constantly, only people who play are top tier ranking. If you are new or under th-13, just delete the game and find something else to play. Update: They added pay to win cards. If you go against those people that have the pay to win cards you lose. I suppose I shouldn't be surprised at this point, ""it's a moble game""",1,2024-02-09 08:30:55,6,"['CONTENT & UPDATES', 'GAMEPLAY', 'MATCHMAKING & BALANCE', 'MONETIZATION']"
clash_royale,2024,"Best. Game. Ever. I've played this game for 3 years, and it still seems to amaze me in every way possible. New stuff almost every month, new and old challenges, clans, and much more. I highly recommend playing it. Trust me, you won't be disappointed. Editied: nevermind. This game gets boring after doing the same stuff for 5 years. There's really no variety and it's turned into an even more microtransactional hell then it already was.",2,2024-06-29 09:07:50,5,"['CONTENT & UPDATES', 'GAMEPLAY']"
clash_royale,2024,"Played a long time, talking years, and they refused to do any balancing except for cards that don't need the changes. The same 7 cards have been running rampant for years! With the new addition of evolution cards all you have to do is pay $12 and you can have whatever game breaking card you want. It's a joke now. Makes me sad to see how far this game has really fallen. Edit 6 months later. Redownloaded after some time and it is somehow worse then when I left. They gave the 7 cards an evo...",1,2024-10-06 02:09:43,5,"['CONTENT & UPDATES', 'MONETIZATION']"
clash_royale,2024,"I've been playing this game since the year it came out. Sometimes in the past, they introduced shards. These let your character be more elite. Little did I know this was just a way to benefit to pay-to-play players. After what feels like a year of the shards being released, ice earned a grand total of 2 of them. They developers have found a way to advantage paying players while holding non paying ones down. I'm about done.",2,2024-10-04 20:23:38,3,"['CONTENT & UPDATES', 'MONETIZATION']"
clash_royale,2024,"Don't even bother if you're first time playing or if you're coming back to the game, the remaining players are supercell die hards. Update : It looks like things only have gotten worse since I wrote this review, tournament standard has been raised to lvl 11 as well as the addition of Evolution cards as well as Champions which are difficult to obtain as a F2P player.",1,2024-01-18 19:39:02,3,['CONTENT & UPDATES']
clash_royale,2024,"The botched (at best) matchmaking system draws you into matches you can't win against opponents that show off the pay-to-win nature of this game by using cards that aren't supposed to be unlocked until a later arena and that you can't do anything against because they are so high level. Don't waste your time with this ""game"", because the only thing this game will give you is disappointment, resentment, and a face full of pay-to-win advertisements. Edit: years later, still too bloated with ads.",1,2024-12-05 16:14:57,3,"['GAMEPLAY', 'MATCHMAKING & BALANCE', 'MONETIZATION']"
clash_royale,2024,"I've been playing on n off for 6+years. As of now, the game has become pay to win. You need to spend an enormous amount for progression if you don't want to wait for months, just to upgrade a single card to max level. Also, the matchmaking seems more rigged recently, matching you up with counter decks if you win more than twice/thrice continuously. It's designed to make you spend money for progressing. Will be back when these issues are addressed. Until then, happy raging to the ones who stay!",1,2024-03-25 14:52:45,3,"['GAMEPLAY', 'MATCHMAKING & BALANCE', 'MONETIZATION']"
clash_royale,2024,"Just another pay2win game You can play normally at certain point with basic cards, but after a time, you'll get opponents with higher level towers and cards than yours, that its almost impossible to win, not only the matchmaking gets horrible, the chances to get good card are extremely rare, and once you get you're stuck in the same level for a long time, if you want to have fun for a time and delete go for it, but if not you'll be forced to spend money to keep going up.",2,2024-04-15 06:12:51,3,"['GAMEPLAY', 'MATCHMAKING & BALANCE', 'MONETIZATION']"
clash_royale,2024,"DO NOT RECOMMEND. I usually don't mind games with battle pass systems, especially if it adds extra fun to an already fun game, but Clash Royale has the gall to make it a pay wall thing. At a certain stage it's impossible to progress unless you pay to upgrade your cards. I played well over 30 consecutive games to come to this conclusion: No matter what build you pick, the games pits you against AI players that have an exact counter build to you, forcing pay-to-win. Don't waste your time and $$!",1,2024-01-02 10:49:48,3,"['GAMEPLAY', 'MONETIZATION']"
clash_royale,2024,"EXTREMELY PAY TO WIN; don't think about trying to reach the top without spending at least 100s of dollars bc of the horrible progression, the cards are annoying, and also is home to one of the most toxic communities. I have played this game from the start(Month after global launch) and I can see that the game's enjoyment is declining. The silver lining is that Supercell is now giving free items, although the people who bought them are not getting their money refunded, so bear this in mind.",2,2024-06-12 13:26:43,3,"['GAMEPLAY', 'MONETIZATION', 'SOCIAL']"
clash_royale,2024,DO NOT DOWNLOAD IF YOU DON'T INTEND TO SPEND MONEY. Been playing this ever since it came out. I used to love it. But for some time now it has become impossible for f2p players to progress. This game has become a big cash grabbing scam. They keep adding unnecessary things just to provoke players to spend money. This game is outright unfair to f2p players. There's no point fighting in clan wars too unless you have 4 maxed out decks and that will take several years if you don't spend money.,1,2024-08-11 03:39:32,3,"['MONETIZATION', 'SOCIAL']"
clash_royale,2024,"Have been playing this game for a very long time, with each update the game becomes less and less fun they constantly change the stats of everything. They are in it for the money. Dont bother buying anything in this game they will nerf it so they can sell another card. I was forced to uninstall this game after playing for several years due to a forced terms of service that I did not agree with.",1,2024-11-20 19:36:15,2,"['CONTENT & UPDATES', 'MATCHMAKING & BALANCE']"
clash_royale,2024,"Used to be a good game but now it's not. I kept meeting the players who are higher level than me and their cards are higher. I also kept getting lower level teammates and mostly get unfair loses. Some cards are stupid too, because mostly they're relatively the same. The challenges are so boring, it's just want you to pay whenever you lose. I don't think the game will be saved now.",1,2024-07-13 12:54:35,2,"['GAMEPLAY', 'MONETIZATION']"
clash_royale,2024,"Came back to the game after a few years and they absolutely ruined it. The pay to win is on another level now. I reached a point where it is impossible to win a single game (no matter which gamemode I play on) because I get thrown into matches with higher-level enemies AND enemies with evolutions (broken cards). The only way I can compete against this atrocity is to pay $$$, get evolutions, and max all my cards out. And one other thing, the monetization is shoved down your throat. It's over...",1,2024-07-28 12:21:59,2,"['GAMEPLAY', 'MONETIZATION']"
clash_royale,2024,"Used to be a good game, but has quickly went downhill. It's extremely pay to win. The new cards are extremely overpowered and it takes WAY too long to upgrade one card to max. For example, I've been a free to play player for about 6 years and don't even have one card at max level yet, but someone can easily upgrade all their cards if they are willing to spend some money. Very unfair matchmaking too. It puts you up against players who are 3 or 4 levels higher than you.",1,2024-09-26 08:26:48,2,"['GAMEPLAY', 'MATCHMAKING & BALANCE', 'MONETIZATION']"
clash_royale,2024,"SUPERCELL JUST WANTS YOUR MONEY! I'm playing the game since it came out in 2016. Long gone is the time when this used to be a skill game, now it's all pay to win. I literally encounter players with 500-1000 wins total with all the cards maxed out and evolution. The best card apparently in the game is credit card! I really hope the game dies, it's just not worth it anymore. Greedy supercell.",1,2024-02-08 14:09:48,2,"['GAMEPLAY', 'MONETIZATION']"
clash_royale,2024,"At this point, clash Royale has become a pay to win game. I loved this game so much because it was truly one of a kind. But now, with evolutions, wild cards etc it's extremely hard to farm gold and gems and waiting to get them takes too long. With crazy prices for deals in the shop really not many ppl can afford to call this game ""casual"" anymore. Game used to be a stress reliever for me, but every time I play chances are 2 out of 4 times I am matched with a maxed out player with 2 evolutions.",1,2024-03-15 21:06:38,2,['MONETIZATION']
clash_royale,2024,"The pay to win is INSANE. The game is being managed in a terrible way, and they put more and more mechanics that makes the game unplayable if you don't put money on it. It is a lame, this game used to be great but the changes in royale pass, levels 14 and 15, the evolutions and now the second evolution on the same deck just for levels 15 are the things that made me abandon the game.",1,2024-02-07 05:42:45,2,['MONETIZATION']
clash_royale,2024,"This game is only fun when you buy all the ""special"" offers, so you can get over leveled troops as well as evolutions for your troops. The only way you will beat a P2W player is if they are actually stupid. The only way past this is to make evolutions easier to get or give them to people for free. I'm not the most strategic person ever, but the number of times I have lost because they have limited time troops that are op in lower areanas or because they spent money on levels is unfathomable.",1,2024-06-13 03:08:14,1,"['MATCHMAKING & BALANCE', 'MONETIZATION']"
clash_royale,2024,"I've been playing this since it came out. My account is maxed out, even then, the amount of ""pay to win"" is ridiculous. It's frustrating how much they've been destroying the game over making the ""pay to win"" stuff over-powered. It's so bad now that it feels like every single game you play is the same decks over and over. Whatever card is meta, that's all you will ever play for seasons straight. It's gotten SO BAD. I don't recommend you play this unless you plan on spending $50 weekly on it.",1,2024-12-17 02:04:08,1,"['ACCOUNT & SUPPORT', 'MONETIZATION']"
clash_royale,2024,"I have played this have for a few years. It has increasingly become loaded with all sorts of ads and purchases which I can handle to an extent. But now the gameplay is affected with the evolution cards. If you don't pay for all of the add-ons and packages, it is harder to compete on the same level. Good for them for making money, but it sure makes the game less fun. Unfortunately I am uninstalling this game now. I guess it will free up some wasted time.",2,2024-12-03 11:11:04,1,"['GAMEPLAY', 'MONETIZATION']"
clash_royale,2024,"The overall mechanics of the game are fun, though sadly it has become nothing more than a cash grab in recent years. Shop offers becoming more and more expensive and offering poor value, new overpowered cards being released which can only realistically be obtained by spending money and progression being next to impossible without buying the aforementioned offers. The game being pay to win has become even more noticeable nowadays.",1,2024-02-03 06:11:45,1,"['GAMEPLAY', 'MATCHMAKING & BALANCE', 'MONETIZATION']"
clash_royale,2024,This game was fun when it first came out and then the developers got greedy and now it's paid to win every month a new evolved card that's the usually the most overpowered thing in the game just to get you to spend money and what was once a game that took skill and strategy It is now a game of luck and no skill. Then they take cards that are already some of the strongest in the game and make them stronger while the car is that no one plays don't get touched for years. Worst mobile game.,1,2024-05-10 09:29:39,1,"['GAMEPLAY', 'MATCHMAKING & BALANCE', 'MONETIZATION']"
clash_royale,2024,"Been playing since it came to the states. Over the years, it's only gotten worse. Poorly balanced cards, money-grab matching. P2W doesn't even begin to cover it. Glitchy mechanics with a failure of the devs to fix any of these issues. Used to be great. Now the devs have to keep adding bot accounts for the few remaining players to go up against. Just shut it down, fellas.",1,2024-04-12 10:42:28,1,"['MATCHMAKING & BALANCE', 'MONETIZATION']"
clash_royale,2024,It used to be a great game but their is no strategy now. It used to be 30 or 50 cards so that you always had a counter to attacks which meant the game play was based upon strategy. Now with over 100 cards theirs no strategy it just depends on who has the stronger deck. Sad to see an excellent game go so far downhill. Would give it zero if I could.,1,2024-12-24 00:23:02,1,['GAMEPLAY']
clash_royale,2024,"Just came back to the game after 3 years, and it's a pure nightmare, if you're planning to come back and give this game another go, please don't for the sake of your own sanity. The constant pay-to-win forcing, and locking broken units behind pay walls is really saddening, considering how good the game originally was. It has gone to shambles and is down in the dirt right now.",1,2024-10-19 01:09:40,1,['MONETIZATION']
clash_royale,2024,"I think this game could use some large mass arena, or like a huge battle field like team deathmatch, I just think the diffrent modes with events in them ain't enough for my any more, but thats me and so far I do love the game. Its iconic with great character, but honestly I hate when somebody uses an overpowered push and I counter they just give up. I don't really care if nobody reads this. Just keep up the good work its a great game.",4,2024-01-14 09:00:41,1,"['CONTENT & UPDATES', 'GAMEPLAY', 'MATCHMAKING & BALANCE']"
clash_royale,2024,"Player of 6+ years. WAS a solid game with satisfying gameplay and strategy that WAS understandable. My problem regards the present state of the game. Stagnation occured as not enough new content was being added, making for dry gameplay, but evolutions, level 15, bad UI, and new tower cards was not the play. Having to learn new interactions from the one's I've been accustomed to for years along with evolutions and a new level that favor P2W players make the game difficult to play. Don't play.",1,2024-06-04 16:50:26,1,"['CONTENT & UPDATES', 'GAMEPLAY', 'MONETIZATION']"
clash_royale,2024,"I would just like to say that this game was really fun for the first 5000 trophies, but afterwards, it became a pay 2 win unbeatable mess. I'll go up 100 trophies and drop due to overleveled cards, cards that shouldn't be obtainable in the current arena, and the constant reminder of such being shown in the store with 8 offers showing up before you get to free items which by the way aren't even that great. Supercell, you are a money hungry company that couldn't care less about their playerbase.",2,2024-02-23 14:22:18,1,['MONETIZATION']
clash_royale,2024,"Originally a really fun game. It deserved the 5 stars I gave it in 2016. Now in 2024. This game could disappear off the app store I wouldn't care. Prices of micro transactions is crazy high for what they are. Cards are really unbalanced. I single card could destroy my whole deck. It's kinda ridiculous. ""Oh the game is teaching you how to play"" no the game is teaching me to spend money if I want cool stuff. Good luck supercell, you've become a joke of a company in my opinion",1,2024-04-06 09:42:00,1,"['MATCHMAKING & BALANCE', 'MONETIZATION']"
clash_royale,2024,"You downloaded the game, starts out fun, then you spend hours playing. Past 2000 trophies you will run into p2w players, anything past 4500 and the game is basically pay to play, you cannot constantly rank up without spending money or running into someone who spent their families whole salary to be good at the game, doesn't matter how good you are at thinking the highest payer always wins, you get to a point where you are fighting max level decks with level 11 cards and you don't have a choice.",1,2024-02-20 16:12:52,1,"['GAMEPLAY', 'MATCHMAKING & BALANCE', 'MONETIZATION']"
clash_royale,2024,"I had long time enjoyed this game... but now it is nonsense. The ""Mystery Boxes"" are a waste of time, despicable. The evolution concept seemed like a good idea in theory, but practically it is coming to a dull point; the Evolution should have been kept at a specific card tier. The time of this game becoming one of those in the memory seems to be nearing. Matchmaking is taking longer than before too.",2,2024-11-24 19:07:01,1,['MATCHMAKING & BALANCE']
clash_royale,2024,"Updated 2024. Decided 2 give it chance.still garbage. difference is bot reviews 2023: It's been about three years since I got back into it. Got some nostalgia, and decided to download it and play. Needless to say, it is still a more aggressively pay to win. Opponents always seem to have better cards than you and a bit more elixir. pay to win on this game. Long gone are the days of grinding and being able to produce quality items/cards.Supercell you've lost the customer for life on all platforms.",1,2024-04-19 00:29:11,1,['MONETIZATION']
clash_royale,2024,"Absolutely DO NOT PLAY. The ""vanilla"" experience is agony due to the ridiculous amount of cards available, making it so that anything you play 70% of the time you will be queued up against someone with the perfect counter to it. And this isn't even tapping into the constant release of new, more overpowered cards. The only way i see this game being worth playing even minutes at a time is if they add a ""Do not want to play against decks with theese cards"" section with at least 20 card blacklists",1,2024-08-17 08:49:22,1,"['CONTENT & UPDATES', 'MATCHMAKING & BALANCE']"
clash_royale,2024,"started playing I'm December of 2022. bought like 3 battle passes and it was really fun. the passes were helping me make steady progress and then the battle pass update came out. the pass was stripped of a bunch of value and it was bad for the game. kept playing anyway and then evolutions and lvl 15 updates came. They are awful. The leaders of this group ruined their game over about a 10 month period. it's a 1 star now, not even in the top 50 downloaded apps. it was in the top 10 a year ago",1,2024-01-01 03:53:16,1,"['CONTENT & UPDATES', 'GAMEPLAY', 'MONETIZATION']"
clash_royale,2024,"I can't say there was a time I truly disliked clash royale's core gameplay. I used to play for hours and began in 2019. I loved the micro interactions between cards and learning them all. But recently everything has changed. Level 15, matchmaking, evolutions; even a long time player who maxed season's pass couldn't keep up. I just want to play the decks I leveled years ago, not playing whole months to max one new OP card, just for it to get nerfed after I upgrade it. Uninstalled. I'm done.",2,2024-10-05 11:59:05,0,"['CONTENT & UPDATES', 'GAMEPLAY', 'MATCHMAKING & BALANCE']"
clash_royale,2024,"Fix the matchmaking. 600 trophy difference? How is that fun for people who haven't played since day 1 or spending $$ for years? Used to be a blast, now it's a money grab to balance the playing field. UPDATE 2024: Even worse. Pay to win - - >pay to play. Playing this game without spending a ton of money is just feeding the players that actually have paid an insane amount. I've spent money on the pass, and bundles from time to time; without a consistent investment, you are nothing.",1,2024-09-19 02:22:05,0,"['CONTENT & UPDATES', 'MATCHMAKING & BALANCE', 'MONETIZATION']"
clash_royale,2024,"Games fun and all. Ok, progression system, different decks are all fun to use and whatnot, and visuals are really good for such a simple game. Only gripe, really, like everyone else has already said, is the ""pay to win"" aspect. Playing players with max cards in lower arenas isn't fun at all, and almost garuntees a loss. Fun game, though, if it weren't so geared towards pay to win gameplay. Bummer...",3,2024-05-12 11:26:57,0,"['GAMEPLAY', 'MONETIZATION']"
clash_royale,2024,"The game is in a heavy downward spiral with how the game is being handled. It is becoming such an issue that content creator and pro players are losing favor in the game. I feel nothing but anger when I'm playing. I installed and reinstalled the game 5 times, I believe. It's final this time since there is no point in someone picking up the game again or for the first time unless they are certain they want to spend money. There is no optional part anymore if you want to actually progress.",1,2024-07-03 23:36:17,0,"['CONTENT & UPDATES', 'MONETIZATION', 'TECHNICAL']"
clash_royale,2024,"Game used to be fun, but it way to much diverse in the number of cards in the game. One minute, you destroy your opponent, the next you're in a good battle, then you go on a 7 game losing streak of just getting hard counted out of your mind and unless you have spent tons of money on the game to get more card and change your deck you get stuck partially at higher level arenas. The game is very skill based, which is great, but sometimes it literally doesn't matter how good you are you just loss.",1,2024-03-27 02:11:03,0,['GAMEPLAY']
clash_royale,2024,"I started playing this game when it first came out and it was awesome!! Simple, play the game, get a chest and wait, you actually had to work to get cards and legendary cards were the best and crazy if you got even one! Now, I've gotten a free legendary at least twice a week for the past few months. And everything is so pay to win nowadays and all of the evolutions have completely ruined the skill factor of this game. My favorite deck (logbait) is completely unplayable now.",1,2024-09-19 01:06:46,0,"['GAMEPLAY', 'MONETIZATION']"
clash_royale,2024,"I used to love this game! Not anymore! It seems like the only way to win is to pay! Your hard work used to mean something! Now it just doesn't even matter if you face someone who spends constant money on upgrades! On top of that, potions NEED to be removed! The ability to render your opponent defenseless is almost cheating! I've spent years playing this game and lose almost every time someone uses them against me! I guess playing fair isn't a thing anymore!",1,2024-06-26 23:47:35,0,"['GAMEPLAY', 'MONETIZATION']"
clash_royale,2024,This game is annoying and a waste of time. If you don't get the pass you will be spending your life on this game. Literally took me 3 years to get my deck to max. And even more annoying is the draft challenges. Do you really want to spend your time doing draft every season? This game doesn't have many game modes and will get boring quickly. They are starting to turn this game completely to pay to win. The 20 win challenge resets you if you lose 3 times! So skip this game and play anything else!,1,2024-06-24 14:29:23,0,"['CONTENT & UPDATES', 'GAMEPLAY', 'MONETIZATION']"
clash_royale,2024,"While this was pretty fun originally this game has made some poor choices. Just a few of them are pay to win being completely broken (like every mobile game) not having skill based match making in clan wars (I've run into people both above and below me). Some of the auditions are helping like lucky drops but, when I'm always fighting someone who is either to low level to even compare to me or so over leveled I couldn't even begin to touch him thats a problem. I'm out of words but the list goes o",3,2024-09-27 07:16:30,0,"['GAMEPLAY', 'MONETIZATION', 'SOCIAL']"
clash_royale,2024,"I've played this game exclusively for years. It was easily the best game out. But now it's terrible. Every update in the last 2 years has made everything so confusing. Evolutions, champions, cards with multiple abilities, and towers that launch goblins have made it impossible to keep track of everything. All the skill I've accumulated over the last 6 years has gone out the window because of overpowered cards. It's pay to win now.",1,2024-08-23 11:14:50,0,"['CONTENT & UPDATES', 'GAMEPLAY', 'MATCHMAKING & BALANCE', 'MONETIZATION']"
clash_royale,2024,"I had a maxed out deck with a free to play account. They then pushed an update that made it so my deck was less than halfway to fully upgraded (when you looked at the cards required to level up). Because of pay to win players, I was suddenly very underleveled for my trophy count and could no longer compete. The dev team no longer cares about making a good game, and instead, they are trying to milk a dying game for as much money as they can.",1,2024-08-07 05:12:24,0,"['ACCOUNT & SUPPORT', 'CONTENT & UPDATES', 'GAMEPLAY', 'MATCHMAKING & BALANCE', 'MONETIZATION']"
clash_royale,2024,"Sad to see how far this game has fallen. Unless you plan to pay for every release, good luck attempting to get anywhere. The rank system just allows you to get close to your next goal and then repeatedly hits you with players who are light years ahead of you or who pay for everything. Don't worry though they will just release another game in order to attempt to get more of your money vs just making a game that is fun and fair for its players.",1,2024-05-13 03:42:07,0,"['CONTENT & UPDATES', 'MATCHMAKING & BALANCE', 'MONETIZATION']"
clash_royale,2024,"I play this game for 5 years. It's probably the only game that I actually got good at. This game is different from every other game out there. The creative strategies that you could use throughout the years we're so fun. What does 3,000 hours of developing my skills in this game equal to? Nothing. I'm still under leveled.I don't have any evolutions. The only way to get those things consistently is to pay pay. I'm good at this game. But the game is not good to me. Sorry I didn't want to pay $.",1,2024-07-26 09:14:52,0,['MONETIZATION']
clash_royale,2024,"Clash Royale is an enjoyable strategy game that combines tower defense and card-based mechanics. Its quick, action-packed battles make it perfect for casual play, while the wide variety of cards allows for strategic depth. The clan system adds a social element, letting players collaborate, share cards, and compete in wars. However, the game’s progression can be slow, especially for free-to-play users, as upgrading cards often requires either time or money.",3,2024-10-11 02:11:22,0,"['GAMEPLAY', 'SOCIAL']"
clash_royale,2024,"The game itself is fun, but if you haven't been playing for years or aren't willing to pay up, you're not going to make much progress. Lowered from 4 to 3 stars due to the 2nd evolution slot being locked behind king level 15. I accept Supercell wants to make money, but it's gotten to the point where they're just sabotaging their own game to try and squeeze more cash out of players.",3,2024-03-15 06:46:53,0,"['GAMEPLAY', 'MONETIZATION']"
clash_royale,2024,"It's a good game but hard to be a casual player. If you want to play for free, there comes a point where you can't hope to compete because your cards are too underpowered. Spending real money to upgrade your cards is a waste of time for the average player because you're looking at literally thousands of pounds to max out your account, at which point you're up against the big boys, and essentially in the same boat as when your cards were underpowered, except you've blown all your cash.",1,2024-08-03 07:06:58,0,"['ACCOUNT & SUPPORT', 'MONETIZATION']"
clash_royale,2024,"I really wanted to like this game, but the constant connectivity issues make it incredibly frustrating to play. I frequently experience lag spikes that disrupt gameplay, making even simple actions feel delayed. On top of that, there are frequent disconnects during matches causing me to lose or, worse, get kicked out of the game entirely. This has happened multiple times, and it severely impacts the enjoyment and immersion of the game. It’s really disappointing !!",1,2024-12-01 03:26:01,0,"['GAMEPLAY', 'TECHNICAL']"
clash_royale,2024,"After playing this game for a bit longer, I've noticed if you get to a certain rank all I'm seeing are mega knights. I know they're easily countered by air troops but they're still very annoying and getting three matches consecutively with mega knights in them is not fun. I don't know, this is just my take on it I suppose. After many years of me writing this it hasn't changed. Just matched against 3 different people all using the same deck. Creativity is dead in this game.",1,2024-04-11 15:05:04,0,['MATCHMAKING & BALANCE']
clash_royale,2024,"Added in a tier above legendary that are intentionally stronger, but you can only have 1 in a deck, seems like a money grab to force people to buy them or play at a disadvantage, then add evolutions, which you can only have 1 of in each deck, so now 2 spots in every deck for cards that are stronger than normal cards, now really seems like a cash grab, then they add in a 2nd evo spot now forcing every deck to have 3 spots taken by very specific cards or your playing at a disadvantage. CASH GRAB!",1,2024-02-12 01:51:30,0,['MONETIZATION']
clash_royale,2024,"Very pay to win, but it can still be kind of fun. Edit: It was 3 stars, but it's now so P2W that I can't progress at all. I'm not a bad player, I do decent in challenges. But I don't have the money to sink into all the evolutions. To be able to play multiple decks. Dagger duchess is what pushed me over the line. There are no more wild cards in the season shop, so unless you want to spend money enough, losing 1/2 the games because your tower troops are under levelled.",1,2024-04-21 05:42:27,0,"['CONTENT & UPDATES', 'MONETIZATION']"
clash_royale,2024,"Used to be one of my favorites, but I feel like it's slowly dying. Favorite content creators have slowly stopped creating content because it stopped getting views. Feels like the company just wants cash grab after cash grab. Used to have a good sense of progression with the monthly pass, but now the value of passes and shop deals have gone down drastically. The game is free to play, but if you are you will start progressing real slow after the first few arenas. I really hope it gets better.",2,2024-04-02 14:57:39,0,"['CONTENT & UPDATES', 'GAMEPLAY', 'MONETIZATION']"
clash_royale,2024,"the game was, and still looks really fun to play, and i have fond memories of battling with my clanmates, but the agressive monetization and exorbitant prices for something as basic as an emote or gold in the shop was too much, and i've stopped playing for almost a year by now, and currently don't think on returning anytime soon.",3,2024-05-10 04:29:10,0,['MONETIZATION']
clash_royale,2024,"Even for a f2p game, the monetization is getting a bit ridiculous. I have had fun, but with their latest move taking something that had been free before (timed themed drops, and slipping in paid items that you have to buy to get to the free bits, it just feels to scummy to continue supporting) I understand that they have to make money, but they already have a system right now that heavily incentives purchasin,g as well as a battlepass.",2,2024-07-06 03:57:31,0,['MONETIZATION']
clash_royale,2024,"Uninstalling it after Playing it for 2 years . As now it really irritate me . There is too many bugs and problems. Continuous connection lost retry , I have to start again and lost more than 500 trophies straight just because it get lost in the middle of game even my internet is super fast. I tried reinstalling it but didn't work . Even tried clearing cache . This app doesn't even provide customer support, only we can select those option which they want to listen. no option to give our opinions.",1,2024-04-12 20:04:21,0,"['ACCOUNT & SUPPORT', 'TECHNICAL']"
clash_royale,2024,"The gameplay is fun, but the game is pay to win. The evolution cards are really powerful (should I say gamebreaking), and they are basically impossible to get unless you spend a lot of money (13.49$ for one full card). And that's just the tip of the iceberg, to level cards to level 15 it takes an insane amount of time unless *again* you spend 10$ to level one card. It's sad really...",1,2024-04-03 23:13:37,0,"['GAMEPLAY', 'MONETIZATION']"
clash_royale,2024,"This game used to be insanely fun but their new money making strategy has ruined everything. They release a new character which just ""happens to be"" overpowered, forcing you to pay €50 to have the card ready to use instantly for higher ranked battles. It used to not be as blatant, but after the new card 'goblin machine' released that was (again) ""accidentally"" game breaking, realising that I was yet to catch up with the last updates I finally closed the game for the last time and deleted it.",1,2024-08-23 14:21:30,0,"['CONTENT & UPDATES', 'GAMEPLAY', 'MATCHMAKING & BALANCE', 'MONETIZATION']"
clash_royale,2024,"With each update the game is getting bad but then came the update of the 'evoluations' after which it has become dead. Now, only if you pay money for it, you have a chance to climb the ladder which is otherwise very impossible and frustrating. I remember the time when it used to be fun. No wonder now people don't play this.",1,2024-04-06 00:37:57,0,"['CONTENT & UPDATES', 'MATCHMAKING & BALANCE', 'MONETIZATION']"
clash_royale,2024,I've been an active player since the launch of the game but progress gets harder and harder (for free to play players). Same thing applies for most of supercell's games and I really hope they change their strategy (trying to sell you everything and not even giving you the choice to grind for them) because their games used to be fun.,2,2024-06-24 09:54:00,0,['GAMEPLAY']
clash_royale,2024,"Great game turned into P2W trash. I loved Clash Royale at the start, but as you progress through the game, which takes a long time, more time is needed to even have a chance against opponents. The current state of the game requires money to be on an even playing field with others, not to mention absurd prices for offers. $140 for evolution shards, you can't tell me this isn't P2W.",1,2024-07-05 03:29:18,0,['MONETIZATION']
clash_royale,2024,"Awful game. It was great when there weren't so many tryharders. Unplayable, and the matchmaking is always against some players. I can't play no deck, cause i always find an opponent with the counter deck. Never playing it again Edit: the last update made my game unplayable. I always get stuck on the main screen with no possibility to switch to clan chat, card collection or shop. Even chests are stuck. Can't battle... Overall can't play it...",1,2024-06-23 05:48:21,0,"['CONTENT & UPDATES', 'GAMEPLAY', 'MATCHMAKING & BALANCE', 'SOCIAL']"
clash_royale,2024,"The game now isn't about strategy anymore but who payed the most to win, The progress when you don't spend money feels extremely slow and the challenges and events aren't worth the amount of work you have to put in. The matchmaking a problem I don't even have to address. A deck with strategy would most likely lose to a deck filled with high elixir cards, if the cards are higher level than yours. It feels like a chore and has no replayability. Used to be fun, but it's just a cash grab now",1,2024-02-20 08:40:35,0,"['GAMEPLAY', 'MATCHMAKING & BALANCE', 'MONETIZATION']"
clash_royale,2024,"Clash Royale was fun to play. However in recent times, it feels really impossible to progress in the game because many people will either have over leveled cards, cards that aren't unlocked for their certain arena yet, evolved cards that have ridiculously overpowered abilities, and it gets frustrating to play at times. Supercell thinks that this problem will be solved by constantly adding cards, but it doesn't. Stay away from clash royale, there are other better games.",1,2024-04-17 18:16:06,0,['MATCHMAKING & BALANCE']
clash_royale,2024,"8 Year vetran here. Played the game since day of release I've seen the game though it's high and lows. Even though it has always been pay to win, ever since the evolutions update it's just been terrible. I have not spent a single penny on this game and let me tell you. Battling people with no strategy only money just erases my 8 years of experience and skill. I am not dropping $30 just so I can play at par. Hate to say it but, I'm done with clash. Very dissapointed with this cash grab.",1,2024-04-09 15:55:28,0,"['CONTENT & UPDATES', 'GAMEPLAY', 'MONETIZATION']"
clash_royale,2025,"Money sucker! The game is fantastic. It's highly addictive once you get the feel of it. One thing which I found annoying is when you are in battle mode and you get matched against an opponent of higher your level. It's very difficult to beat them since the health of their cards is much more. Ergo, I wish if we get matched according to king tower levels in battle instead of number of trophies. That would be a level playing field. also, gameplay sucks on mobile internet. I hope creators fix it.",3,2025-04-20 05:02:42,7333,"['CONTENT & UPDATES', 'GAMEPLAY']"
clash_royale,2025,As a free to play player with 8+ years I've seen this game change and grow. All the good stuff and the bad. It's a better state now then it was a few years ago. Some things are still not balanced but things have been shaping up recently. The competitive nature of the game feels lacking with no incentive to play ranked. As of recently they changed trophyroad and ranked once more linking the two. Hitting 15000 unlocks ranked and resets at the end of the season to 12000 which is a horrible change.,3,2025-09-25 09:00:28,1635,"['CONTENT & UPDATES', 'MATCHMAKING & BALANCE']"
clash_royale,2025,"Would be fun, which it is, if it wasn't horrible at finding wifi. Can't even go five seconds without disconnecting. Once I was in a battle and my enemy was winning and I could've defended it if this sad excuse of a game didn't boot me out. I have full bars on wifi and internet but then I go into the game and then I have like 1 bar or just none. It gets so bad that in fact, it works BETTER outside in the car... FIX YOUR STUPID GAMES, this also happens on CoC too.",2,2025-01-26 22:09:58,1306,['GAMEPLAY']
clash_royale,2025,"After playing this game for almost 10 years, I'm finally deleting it. Once you reach a certain level and win a trophy, the game starts favoring your opponents in the next few levels. In the recent update, they even removed the chests, which is extremely frustrating. I'm no longer playing this game, and with these kinds of changes, more people will probably stop playing it too.",1,2025-04-11 05:16:58,439,"['CONTENT & UPDATES', 'GAMEPLAY', 'MATCHMAKING & BALANCE']"
clash_royale,2025,"I've been playing this game for nearly a decade now and the most recent update has made me stop playing. I didn't love how long chests would take and progression felt painfully slow for years but with daily lucky drops, the battle pass, and the season shop. It felt faster then ever. That is, until they cut the battle pass rewards in half, got rid of chests and the season shop and changed the daily rewards. I have played this game for a long time, but this was the final straw for me. I give up.",1,2025-04-20 21:59:49,407,"['CONTENT & UPDATES', 'GAMEPLAY', 'MONETIZATION']"
clash_royale,2025,"One star. Have come back many times to make sure it stays one. I can go for day, weeks, months, you name it, without getting angry, mad, or even frustrated. once. But once I pick up this game, it's out. Filled with pay to win, inescapable meta (irregardless of adaptation), and marginal elixir hackers you can't do anything about. This game is addicting, toxic, and ultimately unhealthy. I'm done.",1,2025-11-24 09:59:52,400,"['MONETIZATION', 'SOCIAL']"
clash_royale,2025,"I had a good review up for years, but this game is now a shadow of what it once was. last few updates murdered progression, rewards, and even the audio is now butchered. This newest update has changed/destroyed the foundation of a nearly 10 year old game, and the few remaining non-pay-to-win aspects are completely gone. thanks for that. and also thanks for automatically opening the 8 year old chest I had saved since Arena 4. this game is unplayable.",1,2025-04-08 04:53:33,368,"['CONTENT & UPDATES', 'GAMEPLAY', 'MONETIZATION', 'VISUAL & AUDIO']"
clash_royale,2025,"Clash Royale used to be one of my favorite games. The strategy provided interesting gameplay, the progression was fun, and you felt accomplished. However, as of late, it seems that the dev team is making the WORST possible choice with every update. Evolutions were broken for almost their entire lifetime and continue to be troublesome, limited modes and challenges are less fun, clan war is uninteresting, and now progression has been MURDERED. I don't understand why these things had to happen.",1,2025-04-03 06:04:29,364,"['CONTENT & UPDATES', 'GAMEPLAY', 'SOCIAL']"
clash_royale,2025,"The concept of the game is fun, yes, the execution is terrible. What used to be a fun game has, in the past few years, turned into a terrible pay to win game. Supercell, being the greedy company they are, of course make it so that if you're a free to play player, the progression takes years, and after a certain point is just plainly impossible without the need to spend money. They're removing free ways to progress, and making it so you have to pay. And they don't nerf OP pay to win cards.",1,2025-08-24 05:45:30,345,"['GAMEPLAY', 'MATCHMAKING & BALANCE', 'MONETIZATION']"
clash_royale,2025,"this game is alright, I started playing on release and at one point I took a break from the game for a few years. I hate coming back to this game because my king tower is somehow level 13 but most of my cards are level 11, so I can't make any decks work because of the level of cards I'm up against. it's also incredibly difficult to get enough cards in order to level them up, and it's now impossible for me to get evolutions without paying an absurd amount of money.",1,2025-06-06 16:38:23,309,"['CONTENT & UPDATES', 'GAMEPLAY']"
clash_royale,2025,"The game doesn't revolve around strategy, just who has the higher cards level; most of basic interactions fail even with a few level difference which, in some cases, make the game nigh impossible to win. Continuously adding new evolutions and hero cards, which are barely obtainable as free to play, doesn't help either... if P2W was a game genre, this would surely be one of the top.",1,2025-12-27 19:44:04,210,"['CONTENT & UPDATES', 'GAMEPLAY', 'MONETIZATION']"
clash_royale,2025,"I used to play this game 7 years ago and came back because of nostalgia. It has changed a lot, mostly for the worse. The cards now are more unbalanced than ever, which killed deck diversity. In the trophy mode, the game punishes you for winning, as you end up with fewer and underleveled cards against stronger opponents. Unless you are planning to play with friends, I don't recommend.",2,2025-11-23 03:18:29,170,"['CONTENT & UPDATES', 'MATCHMAKING & BALANCE']"
clash_royale,2025,"I've been playing since 2016, and it was such a good f2p game. Unfortunately, they have been rolling out horrible updates that make it so you have to pay to play the game. If you're looking at starting the game, I don't recommend it. They took the chest away and limited how many lucky drops you can get in a day. So unless you're spending money, then you can't advance fast.",1,2025-04-02 07:16:37,149,['MONETIZATION']
clash_royale,2025,"Worst. Update. Ever. The December season features many updates, including the Heroic rarity you can unlock for your cards, and the Level 16 update. IT'S THE WORST UPDATE IN THE GAME!!! The game has gotten even more ""pay to win"" than what it was before. You can't even progress in the game without having to face an opponent with a Level 16 deck, encouraging players to waste money in the game. And the in-app purchases are too much. I quit this money infested game.",1,2025-12-06 06:31:12,105,"['CONTENT & UPDATES', 'GAMEPLAY', 'MONETIZATION']"
clash_royale,2025,"If you are new to the game, and play against live players at the start, they'll have higher level mob than yours. I complete run you over and not sticking to the same level comparison, they could use money to buy the cards to level up while they are at the start, that's a big disadvantage for new players that want to play this game. I like the game, but can't deal with the pay the win stuff.",1,2025-02-02 22:54:37,99,"['GAMEPLAY', 'MONETIZATION']"
clash_royale,2025,"Game is not what it used to be. Devs don't play test their own game, consistently add unessesary and unwanted feature to the game, and barely respond to those who play the game. It has an extremely greedy and predatory system which greatly favors players who spend money over those who invest time and effort to learn the mechanics of the game, making matches grueling and miserable for a free to play player. In conclusion, if you don't want to spend money than don't waste your time.",1,2025-04-03 07:07:58,51,"['CONTENT & UPDATES', 'MONETIZATION']"
clash_royale,2025,"Clash royale is really a great game fallen from grace, a game entirely ruined by corporate greed. This game used to really be something special, an extremely unique and charming game, one of the best skill based and strategy games out there. The core gameplay is still there, mostly, but everything else screams ""pay money"", or struggle for what would be years of frustrating progession, in which the keep adding more of. This game just isn't worth picking up, you have better uses for your time",1,2025-04-07 13:35:12,51,"['GAMEPLAY', 'MONETIZATION']"
clash_royale,2025,"Unless you're willing to spend an ungodly amount of money to progress, don't waste your time. It was fun and playable at one time, but it's long since passed. Every good gimmick is locked behind $5-20 at a time, and unless you're willing to subsequently pay to keep up with card upgrades, you're going to get smeared by disproportionately leveled opponents.",1,2025-12-08 02:06:28,38,['MONETIZATION']
clash_royale,2025,"I played this game for years and I decided to change my review. It is a real shame seeing this game fall into the pay-to-win mechanic so deep. There were always these little microtransactions, but they were predominantly for speeding up your progress and getting more cards to upgrade your deck. Your skill could always win you the game even if you are at a disadvantage. But now if you have not spent a fortune buying the latest evolutions you will not enjoy your time at all. Also nerf firecracker.",2,2025-02-27 12:47:00,17,"['GAMEPLAY', 'MATCHMAKING & BALANCE', 'MONETIZATION']"
clash_royale,2025,"Clash Royale is a very fun (and addictive) game. It is a extremely exciting mobile game, that forces you to stay calm under pressure. It is a fantastic game overall, except that it's pay-to-win. It's SUCH a big frustration, because, unlike a lot of other games, you don't pay for cosmetics. You actually pay for the most overleveled stuff. I don't pay a cent, and it is really hard to keep up with all the overleveled/pay2win players out there.",3,2025-05-21 18:22:34,14,['MONETIZATION']
clash_royale,2025,"I've played this game for many years and have enjoyed it more than any other game on the mobile platform. However, the game has become so greedy wanting more money that it has started forcing players to pay money for the evolution shards, creating a system where if you don't pay, you don't get evolution shards. It's hard to win unless you pay, causing me to feel left behind. Greed:( This newest update 4/25 made it even more that way. Lost a huge fan today over greed with that pay2play trash.",1,2025-04-18 22:38:51,13,"['CONTENT & UPDATES', 'MONETIZATION']"
clash_royale,2025,"They've truly outdone themselves. I thought the level 15 update would be the worst they've ever conceived, but they truly put their full wits and will together and went out of their way to compose the worst update by far. I had already given up on the game a bit ago, but even hearing about this update drove me to the point of even having it on my phone. I've been dedicated to the game for quite some time, reaching GM and such. The game has had a good run, but as all things do, it has truly died",1,2025-04-10 08:36:20,11,"['CONTENT & UPDATES', 'GAMEPLAY']"
clash_royale,2025,"pay to win. that's all this is is, a credit card simulator. if u don't spend hundreds of dollars you can not stand a fair chance against people with cards 2 or 3 levels higher. heros are insane strong and if u want to get one it's ten bucks or a long wait for a random chance to get the one you want. evos are just as slow but at least I can pick the ones I want. the game was ok the first time I played now it's just a money grab. honestly sad about that bc it's a cool and fun concept.",1,2025-12-21 13:33:45,8,['MONETIZATION']
clash_royale,2025,"I wish it was pay to play game. It is no longer a fun game matchmaking is horrible and controlled by the company leaving no room for fun or skill. Wouldn't recommend it even if you pour $1,000 to max out. Got it again to see if they fixed anything in 2025. Sad to see it only went further down hill. Developers don't care about their audience and only want to pump out money. Not only did they take away free stuff they added more microtransaction at a hire price. Just play any of its replacements.",1,2025-04-04 08:15:15,8,"['GAMEPLAY', 'MATCHMAKING & BALANCE', 'MONETIZATION']"
clash_royale,2025,"This game has been deteriorating for a few years now, but the latest upgrade has decimated the game. The structure of the game has been made 'brainless'. Up until recently you had a few options to build cards in a minor way via the 'shop'. Now there is no way to play things you're own way. After playing this game for 9 years, this latest update has destroyed the game. I think Supercell realizes the game is fading and they are out to get the last of the Pay to win players before it folds.",1,2025-04-24 01:00:28,7,"['CONTENT & UPDATES', 'MONETIZATION']"
clash_royale,2025,"Dont waste your time. it was cool when you first start. but they really push spending your money. They do not have a costumer support team that can help with anyone's questions. they offer an AI generated help system that can only help you with 5 different subjects. After studying online, Im finding out nobody can ever get any support. Spent hours now trying to get my account back up, but they don't offer a way. Finally uninstalled for good.",1,2025-04-06 11:31:27,5,"['ACCOUNT & SUPPORT', 'MONETIZATION']"
clash_royale,2025,"There's to much parity in the game. Players use the easiest, cheapest cards and spam them and there's nothing you can do about it. It makes the game repetitive and boring. The paywalls are also absolutely absurd. Supercell tries so hard to get youre money rather than make the game more enjoyable. I've played this game on and off for about 7 years and it has gone downhill because of the repetitive game play.",1,2025-01-16 03:54:13,5,"['GAMEPLAY', 'MONETIZATION']"
clash_royale,2025,"Support for this game is non-existent. We have had a player harassing members of our clan for more than a year. After several months and hundreds of reports, it appeared to be resolved but the player has returned and has started harassing members so much that they are leaving the game entirely. Also if you get deployed and cant access the game for a period of time, they give control of your clan, that you used currency to create, to someone else with no option to take back control when you can.",1,2025-01-03 10:32:11,5,"['ACCOUNT & SUPPORT', 'GAMEPLAY', 'MONETIZATION', 'SOCIAL']"
clash_royale,2025,"Came back and had fun, was able to upgrade to elite pretty quickly. I even bought a pass cause I was happy with the rewards and gameplay. Then they decided to do another money grab, changed everything making it impossible to upgrade. Completely unplayable for anyone not spending massive amounts of money again. Greed killed the gameplay. Leaving again. Apparently $50 million a month isn't enough for them.",1,2025-12-04 01:17:21,5,"['GAMEPLAY', 'MONETIZATION']"
clash_royale,2025,"This game was soo good at release, but sadly turned into greedy cash grab. Good luck if you want to try spend your in-game currency in the shop. Instead it's a paywall filled with stuff that is only available to pay with real money. You wanna grab that nice looking chest that says ""FREE""? well.. you need to buy the thing over it with real money if you want to access it. It's so manipulative and ridiculous. The rewards have gotten worse and worse making the progress is painfully slow.",2,2025-04-07 02:52:58,4,"['CONTENT & UPDATES', 'MONETIZATION']"
clash_royale,2025,"They ruined the game. Unless you want to spend $50 on cards and evolutions, you will not progress. You used to be able to make progress as a f2p player, even though it was very p2w. Now it's nearly pay to play. edit: Tried the game again. It's even worse. Now there are champions that are incredibly overpowered. some of which are locked behind a pay wall. They also added ANOTHER level to grind for at the exact same time. If you are starting out free to play... good luck, you will need it.",1,2025-12-02 09:54:03,4,"['GAMEPLAY', 'MATCHMAKING & BALANCE', 'MONETIZATION']"
clash_royale,2025,"This is a good game but there are some issues. There's a glitch when switching games modes. It takes multiple taps to select a different game mode, and it's very inconsistent. Also it would be nice to be able to organize the emotes in different ways in game, like newest to oldest for example, or to be able to archive them. It would also be helpful if you could do the same with the banners in the collection menu.",2,2025-09-16 06:10:18,3,"['CONTENT & UPDATES', 'GAMEPLAY', 'TECHNICAL']"
clash_royale,2025,"This game used to be one of my favorite games, i myself have played it for about 6 years. but the game seems to be going on a downhill trend, especially with the nonstop monetization, introduction of level 15, gold shortages (as mentioned by other reviews), and the nonstop release of dumb evolutions which are very hard to play against. I hope this game improves in the future but for now it seems to be going in a very concerning direction.",1,2025-08-21 08:03:35,3,"['CONTENT & UPDATES', 'GAMEPLAY', 'MONETIZATION']"
clash_royale,2025,"The game at first was great. I have played it for 6 years. Until the continuous updates, unnecessary characters and excessive cash payments. Once you don't have money for a card upgrade , you will LOSE a Battle and trophies. Another issue the game has is this buggy feature during Clan Wars. You attack an enemy boat and their health bar for the cannons are still intact. Overall, the game used to be great, but NEWER ISN'T ALWAYS BETTER.",1,2025-04-22 07:15:17,3,"['CONTENT & UPDATES', 'GAMEPLAY', 'MONETIZATION', 'SOCIAL', 'TECHNICAL']"
clash_royale,2025,"I have played this game since it's launch. I am sad to say the following: This game is a money grab entirely, the strategy and fun went out the window a few years ago. Every subsequent update has made the game less engaging and rewarding. They have consistently ignored player requests and have worsened the experience for players not wanting to spend hundreds of dollars on a rock paper scissors mobile game.",1,2025-04-04 22:45:02,2,"['CONTENT & UPDATES', 'GAMEPLAY', 'MONETIZATION']"
clash_royale,2025,"this game is great, but the time it takes to evolve cards is so slow, most other players pay for them in seconds, especially in later stages of the game, you critically depend on evo cards. I spent a full year to evo one card, and my friend paid for three off the bat, instantly jumping a quarter of the game. It is very much a pay to play game and no longer fun, yet still highly addicting.",1,2025-09-22 09:47:48,2,['MONETIZATION']
clash_royale,2025,"The game was fun when it came out, but slowly over the years Supercell has changed what made the game good. It's so bad it's possible to softlock progression at the very start of the game. This review isn't so change can happen. it's to bring down the overall rating in a collective group effort. I would have choice words for you, Supercell but then you have a valid reason to take this down. I'm simply upset. That is all. Thank you.",1,2025-06-08 14:58:49,2,['GAMEPLAY']
clash_royale,2025,"The game in general is fun and was almost perfect. However with the release of wild cards (an item that lets you level up a card of the same rarity), the game has become pay to win. You cannot avoid this since you are put against people with the same trophy level. This means that you'll lose matches regardless if you have skill or not. This game is supposed to be about strategy, but at this point it's more about who's willing to pay more money in leveling up their card deck.",1,2025-09-23 13:36:55,2,"['CONTENT & UPDATES', 'GAMEPLAY', 'MATCHMAKING & BALANCE', 'MONETIZATION']"
clash_royale,2025,"After a while opponents seem to be picked purely based on your decks weaknesses and you fall so behind, it's not worth the anguish of 20 losses in a row. Edit: I recently tried to log back in because there are absolutely NO games worth the time on Google play anymore. Everything gets boring and I'm about done altogether with gaming. To conclude, the support team could not help me get my account back unless I gave them proof of purchase. I have my account! What more do you need?!",1,2025-06-23 05:17:21,2,"['ACCOUNT & SUPPORT', 'MONETIZATION']"
clash_royale,2025,"Used to play this game when it first came out. You just played the game and you earned cards and leveled up over time. now everything revolves around spending money on evolution cards or rewards, you can earn them for free after you play and max out about 4 or 5 events and them maybe have enough to evolve one unit. But someone who spends 10-15 bucks on a single evolution card will pretty much always win agaisnt someone without. Sad to see the game turn into this.",1,2025-09-13 12:24:26,2,['GAMEPLAY']
clash_royale,2025,"Super fun game, I can play with my friends and it is super engaging and fun to use on long road trips and just whenever I have downtime. Huge issue: it is completely pay to win. It is ridiculous to have to play people that are above you in level and skill. The only way to play them is to pay, which is really dumb. The last update was COMPLETÈLY unnecessary and stupid. Please make your game better.",3,2025-09-30 08:39:05,2,"['CONTENT & UPDATES', 'GAMEPLAY', 'MONETIZATION', 'TECHNICAL']"
clash_royale,2025,"Been playing on and off for 9+ years. I want to play, but I can't anymore. UI is way too flashy like a casino, trying to get you to spend every last penny you have on their game. They want you to click 10,000 things in the menu and click all these random buttons to collect free rewards or rewards in general. I enjoyed the game before it felt like a flashy casino.",1,2025-10-09 21:04:06,2,['MONETIZATION']
clash_royale,2025,"The game became very pay-to-win now. They released another update where they effectively reduced all of your cards' levels by one, and then push ""deals"" to you to make you buy with real money, so you can get back to your old level. You basically have to spend like 20 bucks to buy their battle pass monthly to be on equal footing with other ppl. If you didn't buy it, you would just lose to someone that did buy it. If you're not already invested in the game, I don't recommend to start playing it.",1,2025-12-02 10:13:23,2,"['CONTENT & UPDATES', 'GAMEPLAY', 'MONETIZATION']"
clash_royale,2025,"This game used to be really fun, I had a blast around 2021 - 2022. But, recently... with all the Broken Evo's and Broken Hero's, Free to play players just can't keep up. (They are attempting to make the game better so you can get cards you want with gems... but it just isn't enough.) If you wanna play for free, I'd recommend any other game, as you'll just get annoyed. But if you like spending money... go ahead.",1,2025-11-26 22:20:21,2,['CONTENT & UPDATES']
clash_royale,2025,"I've been playing this game for 10 years and its currently at an all time low because the game is becoming less strategic. The evolutions and ""heros"" are just overpowered and flankly dull. I dont mind playing higher level oppenents; winning against them is satisfying. However, its dissapointing to have to constantly play against boring decks, which all have the same strategy. Still a good game at its core but new recent ideas and additions are awful. I can only have fun playing mega draft.",2,2025-12-03 19:28:48,2,"['GAMEPLAY', 'MATCHMAKING & BALANCE']"
clash_royale,2025,"When I started playing it was a perfect, simple game, now it's way overcomplicated and completely pay to win, it has left me no choice but to either pay or uninstall. The update that brought evolutions is pretty sick, but they are way too overpowered, and anyone can just pay to get them, while they could be free, so everyone is even. Such a twisted way of making money, hope you learn from your mistakes.",1,2025-08-16 08:15:14,1,"['CONTENT & UPDATES', 'MATCHMAKING & BALANCE', 'MONETIZATION']"
clash_royale,2025,"Let me completely honest. this game has fallen off so much it's unreal, it seems supercell is trying it's best to ruin this game for anyone who doesn't spend money on microtransactions. it's like call of duty all over again but on mobile. it is pathetic and scummy, it used to be bearable, you used to have so much things that would help you level up your cards as a free to play, I have been playing this game for around 4 years now- I recently unistalled it because the changes were too much.",2,2025-07-20 23:30:55,1,"['GAMEPLAY', 'MONETIZATION']"
clash_royale,2025,"Recently, came back to game. Found it impossible to make your way up trophy road. The amount of bots they have programmed into the game to fill games quickly is insane. Every second game you vs a bot, check their stats, generic names, pictures and they have thousands of wins. The bots have perfect counters to everything you put down and is virtually impossible to progress. They are killing their game in search of making money, tricking people into spending real money to get better cards.",1,2025-09-25 08:34:01,1,"['MATCHMAKING & BALANCE', 'MONETIZATION']"
clash_royale,2025,"Definitely my most played mobile game. 2025 Update: I took a long break from the game and reinstalled to see the new content... and man it's bad. They somehow found a way to make the game even more pay to win with the unfair evolutions, which are just better, overpowered versions of troops that are extremely difficult to get without paying for them. Was fun to try out the new troops they added then I uninstalled after seeing evo firecracker for the 100th time in a row. Not worth it.",2,2025-06-04 20:18:40,1,"['CONTENT & UPDATES', 'MATCHMAKING & BALANCE', 'MONETIZATION']"
clash_royale,2025,"One word can be used to describe this game, pay 2 win. Game starts of enjoyable than you reach a point where every match you go against cards 4 levels higher than yours, this makes it almost impossible to win unless your opponent is completely incapable. Progression is very slow, the only way to progress faster is by paying. So I would not recommend this game, every once in a while you get a glimpse of hope to keep you going. But you are destined to fail without a credit card.",1,2025-02-28 07:08:04,1,"['GAMEPLAY', 'MONETIZATION']"
clash_royale,2025,"don't install it if you can't spend a lot of money on this game because each new update makes players to spend more money. The last update I saw added lvl 16 and you can upgrade your cards only with money (or wait several years to update it), before it was easier to upgrade cards without money. And heroes were added, they are op and you can't choose your hero, only buy it by cash. That's just insane, not gonna play it",1,2025-12-28 21:05:15,1,"['CONTENT & UPDATES', 'MATCHMAKING & BALANCE', 'MONETIZATION']"
clash_royale,2025,About time I'm liking it(2016). edit: years later I gave up on supercell at this point. when clash Royale switched to the setup and gameplay it is at now a while back I uninstalled this game. I tried to reinstall and give it another shot just to uninstall it again. I wish it never would've changed IDK why it changed it was perfect how it was before we had to do all the extra stuff and battle from ships and everything else. I miss the good ol days. distant memory now though sigh 😔 (2025),1,2025-10-06 10:55:17,1,['GAMEPLAY']
clash_royale,2025,"they won't leave the game alone. almost every time I open it there is a new update and they keep adding a bunch of bs stuff that doesn't matter. it used to be simple and fun. now it's just price tags everywhere and useless eye catchers. it's basically pay to play and even then you'll still get the ba popping up, don't recommend. clash of clans is getting just as bad.",1,2025-11-26 11:59:22,1,"['CONTENT & UPDATES', 'MONETIZATION']"
clash_royale,2025,"Played for years, but the addition of level 14 finally got me to quit. They arbitrarily moved the goal posts, requiring so much more time and/or money to remain competitive on ladder. Shame on them. Edit: reinstalled and was enjoying things for a while, but the devs are always trying to make the game worse with aggressive pushes toward monetization and less friendly modes for free and low-spending players. This game is super fun and really well designed but is being smothered by greed.",3,2025-07-09 22:30:04,1,"['CONTENT & UPDATES', 'GAMEPLAY', 'MATCHMAKING & BALANCE', 'MONETIZATION']"
clash_royale,2025,"over years playing this game, it was fun at first, but with the recent update, it got boring, and it got a lot harder to get cards now, and really, with the mistake update. I hope they change their mind and add their chest again. Also, the tokens shops were good. I don't know why they removed that, too but I hope they bring it back and learn from their mistake",2,2025-04-26 10:32:43,1,['CONTENT & UPDATES']
clash_royale,2025,I started playing in 16. it was fun for the first 5 years. I would occasionally buy the pass depending on the season. then in 21 it was just a cash grab. so I deleted the game. I came back in 25. it was amazing and fun again and resources were plentiful. then this last update was the worst I thing I could have dreamed up. so delete again.,1,2025-04-11 12:11:00,1,"['CONTENT & UPDATES', 'MONETIZATION']"
clash_royale,2025,"The game is really fun, addictive, and well-made. But sometimes it feels like you need to spend money to progress faster — especially when facing opponents who boosted their cards with purchases. That doesn’t feel fair. In the end, this game is either about patience and smart strategy, or paying to progress quickly.",3,2025-09-23 08:09:37,1,"['GAMEPLAY', 'MONETIZATION']"
clash_royale,2025,"I hate the absolute state of Supercell games right now. I understand the need to maintain a loyal player base, but it feels like you've lost sight of what made your games great in the first place. You keep piling on new features—pop-ups, menus, limited-time modes, endless rewards, flashy offers, and a flood of settings. It's overwhelming. There was a time when you could simply log in, grind, and enjoy leveling up your troops or improving your card. It was straightforward and satisfying.",1,2025-05-07 01:44:52,1,['ACCOUNT & SUPPORT']
clash_royale,2025,"I used to play on a different device and loved it! When I switched to android 9 years ago I had to start over. I got a little salty about losing my two years of progress, so I quit before I finished the tutorial. I recently redownloaded it, but im stuck replaying the last training match over and over. kinda unplayable, and needs to be addressed, especially if this is b anything that someone else has dealt with too",1,2025-11-25 15:43:32,0,['GAMEPLAY']
clash_royale,2025,"Clash Royale was SO much fun for the 3 or 4 years I played it, was a great time killer, and the strategy of its real-time battles was very enjoyable. Sadly the most recent wave of updates (the most recent one in particular) has made it so that I find no reason to keep playing. The free to play friendly progression system has been done away with in favor of making the players have to buy their way forward and enough is enough. Deleting the game and most likely never looking back. Hehehaha. 💔",1,2025-04-21 14:54:07,0,"['GAMEPLAY', 'MONETIZATION']"
clash_royale,2025,"Has such potential but its pay to win. constantly get paired against players who spend money to have the most over powered card and win the game within the first 30 seconds. There shouldn't even be an option to do that. Not to mention the game is just a desperate money grab. There's a ""path"" that gives you ""Free"" loot, but first you need to pay $3 for item 1, then you can get item 2 but oh wait, gotta pay $3 for item 3, and then 5 and then 7 and so on. All just so you get gear you shouldn't have",1,2025-10-22 09:56:28,0,['MONETIZATION']
clash_royale,2025,"Very fun game! I have had it since the release. There are a few things that feel like supercell is trying too hard but it is still fun. However... I PAID for the seasonal ""Pass Royale"" and played so much that I got to the end of the pass. I was getting ""lucky loop"" chests that cost 20 crowns (several wins) each. I continued to play and now I am ""maxed out"" on reward chest. This is very discouraging to me as I PAID for the extra rewards... I will most likely NOT spend more money on this game...",1,2025-10-31 03:57:29,0,"['CONTENT & UPDATES', 'MONETIZATION']"
clash_royale,2025,"Gambling: The Game If your opponent's troops and towers are higher level, they win. If you're equal, you get good gameplay. If you're more leveled, you win. You need to play for 2-3 hours to get the same progress as feom spending a dollar. Leveling up is trivial if you're paying. Be ready to throw away games if you're opponent has a high level.",2,2025-06-20 18:47:16,0,['GAMEPLAY']
clash_royale,2025,"So this is how the algorithm works now - you win 2-3 games at a stretch and then start loosing. After loosing some matches you win one or two and again start loosing. In the sometimes they'll give you a huge trophy push, and then bring you down so that you are hooked to gaining back the lost trophies. This makes the game addictive in a frustration way. I used to play this before, then stopped, again started. But from now I'll never play this anymore. Also it's so pay to win now.",1,2025-06-07 18:19:11,0,"['MATCHMAKING & BALANCE', 'MONETIZATION']"
clash_royale,2025,"Clash Royale could've been one of the best mobile games. The gameplay is fun, fast-paced, and strategic. But it's heavily pay-to-win, ruining the experience for casual or fair players. Early on, progress feels good—you unlock cards and improve. But soon, you face players with over-leveled decks unless you pay a lot. It's frustrating and unfair. Not recommended if you're free-to-play. And bring back the season shop for us the free-to-play",1,2025-04-25 11:43:06,0,"['CONTENT & UPDATES', 'GAMEPLAY', 'MONETIZATION']"
clash_royale,2025,"Greedy. The only thing the developers have in mind is fattening their own pockets. The recent balance changes and taking away the season shop while also implementing this new ranked system made the game (somehow) even more pay to win. They finally made the game utterly and completely unplayable. Congratulations! It's a fun game nonetheless and there's no other like it but I won't be playing it, unless something changes.",2,2025-08-04 18:48:27,0,"['CONTENT & UPDATES', 'MATCHMAKING & BALANCE', 'MONETIZATION']"
clash_royale,2025,i have been playing this game since its launch... about 9 years ago. Was one of my favourite games. However over the last few years the game became so much pay to win is incredible. You cannot compete without spending as you cant keep up with the new cards and new evolutions. Also it is so obvious that once you start winning the game gives you the worst matchups in order to go down again. Its a never ending cycle. I just deteleted it and i strongly advise to stay away from this game.,1,2025-09-13 00:51:06,0,['MONETIZATION']
clash_royale,2025,"Working as a software tester led me to realise that no program could ever be perfect. However, there are some glaring issues to this game, especially with the new update. 1. When doing clan war battles, if you get 2 or more victories (aka at least 1 tank broken), you should get 3 lucky drops. However, this is not the case. 2. The push back on how rewards are obtained in favor of some money is a kill-joy in my opinion, especially with no more in-game currency shop. Shadow what the game was tbh",2,2025-04-28 07:56:15,0,"['CONTENT & UPDATES', 'MONETIZATION', 'SOCIAL']"
clash_royale,2025,Fallen from grace. This still is one of the best mobile real-time-strategy games but I just cannot recommend it after all the predatory changes to the monetization system. You will like it at first but eventually the gameplay becomes unfun as you must bang your head against the wall that is max level decks which you will never be able to obtain.,2,2025-03-01 23:05:40,0,"['GAMEPLAY', 'MONETIZATION']"
clash_royale,2025,"I was playing since 2021, and a lots have changed till now. I can say that most of it wasn't to shabby, but it always created that constant feeling of the game just being more and more expensive. Recently, I have lost all of my magic books because of the update without warning, it chose random cards to fill, I had so much plans for these books, I even had a book of books, and you take it away to introduce something even worse? HEROES+LVL16?? You aren't even hiding it anymore, you steal our money",4,2025-12-05 06:27:12,0,"['CONTENT & UPDATES', 'MONETIZATION']"
clash_royale,2025,"Every update makes the game worse. What used to be a game of strategy has become a game with no skill due to the inclusion of evolutions. Furthermore, every update makes progression more difficult unless you spend a large amount of money. Do not download this app. They do not care about the player experience only about money. And as with my experience, it has only gotten less fun throughout the years and is now unplayable.",1,2025-04-27 00:10:53,0,"['CONTENT & UPDATES', 'GAMEPLAY', 'MONETIZATION']"
clash_royale,2025,"Used to be a fun strategy game, but now it’s just a cash grab. The developers clearly imbalance the game on purpose to push players into spending money. Progress is ridiculously slow unless you pay, and new overpowered cards are introduced just to milk the paying players. If you're not spending, well, good luck... It’s gone from skill-based to wallet-based. Disappointing.",1,2025-06-17 01:54:36,0,"['GAMEPLAY', 'MATCHMAKING & BALANCE', 'MONETIZATION']"
clash_royale,2025,"It's a great game, actually, but in this new update, it became so pay 2 win that it got unplayable. every 2 matches, I get a battle pass oponent that has at least 2 level 16 cards and completely destroys strategies that would work normally to counter the card. it's probably the most pay 2 win game I've ever played, and I really liked it before it became this, but now it's just disappointing to see how greedy supercell is.",2,2025-12-25 17:59:40,0,"['CONTENT & UPDATES', 'GAMEPLAY', 'MONETIZATION']"
clash_royale,2026,"I've never played a game that punishes you more for playing, nor a game that will force you to lose as much as this game does. This game will match you with opponents that have much higher cards than you, I mean all there cards will be 2 or 3 levels higher than yours. Your opponent will also have a higher tower level so not only do your cards do less damage and have less health, you also have to do more damage to their towers than they have to do to yours. Tower cards also need to be adjusted.",1,2026-04-20 00:24:45,978,['GAMEPLAY']
clash_royale,2026,"Would give 0 stars if I could. It use to be fun, 5 yrs ago. I keep coming back hoping for the best, always disappointed. It's a Pay2Win money grab. The devs never listen to the community who begs change and the cards are terribly balanced. In ranked you will play against the same 2 decks over and over and over again with no variety or room for independent thought. Players are leaving by the hundreds because of how braindead it has become.The devs should be embarrassed at the state of the game.",1,2026-06-18 08:53:59,663,"['MATCHMAKING & BALANCE', 'SOCIAL']"
clash_royale,2026,"playing for almost 9 years. It is the best mobile game of its genre imo. I disagree with reviews calling it pay to win/play. They are lying/ misleading. Paying will help advance but not necessary at all. However, I would like to call out the developer for a shady way of mixing rewards with pay items. I can see how a child could easily run up their parents' credit card. Also, plz, enough with useless prizes. banners, emotes, blue crystals for what? tokens for what? Reward system is a mess",3,2026-05-03 02:54:30,649,['MONETIZATION']
clash_royale,2026,"After 10 years of playing this mobile game. I still haven't maxed out my cards as a Ftp. I have mostly 12's out of 16. I have enjoyed the game overall, but it is heavily paid to win. As you climb the ladder, you will need higher lvl cards, and you can't fixate on just 8 out of the current 122 due to the meta constantly changing. I only play a few months out of the year. Eventually, you peak and wait for the ladder to adjust. Just so you can climb a bit further. I have almost 500 hrs on record.",3,2026-07-18 05:42:40,474,['MATCHMAKING & BALANCE']
clash_royale,2026,"I've played since launch and no money spent. I am currently an Ultimate Champion with 14k trophies chasing top 2k. I don't understand what the team is doing. There has been a huge drop from 45million players to 5million in a couple months. It had one of the biggest player base of mobile EVER and they destroyed their own game. This game makes MILLIONS each month and they can easily make more by balancing the game correctly and listening to the community. If you are wanting to play this game, wait",1,2026-05-11 18:30:06,431,['SOCIAL']
clash_royale,2026,"9 year badge. This was one of the best games I've ever played, and I still cherish the hours spent back when it was strategy based. Gave it another go after a 2 and a half year break. Like all great card games where cost to play is involved (elixir here), new mechanics or new cards costing less than their value ruining balance, destroying strategy based approach. Started with heroes and their abilities which weren't too awful compared to what it is now. Select units with abilities devalues them.",1,2026-01-30 07:19:49,420,"['GAMEPLAY', 'MATCHMAKING & BALANCE', 'MONETIZATION']"
clash_royale,2026,"I have been playing this game for 7 years. Although, from past updates the developer already balanced the cards and evolutions, the problem now is there are so many cheaters (or the system that don't allow you to win) in this game. When I play and in winning position or crucial time, I just got disconnected and must relogin that made me lose the game (averaging loss 10 elixir every relogin). When I check my wifi connection it was okay and the signal strength is excellent.",1,2026-09-17 14:52:57,387,"['MATCHMAKING & BALANCE', 'TECHNICAL']"
clash_royale,2026,"The game just screams pay-to-win. Do you expect people to play a game where it doesn't take skill but money to advance? Matchmaking is also problematic. Same levels, not trophies, should determine who you play with. Not to mention the terrible, op cards like Mega Knight. At least 6/10 opponents use this stupid no skill card. Nerf it (especially the evo) ASAP! The game has many smaller issues as well...",1,2026-04-28 00:00:58,382,"['GAMEPLAY', 'MATCHMAKING & BALANCE', 'MONETIZATION']"
clash_royale,2026,"Such a strange strategy that SupetCell has. Make the game frustrating so they think you will pay to win. In reality it just makes you uninstall and not play anymore which is what I have done. The AI algorithm bots, perfect counters it's just all too much. But I guess when you have mass exodus they need to rely on bots for any type of game play anymore. Game is less than 1 star. Avoid at all costs. Good riddance. Nice job Supercell.",1,2026-09-08 09:00:38,334,"['GAMEPLAY', 'MONETIZATION']"
clash_royale,2026,"The game can be fun and rewarding, such as playing challenges and unlocking achievements/ magic items to help you progress. However, everything that you earn through time & effort can simply be purchased with real money. You can become skilled & learn to play with your cards & decks, but alas, if your opponent has spent more money, your odds of winning are slim. Often letting the player feeling very stressed and overall a sour experience that doesnt want you to keep playing for more.",2,2026-01-11 11:46:14,326,['MONETIZATION']
clash_royale,2026,"Clash Royale developer, please stop control the speed of the elixir, the way you control it is unprofessional and destroy the game. What a shame. Poor game play. Top girl and mafia city is much much better.",1,2026-08-11 23:13:13,310,['GAMEPLAY']
clash_royale,2026,"Started out as a great game, but greed has over taken the spotlight, now experience and strategy have nothing to do with it. The game seems to only be centered on greed! When you can say with certainty whether you will win or lose before any cards are even played it makes me sad. I don't mind losing but when you know it from the very beginning I think that is sad. shame on the creators for corrupting the game play, very sad. I can't even stand for someone to say good luck or well played, sad!",1,2026-07-06 11:10:28,294,['GAMEPLAY']
clash_royale,2026,Played since launch and have always enjoyed the game which is amazing. Sadly the game is poorly managed. The over monetization is off the scale. 100% pay to win which is very sad. I consistently bought the battle pass and made purchases from the shop for years because I believe in supporting games that bring value. The excessive greed of the game management has driven off a lot of the core players and I won't be spending anything more as a result of this. Hopefully they get it together soon.,1,2026-02-03 14:52:33,289,"['GAMEPLAY', 'MONETIZATION']"
clash_royale,2026,"I've been playing this game for 9 years (and have the badge to prove it). It absolutely breaks my heart to see the disgusting pay to win garbage this game has become. It was easily the best game years ago, now it's barely playable. If you have all the money in the world to burn, you'll love this game, if you're just playing for fun you'll get absolutely destroyed most of the time by players who constantly buy the new meta that's impossible to get in a competitive fashion without spending money.",1,2026-04-08 10:01:25,254,['MONETIZATION']
clash_royale,2026,"Healing gone, lame. The game decides who wins and who loses. It's like a cycle, you win once, then you lose twice, and so on. In one of the modes (trophy mode), they put you up against the same people with the perfect enemies to counter you or vice versa. It's not random. It's the same people over and over no matter what cards you use. If they made every mode random, then it would be different, but they want people where they want them. Every time I play a match, it's a perfect counter.",1,2026-08-06 15:38:31,223,"['CONTENT & UPDATES', 'MATCHMAKING & BALANCE']"
clash_royale,2026,"Very Pay to Win. If you don't spend real money on the game it will take FOREVER to level up cards. Every new update they add new ways to break the balance of the game. Progression to unlock heroes and evolutions takes lots of grinding and pure luck. Those who pay money can get them easily making the gap between p2w and f2p ginormous. The actual concept of the game is unique but due to all these problems it's kinda hard to ignore. Also, the devs don't listen to what the players want at all.",3,2026-09-01 21:05:23,210,"['CONTENT & UPDATES', 'GAMEPLAY', 'MATCHMAKING & BALANCE', 'MONETIZATION']"
clash_royale,2026,I love this game but great job crippling the battle healer. She can't heal herself anymore and she dies pretty quickly now. She is not a tank anymore. Putting a second battle healer down can't even heal another battle healer with the enter heal or any healing at all. She wasn't OP to begin with but now she sucks all together. Why don't you just take her out of the game completely? She was hardly used before but now? Maybe programming is too heeerrdd? Love the game but this is disappointing.,2,2026-09-13 07:43:51,188,"['GAMEPLAY', 'MATCHMAKING & BALANCE']"
clash_royale,2026,"serious bug, after this update game auto exit me from the app and shuts, it needs to re open then only i can play game",1,2026-09-16 12:35:16,179,"['CONTENT & UPDATES', 'TECHNICAL']"
clash_royale,2026,"Really good boredom, buster. Once you get further into the game, you get a lot more interesting cards, allowing you to have a better time. There are no ads. Though i think maybe they can have fewer things to buy with actual money and more to buy with in-game currency. Still awsome game strongly suggest it 😁😁",5,2026-07-29 01:49:55,178,['MONETIZATION']
clash_royale,2026,"I would recommend this game to nobody. I say this as someone with hundreds, if not thousands of hours on this game and many top rank finishes. I have quit the game for months now. The core gameplay is great but once you reach a certain level, if you're not willing to play literally thousands of hours to grind, you have to pay hundreds/thousands in order to progress and have the chance to succeed in high levels of play. Also a lot of the player base are truly terrible people who need to seek help",1,2026-08-26 18:07:20,172,"['GAMEPLAY', 'MATCHMAKING & BALANCE', 'MONETIZATION']"
clash_royale,2026,"Merge this season is a joke. To the people that have put time into leveling up their cards, good luck. You are going to get beat out for some reason by people that create a new account with low level cards. I don't know why supercell would look at this and think it's a good idea. Instead supercell should make merge tactics a locked area until players reach a certain level in cards instead of screwing people over who have been playing for years..... FIX YOUR GAME SUPERCELL!!!!!",1,2026-06-24 06:12:32,156,"['ACCOUNT & SUPPORT', 'CONTENT & UPDATES', 'GAMEPLAY']"
clash_royale,2026,I have played since the start and the game has been great but for the last 3 years it has got far too defensive and pay 2 win. don't spend money on the game and. stay in lower arenas. it's much more fun than at higher levels. you could get a couple of years of fun that way before the boredom sets in of repetition of defensive decks. latest update has done nothing still facing the same decks and no originality in games.,1,2026-08-11 16:55:53,154,"['CONTENT & UPDATES', 'MONETIZATION']"
clash_royale,2026,"Clash royale has completely lost its direction. it used to be a simple, rewarding game which focused on match making and climbing a ladder to the top. now it's endless updates, game changes and pointless things to collect. random tokens introduced in one season are gone the next. it's far too complicated and convoluted now. it's really hard to get excited about any of it. I've been playing since the start and it's really gone down hill.",1,2026-04-20 06:25:39,152,"['CONTENT & UPDATES', 'MATCHMAKING & BALANCE']"
clash_royale,2026,"Too many times have I lost a match because of connectivity issues! I have a perfectly stable connection, I'm ahead, than suddenly the game freezes. I close the app and come back to see my towers are destroyed. Can I give this game ""0"" stars? I'd rather be playing Bloons TD with the monkeys!",1,2026-07-21 08:54:36,145,['TECHNICAL']
clash_royale,2026,"Wow, this game was grounded into one big pay to win money grab. Matchmaking getting really unfair too, no matter how good your deck is, there will be a hard counter to your deck, or a super overleveled player matched against you. And that makes it hard to progress, really pushes you to use card level potions too, I used 8, and won 11 games IN A ROW, when that time ran out, I went back to where I started. People who play this game are toxic too, I'm ABSOLUTELY DONE playing this sorry ""game"".",1,2026-07-18 03:46:44,122,"['GAMEPLAY', 'MATCHMAKING & BALANCE', 'MONETIZATION', 'SOCIAL']"
clash_royale,2026,A very fun and addicting game for a while. But if you're free to play don't bother because whoever made the matchmaking should get a hate crime charge because they hate free to play players.,2,2026-07-03 04:28:03,119,['MATCHMAKING & BALANCE']
clash_royale,2026,"Been playing for years, and it was pretty fun until I took a break from the game for a little just to come back to a Pay to win game! Now I can't enjoy the game because of the disadvantage I have not having a Evolution card.. I rarely win now. I already spent a decent amount of money on the game.. the least they can do is gift me some Evolution cards... It used to be a 5 star game now it's a 1 star. 5/10/2026 still the same I can barely win any games",1,2026-05-11 08:00:40,107,['MONETIZATION']
clash_royale,2026,"I've played this game for 10 years, and I have never been as upset with the state of the game as I am now. Supercell has heavily leaned into the Pay to win mentality. You will reach a point in the game where the ones who spend thousands of dollars to max our their accounts will always win, without fail or skill. They make it impossible to climb as a free to play player, if you're not spending the money, you will drop trophies and never reached the peak.",1,2026-06-13 01:27:50,105,"['GAMEPLAY', 'MONETIZATION']"
clash_royale,2026,If you like spending but loads of cash then this game is for you. The algorithm stops you from climbing to high up. It looks for players that counter your deck if you do to well. If you do a handful of matches a day then it's not bad. But if you invest hours you will be stopped dead in your tracks. also big time pay to win for super troops you dont have super troops just $15 and you get 1 super troop...,1,2026-09-09 23:56:22,104,['MONETIZATION']
clash_royale,2026,"I have been one of those who've witnessed and played Clash Royale way back its inception. I agree with most of the reviews here that it has been better then. 40K++ battle wins is no joke and that shows how much I've enjoyed it. However, the game continues to baffle and frustrate ardent players because of its selective match ups. Even in the highest arenas, you don't feel you belong as you're matched up with players that have OP heroes and has become obnoxiously irritating to lose.",1,2026-08-20 02:26:18,93,"['GAMEPLAY', 'MATCHMAKING & BALANCE']"
clash_royale,2026,"This game used to be really fun, but with the implementation of the ""battle pass"" it has become more pay to win than ever. I've played this game since 2017 and slowly watched it go down the drain. At a certain arena, you will basically be cut off from progressing if you don't spend $ as the match making is as unbalanced as it gets. In the new update cards are now lvl 16 when lvl 15 was VERY hard to get The new hero card is also a no win condition to bait for pass purchases. where's my refund 🤔",1,2026-04-17 15:45:08,93,"['ACCOUNT & SUPPORT', 'CONTENT & UPDATES', 'GAMEPLAY', 'MATCHMAKING & BALANCE', 'MONETIZATION']"
clash_royale,2026,"This game is genuinely pay to win now. Card Evolutions are not easy to come by without paying, and they are round-deciding. A player having an evolution card means an outright advantage thats hard to win against. In addition to the ever increasing card and Tower levels, which are incredibly hard to level up without paying for game passes.",1,2026-09-17 10:27:26,86,"['CONTENT & UPDATES', 'GAMEPLAY', 'MONETIZATION']"
clash_royale,2026,"This game is like drugs. it feels good when you start doing it but over time you realize it's garbage but by then your life is either ruined or you are a part of the business of ruining other people's lives. the people that develop it and peddle it don't care about you they just care about how much you buy, this game is undercover trash. a game shouldn't make you want to unalive yourself.",1,2026-07-01 13:06:46,68,['MONETIZATION']
clash_royale,2026,"Unfair matching where after a certain stage, if you don't spend money to purchase their items, they don't let you progress by pairing you with a opponent that has all the counters against your deck. They may let you win 2 or 3 matches once in a while but after that you are back to square one. Been stuck in this loop for a month now. And on top of that the rewards from events and other accomplishments are too meagre compared to the effort.",1,2026-04-08 08:03:51,58,['MONETIZATION']
clash_royale,2026,"No longer enjoyable, now more frustrating. Would give it no stars if I could. Terrible matchmaking. Constantly being matched with overleveled opponents for no reason, when all I ask is for someone on the same level as me, with no cards higher than their crown tower level. Ppl who use cards higher than crown tower level shouldn't be allowed to use those cards. Do better Supercell.",1,2026-08-10 23:48:22,57,"['GAMEPLAY', 'MATCHMAKING & BALANCE']"
clash_royale,2026,"Hands down the most frustrating game I have ever played. Could be great, but Devs dont care. Have left multiple reviews and messages about the outrageously one sided spawn rate. Couldn't take it anymore, had to delete the game. Which really is too bad because it's not the games fault that it's upkeep is so poor. Absolutely awful. Save your time and your money. There are better out there.",1,2026-06-04 10:39:54,56,"['GAMEPLAY', 'MONETIZATION']"
clash_royale,2026,"I downloaded this game a few weeks ago and the gameplay is fun. However, I've been grinding for a high level chest and I've put in around $80 to get to the level I wanted to start unlocking rewards at. During the latest update they've removed the chest I was working for and I was over 90% of the way complete. All I can think is SuperCell doesn't respect the time investment of it's players. Unless they resolve this I'm only going to be F2P going forward.",4,2026-04-26 03:31:08,55,"['CONTENT & UPDATES', 'GAMEPLAY', 'MONETIZATION']"
clash_royale,2026,"Do not install this game if you've never played it before. It is broken and a shadow of it's former self. 2026 update, they have added way more pay to win options to the game. The amount of options available will cost lots of money but let you max out cards, evolutions, and heroes. Also, due to the increasing number of options, there is no way to properly balance everything. You will lose repeatedly to different cards that you can't counter no matter the composition of your deck.",1,2026-06-28 11:07:22,53,"['CONTENT & UPDATES', 'MATCHMAKING & BALANCE', 'MONETIZATION']"
clash_royale,2026,"This game is good and bad! first the cards are good, the fact it's pay to win it's so unfair, especially the over levels instead of fixing it, this game decided to ignore and release all those pay to win offers, the shop is full of stuff you need to pay to get. next, I want to talk about level 16, it's even more horrible, the devs promised not to add it and they did, that means more paying and this will make the game even more unfair for free to plays.",2,2026-07-22 18:08:27,53,"['CONTENT & UPDATES', 'GAMEPLAY', 'MONETIZATION']"
clash_royale,2026,"Pay to Win game with rigged matchmaking. If you want to have ""fun"" be prepared to spend at least $20 each month. Without spending money, they make the game a miserable place with an algorithm that matches you with hard counter decks, unless you splash cash. Servers feel more and more laggy and now there's no reason for free to play players to grind the game as they've removed the rewards for playing a lot. 1v1 your friends other than that this game has a terrible team behind it.",1,2026-04-11 20:15:41,52,"['MATCHMAKING & BALANCE', 'MONETIZATION']"
clash_royale,2026,This matchmaking is more rigged than a Russian election. Cycle deck? bridge spam. Defensive deck? mortar log bait. forget an air defense card? lava loon. only 1 small spell and 1 aoe dmg card? goblin spam. Took a building out of your deck? Hog 2.6. Deck building doesn't result in anything. Play a deck you like? You will see the same 20 cards on repeat. You manage to win? no reward just -27 trophies the next game on a 100-0 matchup the game forced so you would get angry and spend money to win.,1,2026-08-02 07:17:20,51,"['GAMEPLAY', 'MATCHMAKING & BALANCE', 'MONETIZATION']"
clash_royale,2026,"Once you get to the higher levels of the game, everything just becomes repetitive. There is no creativity in the game decks anymore. You play against the same play styles over and over again. I've played the game essentially since it's launch and this is my take on it. And over the past couple years it became clear the developers became more interested in money with game leaning heavily onto pay to win",1,2026-04-22 15:32:27,51,['MONETIZATION']
clash_royale,2026,"if you have to remove cards from the pool during events. then you need to rebalance your cards. the simple fact you do this continuously proves you understand it's ""needed"" for a fair and balanced game. but that's like working out a single arm and then cutting off the other you neglected. just work out both f@$%ing arms.",1,2026-07-07 08:16:53,49,"['MATCHMAKING & BALANCE', 'MONETIZATION']"
clash_royale,2026,"If a majority of players dont get past 10,000 trophies, whys ranked SOOO much further? Who am I playing against? I swear we've been playing bots on an algorithm for so long. The new Ronin card is bad, but the Skeleton army still fights on! Also why is there not lvl 3 prestige for most cards?",3,2026-07-10 10:18:26,49,['MATCHMAKING & BALANCE']
clash_royale,2026,"I have only been plying Clash Royale for over 2 years, so I can't say I've seen the game hit CRAZY progress, though I have played long enough t be able to say that, even if the pay to wins get to much, I wait 1 day, or just stop, think, and reorganize my strat, it is fun. And that having clan mates to assist me is a HUGE plus. Overall, I would recommend the game to people.",5,2026-04-08 03:11:08,48,"['MONETIZATION', 'SOCIAL']"
clash_royale,2026,This game has went to shhh... that's why the ratings just keep dropping and dropping.. This new game mode merge tactics is so stupid. The whole game is getting worse!,1,2026-07-28 22:02:20,47,"['CONTENT & UPDATES', 'GAMEPLAY']"
clash_royale,2026,"maybe when you decide to make the opponents random instead of creating bots that are exactly the counter to the decks we are using, you'll get more than one star. you can make it more entertaining by making random opponent's. I know exactly what cards I'll pay against based on my deck. I'll play six hog riders in a row then two Royal Giants in a row then two princes. get it together! on top of this the events tab has been gone for about 6 months.",1,2026-06-29 23:49:19,47,['MONETIZATION']
clash_royale,2026,"Unfair match ups and Supercell still allow hackers to control the game. Some how they are able to shut off your connection to the game while battling and then you end up losing the match every time. This game has become an extreme pay to play. Everything is behind a pay wall. I miss when you were able to purchase a game and that was it, not spend hundreds of dollars just to gain an advantage in the game Just horrible.",1,2026-04-16 08:56:40,46,"['GAMEPLAY', 'MONETIZATION', 'TECHNICAL']"
clash_royale,2026,"This game is the most pay to win, slop, horrible update, bad decisions, hype train game I've ever seen fall off. Bad update after bad update and relying on streamers to stay relevant other than being trashed on for being so horrible. Constantly buffing or catering to overpowered cards instead of focusing on fun or actually making something no 15.99 on a mobile game that you could just get for free Do yourself a favor and if you think of downloading clash Royale, burn your phone to save yourself",1,2026-09-01 06:51:24,46,"['CONTENT & UPDATES', 'MATCHMAKING & BALANCE', 'MONETIZATION']"
clash_royale,2026,"P2W game, your opponent always plays higher level cards ( always +2~3 level) and it's so balanced! Also, the clan war match making is even worse. Btw, I have an old account and try to recover it through 'help and support ', I provide many details of the account a few times but the only replies are always the same: ' Thanks for the provided information. We will now assign an agent to review your case and get back to you as soon as possible. ' Life is hard, enjoy the game :)",1,2026-05-12 21:36:40,46,"['ACCOUNT & SUPPORT', 'GAMEPLAY', 'MATCHMAKING & BALANCE', 'MONETIZATION', 'SOCIAL']"
clash_royale,2026,"Mega Knight/Pekka still too over powered and super cell treats them like their babies. They never get nerfed, they are always in the meta and the devs/creators only make them stronger each season. there are no counters to these cards that dont instantly get one tapped and no viable solution to dealing with them. Once Supercell can fix these cards is the day ill start spending money on this game again because what's the point when one deck runs the game. Not an exciting game due to this.",1,2026-07-15 01:15:19,46,['CONTENT & UPDATES']
clash_royale,2026,Don't bother wasting time upgrading cards. as soon as you max out they'll just nerf it into oblivion.,1,2026-07-30 13:44:52,45,['MATCHMAKING & BALANCE']
clash_royale,2026,"At first, when I downloaded this game, I loved it, I spent hours on it grinding my way through each game and level. Although, when the game got more popular, it kind of just got into a pay to win hacker game instead of a fun, stragy game. I did a 1 star because it seemed like they weren't improving the game. They were just finding every way to get as much money as they could.",1,2026-03-30 04:49:23,44,"['GAMEPLAY', 'MONETIZATION']"
clash_royale,2026,"Have played for years and have enjoyed it until they introduced the 'hero' cards. Though these new cards do give the game a needed variety, they are very overpowered if not countered by other 'hero' cards. This wouldn't be a problem, if they weren't hidden behind a pay wall. Over the years, I have paid more for this game than a real console game, yet this system essentially required continuous payments to remain competitive. It's great if you like being dominated alot...",2,2026-03-02 02:34:07,43,"['CONTENT & UPDATES', 'MATCHMAKING & BALANCE', 'MONETIZATION']"
clash_royale,2026,"Clash Royale is my favourite game ever... but I have a horrible problem right now! the update reaches 100% in the bar but I can't tap “open” to open the game. please fix it, I tried stopping the download and restarting it from scratch several times. PLEASE HELP",1,2026-06-25 16:42:11,43,['CONTENT & UPDATES']
clash_royale,2026,"Don't even bother spending money on this game. It's 2026 and somehow Supercell still hasn't figured out how to deal with the hackers that riddle it and force interrupt your connection whenever they start losing. Trust me, you'll feel a lot smarter once you count your losses and delete this terrible game.",1,2026-09-02 20:07:53,42,['TECHNICAL']
clash_royale,2026,"Your mystery box drop rates are completely unacceptable. Why is gold even an option? Before introducing these, frankly deceptive, boxes, I would've been able to upgrade cards to level 14 completely through consistency. Now I play every day but get next to nothing in terms of cards, and especially Wild Cards. Which, by the way, are phenomenally rare. Not just large amounts of Wild Cards, ANY wild cards at all. More often than not, a 3 star box will give GOLD. I have a million. I do not need more.",1,2026-05-16 07:36:39,41,['GAMEPLAY']
clash_royale,2026,"I'm getting HOUR LONG BANS because my game keeps crashing. I keep looking like a jackass to my teammates because the game takes like 30s to open after a crash, so the match is over and lost by the time I reconnect. Performance has tanked with recent updates. Random lag and huge delay for placing troops/spells. Even something as simple as loading into the MAIN MENU and opening the shop can cause a crash. Supercell, this is UNACCEPTABLE. At least make an ACTUALLY useful settings menu or something.",1,2026-04-19 23:55:22,41,['TECHNICAL']
clash_royale,2026,"This is a total gambling algorithm! Like all mobile games, it seems fun for a while, then it becomes increasingly difficult to progress unless you pay. They all have a gambling feel to it, i.e. you win some, you lose more. Clash Royale is exactly the same. Great way to get people addicted and waste all their time and money. I have uninstalled this game.",1,2026-07-08 00:19:44,41,['MONETIZATION']
clash_royale,2026,This game is great however falls all too stale facing the same winning deck made from the cheapest current cards per update. Its HUGE on pay to win which sucks considering the game becomes less fun. Its obvious that supercell cares more about money than the game. competitive pairing is based ONLY on trophy count so get ready for the pay to win frustrations playing maxed cards regardless of your own card or tower level. update: the game is forever unbalanced and trash as a game can get. R.I.P.,1,2026-08-01 20:35:06,41,"['CONTENT & UPDATES', 'GAMEPLAY', 'MATCHMAKING & BALANCE', 'MONETIZATION']"
clash_royale,2026,I have been playing the game for over 10 years now and love the game. It has always had the connection issues whilst you are mid-battle. That wifi/connection issue has been the worst in the last few days/weeks. Every second game I play crashes the game with connection issue and ends up killing my interest. And it's definitely not my internet having the problem.,1,2026-05-07 22:17:13,41,"['GAMEPLAY', 'TECHNICAL']"
clash_royale,2026,"The game is designed so if you want to play it for a long period of time you have to put money into it. Card system is trash. Mechanics are stupid. Characters can make hits when they shouldn't be able too. Characters will run out of their way to go the wrong direction. Just trash.And the constant adding heros, the same meta decks and fast cycle decks un playable for a casual player.",1,2026-08-15 12:30:13,41,"['GAMEPLAY', 'MONETIZATION', 'SOCIAL']"
clash_royale,2026,"Nerf hogrider immediately. It's gotten boring to play the game because everyone uses the unit. It's honestly gotten so ridiculous, that I've had to resort to leaving matches as soon as I see someone playing hogrider. I know how to counter the unit, but it doesn't matter. It gives me a headache every time and every time I loose, it's to hogrider. Please just let me play the game peacefully without this nonsense.",1,2026-08-13 02:20:31,39,['MATCHMAKING & BALANCE']
clash_royale,2026,"Trash matching algorithm, P2W system. If you enjoy having a plethora of cards at your disposal but only ever see 2-3 decks being used because Supercell can't seem to figure out how to balance anything, then this is the game for you. The new Hero's are a waste of time and money now so don't bother grabbing those either (that's why they made some hero's free through events, they aren't worth anything). Been playing 10 years on and off, unsure if the game is salvageable or not.",1,2026-06-14 22:54:35,39,"['CONTENT & UPDATES', 'MATCHMAKING & BALANCE', 'MONETIZATION']"
clash_royale,2026,"The gameplay is just ok. The game seems to put you up against everyone who's just a little better than you. If you pay money, you can own special characters' abilities. One character (mega knight) is used by 90% of the players. It's ruined the entire game. all the good modes to play rely on being in a clan and hopefully one of those 2 people want to play against you. its like a fun game but they keep taking the fun out of it.",1,2026-06-12 08:39:38,39,"['CONTENT & UPDATES', 'GAMEPLAY', 'MONETIZATION', 'SOCIAL']"
clash_royale,2026,Can be very frustrating when people just pay their way though the game and than get most of that payed stuff that was really good turned into somthing not good. Not only that but the whole game is based on a pay to win mechanics. The match making is by far the worst part about the game! It ruined itself over the years. Over all it is a strategy game that you have to be very precise when playing. If you rage easily don't download.,1,2026-06-23 02:45:36,39,"['GAMEPLAY', 'MONETIZATION']"
clash_royale,2026,"Not a terrible game anymore. Still kinda toxic, still hard to level stuff sometimes. it's fixed itself a lot though",4,2026-07-08 23:08:41,39,"['GAMEPLAY', 'SOCIAL']"
clash_royale,2026,"Let me start by saying I have been playing this game (somewhat on and off) for the last 6-8 years (not quite sure). The game has devolved so poorly into pay-to-win mechanics that you are almost physically unable to progress through the games ""ranked"" mode (ladder) without purchasing cards from the shop. My average card level is roughly 13, which a few years ago used to be amazing. Now, it's terrible. With the addition to placing max level caps at level 16 (and everything else), ThisGameSucksNow!",2,2026-04-01 21:18:46,38,"['CONTENT & UPDATES', 'GAMEPLAY', 'MATCHMAKING & BALANCE', 'MONETIZATION']"
clash_royale,2026,Some cards remain overpowered making the game less fun. Edit: now the challenges have become almost impossible to beat as I spend so many gems just to get stuck at 4 or 5 wins and never make it past that. Also the matchups seem unfair as I'm put up against players that seem to have much better skills than me and every match I go in on challenges feel like I'm against a person with a counter to every single card I have. Edit 2: I am losing 15 matches in a row now (not joking),1,2026-09-05 00:21:02,37,"['MATCHMAKING & BALANCE', 'MONETIZATION']"
clash_royale,2026,"The game is designed in such a way that even if you upgrade your troops, your win rate does not actually increase. You are just wasting your money, because the entire structure of the game, from the score to the outcome, is rigged, and the computer is cheating. Especially in the higher levels, there are no real players at all; it’s just a computer bot that is playing the game",1,2026-04-12 13:49:28,37,"['GAMEPLAY', 'MATCHMAKING & BALANCE', 'MONETIZATION']"
clash_royale,2026,I know the game advertised strategy but there isn't an ounce unless you spend a ton of money. progression is painful and slow and I've been playing for 2 years now and I'm still struggling because of the amount of whales there are in this game. it's all luck are you gonna verse someone with the same levels as you or are you gonna to go against a whale who has the next busted hero. plus they never listen to the community anymore. this game used to be perfect but greed killed it. no lvl 16 pls.,1,2026-06-22 08:16:21,37,"['CONTENT & UPDATES', 'GAMEPLAY', 'MONETIZATION', 'SOCIAL']"
clash_royale,2026,"Classicly fun exp 4 beginners but that quickly goes downhill as soon as you're an intermed. player. It's yet another overrated game. The developer has made hundreds of millions yet the game doesn't give us a lot of flexibility in preferences. There's also not a lot to choose from. As an intermediate player, I already get the jist of all of the cards and gameplay with rewards. The game rapidly gets too competitive and has literally been designed to enrage us. Even the latest music is more aggro.",2,2026-04-23 19:40:24,37,"['GAMEPLAY', 'VISUAL & AUDIO']"
clash_royale,2026,"And it seems that you guys dropped the ball again. the app doesn't fully launch anymore following your latest update. It gets stuck at 98% and says that logging in is taking longer than usual. been playing this game for a very long time and I love it. That being said, with latest goblin related update, it seems that we lost the ability to switch our challenge decks. I am stuck with one deck and I can't change it. Please correct this issue immediately as it is making it boring to play.",1,2026-08-04 20:09:02,37,"['CONTENT & UPDATES', 'GAMEPLAY', 'TECHNICAL']"
clash_royale,2026,"One thing that really frustrates me about this game is that battles aren't matched according to player levels. Players seem to be paired randomly, which makes battles unfair. If one player is two levels higher and has cards that are 2–3 levels stronger, the lower-level player hardly stands a chance, no matter how well they play. Lately, almost every second battle has been like this, and it's becoming very frustrating.",1,2026-06-01 14:40:12,36,['GAMEPLAY']
clash_royale,2026,"This game is WAY TOO HARD to the point where it's not even fun to play. For one thing you hit a point where you just cant get enough cards to level up cards beyond ~LV6, even if you spend real money in the game. For players, the deck has to have 8 cards Yet in the battles, the computer plays the same 3 to 4 cards over & over. Strategy is impossible when you cant guarantee your own deck will give you the same cards being used against you b/c you've got 4 more potential cards than your opponent.",1,2026-04-17 07:47:37,36,"['GAMEPLAY', 'MONETIZATION']"
clash_royale,2026,03/07/2026 10th review: I'm happy that evolutions are getting some love again. Now we just need some more changes to clanwar and please don't add lvl 17. Please.,3,2026-07-03 21:01:10,35,['CONTENT & UPDATES']
clash_royale,2026,"every dev and executive responsible for this abomination should eat every dick available! greed has led this game to the bottom. every single update comes with a new way to squeeze you for money. class action lawsuit should have been filed years ago. This is a predatory game with one single objective... take your money. They rig the game the same way casinos do. Let you in, let you win a little to make you think you have skill. Same exact tactic. I would give 0 stars if I could!",1,2026-09-12 13:23:02,35,"['CONTENT & UPDATES', 'GAMEPLAY']"
clash_royale,2026,"Heroes and the constant adding of card levels have ruined this game. Heroes are by far the worst idea in the history of clash royale, you already have an entire rarity of cards whose ENTIRE GIMMICK is that they have an ability you have to activate with a button. Now ANY card can have that gimmick so long as there's a hero version! it robs us of new champion cards because you cant have two cards with the same ability and is also 10x harder to get than a champion, just plain greedy and stupid.",1,2026-09-15 13:35:29,34,"['CONTENT & UPDATES', 'GAMEPLAY']"
clash_royale,2026,"I've been playing Clash Royale for nearly 9 years. This was one of my favorite games growing up, and for a long time it was the perfect mix of strategy, skill, and progression. What made Clash Royale special was that better decisions and better gameplay usually won matches. Even when I lost, I felt like I could learn and improve. Unfortunately, that feeling has largely disappeared. Over the years, the game has become increasingly focused on monetization rather than competitive balance.",1,2026-06-06 01:27:48,34,"['GAMEPLAY', 'MATCHMAKING & BALANCE', 'MONETIZATION']"
clash_royale,2026,"this game sucked, but as soon as they updated to 15k trophies and removed the stagnant part of the game, it was suddenly fun and worth my time. I am at 12k and the game is smooth and fun. UPDATE-the game sucks, there's no point in playing because of the heroes. just don't play it.",1,2026-05-03 20:22:46,33,['CONTENT & UPDATES']
clash_royale,2026,"I came back to edit my review with 11000 trophies now. I've seen the same decks over and over. the game turns into pay to win the whole time and with level 16. same rule applies at high trophies now. furthermore, basically hogrider firecracker, tower, and a hero version k ight you basically beat the game. kind of a shame that the game really comes down to that deck or the best one you can find on a website. overall, good game but its management from supercell and the balance of cards ruined it",2,2026-04-11 06:48:21,32,"['CONTENT & UPDATES', 'GAMEPLAY', 'MATCHMAKING & BALANCE', 'MONETIZATION']"
clash_royale,2026,"I'm playing this game for about 6 years. It was very nice in the beginning but now you can only win if you pay. On the latest update, i entered a game, then everything locked, i couldn't add any card on the stage. After in restarted the game, i already lost the ladt chance to win the challenge. Very unprofessional... I'm thinking to uninstall the game.",1,2026-06-03 23:48:25,32,"['CONTENT & UPDATES', 'MONETIZATION']"
clash_royale,2026,"This is a nice game,at first I like it 👍,but I don't like one thing there, that is of rank,😠why everytime low trophy people use to lose and the one with high trophy use to win and some low arena but(high arena before) using evolution troops winning the match, can't we have equality.(It might destroy my brain and overall frustrated)🥴many things are there more,some troops are very slow too. Actually I wanted to rate half star.So annoying games, this is not a game but (MH) destroyer😡 remove!",1,2026-07-19 23:50:44,32,['MATCHMAKING & BALANCE']
clash_royale,2026,"This is the most stale, repetitive, frustrating steaming pile of dookie you can install on your phone. At the start it's fun but once people get the meta cards it becomes a bashing your head against the wall simulator, where you will play the same deck against the same decks and win or lose in the same way until you inevitably uninstall, that's when the engagement matchmaking doesn't put you against pay to win players. Stay away, if you want a strategy game play Mindustry",1,2026-05-17 23:32:32,31,"['GAMEPLAY', 'MATCHMAKING & BALANCE', 'MONETIZATION']"
clash_royale,2026,"I didn't touch this game for several years after my initial review so felt I'd try it while on a longer trip. The variety and availability of decks has definitely improved a bit but still really isn't great for casual players and ones who don't want to spend any money. While I can find it fun at times the overall flow, especially with the hero type cards, feels poorly established for a returning player. Maybe it's better for those who started in it or have been on for the whole ride.",2,2026-05-21 06:34:52,31,"['CONTENT & UPDATES', 'MONETIZATION']"
clash_royale,2026,"The constant horrible matchups and pay to win situation makes this game more stressful than fun for me. I've played this game for a long time now and it has not been as fun as it used to be for a while thanks to the gold pass, evolutions, champions, heroes, and the same group cards being used by everyone, making every game feel stale and end the same.",1,2026-06-15 06:59:26,30,['MONETIZATION']
clash_royale,2026,"Unfortunately, some drastic changes have been made. What set CR apart from other games is disappearing, and the focus is now more than ever on monetisation. As a player, you have now less power to get the cards you want. The game has been transformed into a shell of its former glory and they are now copying the same games Supercell had sworn to never become.",1,2026-06-12 22:06:25,30,"['GAMEPLAY', 'SOCIAL']"
clash_royale,2026,"although I am getting 40+ mbps internet speed. The game is buffering, 🛜 symbol is always there. Not able to play even a single battle. I tried everything, that means it's a problem from the CRL app/server. I am so tired of facing this problem after every certain period or they drop an update. Will uninstall the game if this problem will not get fixed.",1,2026-06-26 04:37:43,30,"['CONTENT & UPDATES', 'GAMEPLAY', 'TECHNICAL']"
clash_royale,2026,"People would say the game has a lot of bugs, but I don't think so. Many times the touch screen become unreposive for a few seconds. It's enough to lose the game. This kind of ""bug"" have been reported by many players, but are the players who gave 1 star rating before the last updates. Maybe it is a coincidence ... who knows.",1,2026-04-27 04:28:12,29,['TECHNICAL']
clash_royale,2026,"Game is fine, but they messed everything basic up. Card acquisition seems to be much slower, as well as overall progression, and the Hero card paywall B.S, just a money hungry game and I don't see why. Emotes should not be no $5, and if you introduce a battlepass system, then you need to incorporate a way where players can PLAY to pay, instead of asking for $12 dollars EVERY single season. Just greedy, and the amount you spend on ANYTHING in this game is just not worth it. Save your money.",2,2026-05-26 13:00:18,28,"['CONTENT & UPDATES', 'GAMEPLAY', 'MONETIZATION']"
clash_royale,2026,"One of the most pay to win games on the appstore. somebody could download the game spend a few grand and have a maxed out level 16 deck within the hour. Something that would take a free to play player at least a few years of constant grinding. Not to mention the fact that one of their devs admitted to match fixing. And then there's the evolutions and heros, which are a necessity if you want to be competitive... And the only reliable way to obtain them is to swipe.",1,2026-07-18 06:37:27,28,"['GAMEPLAY', 'MONETIZATION']"
clash_royale,2026,"This game is Pay to Win. The worst part about that fact is that the gameplay is great (for mobile), which makes it even more frustrating. If you spend no money or little money, you can do great in the game's main mode (trophy run) for a while, but as you move up, you eventually become fodder for those who pay continuously, so they can feel their ego inflate and their purchases feel worthwhile, so the cycle of greed can continue. Don't fall for the trap, pay or not; you lose, SuperCell wins.",2,2026-06-12 14:44:18,28,"['CONTENT & UPDATES', 'GAMEPLAY', 'MATCHMAKING & BALANCE', 'MONETIZATION']"
clash_royale,2026,"I've stopped playing this game for a few years because after update the game was just bad. playing this recently after a few years and seeing all the news things. the game even worse. now it has become a pay to win game. if you're not buying any of the evolution items, you're not winning plain and simple. if i could give this game negative stars I would.",1,2026-07-02 05:41:42,28,"['CONTENT & UPDATES', 'MONETIZATION']"
clash_royale,2026,I am old player of the game. I have been playing it for 7 years. But now it has been never this frustrating than ever. Before free to play players (me myself) did not were never this in disadvantage compared to the players who paid but it has become so much disadvantage compared Free to play players and players who pay .It has become a pay to win game. Even after all this I am still a big fan of the game and Is still the game could restore itself by listening to the players and removing some thi,1,2026-05-24 23:11:31,27,['MONETIZATION']
clash_royale,2026,"The release is 5 stars for your mobile games standard(which is not too high ). The updates are 2 stars, because this game got paywalled even harder: new evolutions and heroes that make the smooth gameplay unpredictable, arena's are now levellocked, but I still need to fight against higher level opponents than myself, battlepass is limited how many chests you can grind per day. The release is awesome, the updates are lackluster. The heroe skins are pixelated in a 2003 kind of way, they look ugly",5,2026-05-28 23:57:06,27,"['CONTENT & UPDATES', 'GAMEPLAY']"
clash_royale,2026,"This game might deserve 2 stars if it had a leave match option! Seriously though as a player over 13000 trophies I would not recommend this game to anyone, especiallyif you've never played it. Its really easy at first but eventually you get to a point where it feels like you have to pay to progress, now that might not happen to everyone but one thing that effects everyone on this game is that its heavily pay to win, if you even want to see ranked mode in less than a year of playing, then pay💀",1,2026-07-13 07:37:29,26,"['CONTENT & UPDATES', 'MATCHMAKING & BALANCE', 'MONETIZATION']"
clash_royale,2026,"Yall need to change some troop mechanics, for example, the dart goblin should be able to kill a spirit when it's spawned directly on it before it jumps, it's a terrible trade. Also, the dart goblin should be able to kill a fire cracker in 2 hits, not require 3. And, please buff the dagger duchess, it's not worth playing, give it back higher damage and give it faster throws. the whole idea is faster initial shots, but it's too slow.",1,2026-06-22 15:27:00,26,"['GAMEPLAY', 'MATCHMAKING & BALANCE']"
clash_royale,2026,"Glitch... Merge Tectics is now overloaded & its showing Wifi sign during the game. Even though wifi is Excellent, each & every thing is running smooth except merge tectics. Extra cards of 16 levels Convert into Crystals. This is not Good decision... Crystals can not compensate cards. Cards are the main part of game and Emojis are useless. Secondly, Extend the Upper limit of Gold from 5 millon to 10 million...if i got extra gold then Convert gold into something like cards or something good...",1,2026-08-29 22:53:11,26,['TECHNICAL']
clash_royale,2026,"I wish we could play the base game again, without all of the constant new game-ruining champion cards. Occasionally the game is updated with a new OP champion card, everyone rushes to buy it to pay-to-win. Said card inevitably gets nerfed, then the next rip-off card is introduced. I wish I could play a mode without the terrible champion cards. The way this game used to be for years.",1,2026-05-03 11:09:18,26,"['CONTENT & UPDATES', 'MATCHMAKING & BALANCE', 'MONETIZATION']"
clash_royale,2026,"This is the worst game I've ever played. You pay money and you win, yes it is that easy I've been playing this game for over 3 years Even now, I'm encountering three level 16 opponents, even though I don't have a single one and the highest level I have is level 15, and I only have one. Is that because I didn't pay money Im very disappointed. Looking back, I should have spent my time on something else Stop saying it depends on skill, it depends on level.(trophy 9000) yes i'm playing over 3 years",1,2026-05-26 15:28:58,25,"['GAMEPLAY', 'MATCHMAKING & BALANCE', 'MONETIZATION']"
brawl_stars,2024,"This game has been entertaining me for over 4 years!! I take breaks once in a while, but the content never stops. The game is never perfect, but it gets better every update, and I look forward to seeing where it goes in the future! Also the matchmaking is sometimes very unbalanced and much harder to progress after playing for a while. It seems they matchmake not by individual trophies alone but also by total trophies. The botmatches are horrendous, too. Just remove them, please!!",5,2024-05-14 08:15:41,6130,"['CONTENT & UPDATES', 'MATCHMAKING & BALANCE']"
brawl_stars,2024,"I LOVE this game. Tons of characters all with different abilities, a lot of action, and it's easy to understand even when you get deeper into the game. There's tons of modes, so there isn't just one way to play. There's Mega Pig for tons of rewards (if you're in a good club). And there's a lot of events and quests to keep you playing. The only problem is there are too many rare Starr Drops, but they're loot boxes, what are you gonna do? Regardless, good game, Supercell. Can't wait to Brawl more!",5,2024-03-24 09:28:57,4036,"['ACCOUNT & SUPPORT', 'GAMEPLAY', 'TECHNICAL']"
brawl_stars,2024,"Brawl Stars is an awesome game, especially because the matches are quick and action-packed, unlike other games like MLBB that can take longer. The short matches make it perfect for playing whenever you have a few minutes. I love the variety of characters (Brawlers) you can choose from, each with their own unique abilities. The game modes are fun and always keep things fresh, and the graphics are colorful and smooth. It’s easy to play but still challenging enough to keep you hooked.",5,2024-10-17 08:11:29,3462,['VISUAL & AUDIO']
brawl_stars,2024,"Great game. Easy to play and understand. Each round in every game mode just takes a minute or so, and the queues are pretty fast. Easy way to kill just a couple of minutes or a couple of hours. The first few unlocks come real quick, so you build a solid roster of brawlers pretty easily. It slows down, but there are so many to choose from that at this point, each new brawler is gravy. I wish it was easier to max out even one brawler, but that has little effect on the game play, imo.",5,2024-08-09 21:30:59,2906,"['CONTENT & UPDATES', 'GAMEPLAY']"
brawl_stars,2024,"Probably the best Battle Royale game I've played. Action packed, with tons of different unique skins, game modes, brawlers, and abilities. However, there is a few problems, First off, this game works fine on my tablet, but always crashes on my android phone. Also, there is a lot of game-breaking bugs. Other than that, it is a good game that I would recommend to download",5,2024-05-12 11:46:17,1990,['GAMEPLAY']
brawl_stars,2024,"It's a nice game, yeah! I've been playing for years, but it doesn't have the same...feeling. That excitement of opening mega boxes, or the iconic old main menu music. And so much more. They added cromatics just to delete them? You now can just save some credits and your favourite brawler is yours! And don't get me started about the battle pass becoming p2w. Idk, these changes made is less fun... Overall it's a great game tho",4,2024-03-19 02:41:31,1845,"['GAMEPLAY', 'MONETIZATION', 'VISUAL & AUDIO']"
brawl_stars,2024,"I am kind of new to the game, but I am loving my experience with it. It has enough game depth that is rewarding to play if you go in depth hard-core gaming with it, and, at the same time, the game can also be played casually. Yeah, whales are an important part of this system, since they get new characters, resources, and upgrades faster by paying, but free players can still game this, and the gameplay requires skills to play.",5,2024-07-28 16:42:43,462,['GAMEPLAY']
brawl_stars,2024,"Oh my gosh, this game is beyond extreme. And if anyone is wondering the people that write reviews aren't forced to this is just a genuine response. There are no adverts. Incredible graphics and voice animations. Many different brawlers (that's the different type of avatar). And even if you don't buy the pass or buy gems you can still get brawlers and new events in the game by playing the game. This game is the best and very addictive. No idea how the creator could make something this brilliant.",5,2024-06-12 02:54:09,395,"['MONETIZATION', 'VISUAL & AUDIO']"
brawl_stars,2024,"Played game for 5-6 years, and now you can only BUY the brawl pass. Terrible marketing move. I saved my green tokens for 2-3 seasons each time and was able to get the pass every 2-3 seasons (6-9 months). I had enough saved to get the newest season, and then they changed it. If they change it back to the way it always was, and the way it SHOULD BE, I will be glad to keep playing and leave a 5 star review. If not, I'm trashing it along with all the other games that are getting money hungry!!!",1,2024-01-15 06:26:21,21,"['CONTENT & UPDATES', 'MONETIZATION']"
brawl_stars,2024,"the game does not reward the player for platyng the game, the game rewards the player for spending money. When you open the shop you are shown 6 different thing that can be bought for money and if you scroll far you may find things for in game currencies eventually. new legendary brawlers are added and for only $24.99 they can immediately be yours! supercell has made some of the most fun and rewarding mobile games of all time. Not this. This is a money grab. Another great studio lost to greed.",1,2024-07-03 01:12:12,17,['MONETIZATION']
brawl_stars,2024,"Update Apr 2024: I plead with you, please stop the ban-pick-gadget selection process in Rank Diamond (and onwards) mode! The selection process is longer than the game itself! And the game will be cancelled when players do not know how to select, and I have to start the process all over again! 1 of the rare few games that I keep coming back to.",5,2024-05-01 13:30:16,17,"['ACCOUNT & SUPPORT', 'CONTENT & UPDATES', 'MATCHMAKING & BALANCE']"
brawl_stars,2024,"Really fun to play, especially with friends when having good times. However, the game is so time consuming and when you get to rank 25/higher brawlers and win or lose a lot with them, the game queues you up with the worst teammates and it gets so frustrating. Bling trophy reset is so useless. I spent hours grinding and losing and gaining over and over again. I'm upset, guilty because of the hours/days I wasted and then regretting choices of wanting to play more very frustrating and overwhelming.",2,2024-05-26 09:49:22,7,['MATCHMAKING & BALANCE']
brawl_stars,2024,"It is very fun to play and play it all the time. It's not pay 2 win, but you can purchase the monthly BRAWL PASS for an insane amount of rewards. They add 1 new brawler every month, and as of August 2024, there are 81 brawlers to unlock. They are all fun to play with, with very different play styles, and abilities. I have played this game for about a year and a half, (when it was the brawlidays event)and this game has failed to disappoint me. I'll end my praise here due to character limit.",5,2024-08-17 08:23:19,7,"['CONTENT & UPDATES', 'MONETIZATION']"
brawl_stars,2024,"A lot of potential, it could be so much fun but every new brawler recently has been ridiculous, especially when first released. they are running out of ideas for new characters but they have to sell their monthly pass so each consecutive brawler is even more broken than the last. And that's just the tip of the iceberg, playing a brawler with 0 trophies is incredibly frustrating if you don't buy the pass because you'll be very underleveled. It could be really really fun, but they put money first.",2,2024-08-18 09:29:50,5,['MONETIZATION']
brawl_stars,2024,"Very fun to play. I have one single problem with the game is that ,every badass skin they have in the game is either only for a limited time or super rare to get because the shop is randomized. It's really annoying to find out that super badass skin for your favaorite character is only for a limited time and it's already gone by the time i started playing. I mean i have the money can i just buy the skin i want ??? All the badass skins that i actually want is already gone .",4,2024-05-13 23:16:01,4,"['CONTENT & UPDATES', 'MONETIZATION', 'VISUAL & AUDIO']"
brawl_stars,2024,"This game is ruined. They added to many characters and abilities, and it took me a full year as a new player to learn all of these abilities and how the characters work. All of the brawlers are very unbalanced and poorly made, you cannot play this game for fun with a brawler you enjoy because you will always face a team with meta brawlers that are meant for a specific gamemode. The matching is horrible. You play one good game, and the next match, you face a team ten times stronger than you.",1,2024-06-30 18:33:17,4,['MATCHMAKING & BALANCE']
brawl_stars,2024,"Beware of making purchases! If there is an error, they will take your gems! I have been playing this game for years and love it! When I recently bought Brawl Pass Plus (BPP), it wasn't activated in my account. I followed the FAQs to get a refund. A few hours later, the BPP was activated. The next day, they removed 5000 gems saying it was to account for the refund. Although the BPP is the same price as 170 gems, they say the BPP is worth 5000 gems. I was punished for an error in their app :(",2,2024-07-28 14:58:27,3,"['ACCOUNT & SUPPORT', 'MONETIZATION', 'TECHNICAL']"
brawl_stars,2024,"I've been playing this game since it was first out on for Android, when was it again. 2018? But after playing nonstop every day, just like any other games. I've spent a lot of money in this game too. But really, with the way things in this games are now, getting to P2W style etc etc, it's really time for me to say goodbye to this game now, indefinitely. It was good while it lasted. I can imagine new players gonna have a real hard time progressing with their characters.",1,2024-02-22 09:03:36,3,['MONETIZATION']
brawl_stars,2024,"I've been playing for about 2 months now. Until the new character was released I would have given this game 5 stars. To release a character so overwhelmingly overpowered seems to show a lack of testing, a lack of caring, or both. I went from playing the game every day to now just checking in every couple of days to see if anything has been fixed (it hasn't).",1,2024-02-10 03:38:51,2,"['CONTENT & UPDATES', 'MATCHMAKING & BALANCE']"
brawl_stars,2024,"I started playing this game not too long ago, about 4 months ago. And it was really fun, I couldn't stop playing every single day, nonstop. NOW the game has gone more into the PAY TO PLAY or PAY TO WIN game, where skill is really what doesn't matter but how much money you spend on the game. And on top of all that, the progression is a HASSLE once u reach a certain point in the game, getting the materials needed to upgrade your characters(brawlers) is almost impossible,UNLESS u spend money for it",1,2024-06-10 10:35:24,2,"['GAMEPLAY', 'MONETIZATION']"
brawl_stars,2024,"This game is great. However, there are a lot of bugs, they do get fixed pretty quick though. There are certain brawlers that will be op, and won't be nerfed until months later. For example, larry and lawrie, he was op for a really long time and it took a long time for them to finally nerf him. Same with Clancy and Berry, just that they take a bit more skill. I think this game would be a lot better if they released balanced brawlers, or at least not as op.",4,2024-09-09 01:18:53,1,"['GAMEPLAY', 'MATCHMAKING & BALANCE']"
brawl_stars,2024,"Been playing for almost 5 years. I liked this game initially and still like it. But the problem is that, matchmaking has gotten worse over the years. Matchmaking is slower than ever, especially in solo showdown, knockout, ranked. It seems to me players are already losing interest in this game due to matchmaking issue. If the problem is not fixed, I am not coming back.",1,2024-08-12 03:55:04,1,"['MATCHMAKING & BALANCE', 'TECHNICAL']"
brawl_stars,2024,"I've been playing this game for the past months and all I can say it's great! I usually get bored with games by the end of the week but this is different! I like that there is a map rotation everyday meaning I can play with other characters that fit the map! Although, there is a bit of a problem with the shop. It lags a lot especially when I collect something, this led me to not opening the shop often. Sometimes I'd go weeks without touching the shop. I hope this gets fixed soon!",5,2024-06-25 23:56:09,1,['CONTENT & UPDATES']
brawl_stars,2024,"Heavy on the pay to win. If you don't plan on spending money, don't download this game. Too many cosmetics are used to overload you instead of having an equal chance of getting power-ups for your characters. You have very little chance of getting anything to help you out in the game. Coins are so rare in any drop, forcing you to buy them in the store. The game tends to freeze when clicking on the store. Fun concept ruined by greed.",1,2024-04-13 13:17:23,1,"['MONETIZATION', 'TECHNICAL']"
brawl_stars,2024,"It's a good game with awful matchmaking and toxic interactions nearly every match. I love the gameplay mechanics (mostly) and love quite a few of the characters, but matchmaking a bunch of melee against a bunch ranged, or throwers against melee, over and over again, for years, it's gross and broken. Unfortunately, it's the only polished game that is similar to Overwatch on mobile. So I'll probably continue to delete it and redownload it 6+ months later, as I have for some 4+ years.",2,2024-03-09 05:19:28,1,"['GAMEPLAY', 'MATCHMAKING & BALANCE', 'SOCIAL']"
brawl_stars,2024,"I grew myself along with the game for 4 years, and I've stopped because after more updates, it becomes more lagged to play. However, that doesn't explain why I always wanted to play it again. No toxic words in game, just emote and that's enough to make me mad. The graphics and brawlers were iconic for each category. The part that I love was the short time that spans only 3-4 minutes each game, suitable for busy environment. It saddens me that the game now doesn't work on my device anymore.",3,2024-07-13 08:12:15,1,"['SOCIAL', 'VISUAL & AUDIO']"
brawl_stars,2024,"Amount of money put into this game and this is what we get 😂. I decided to pick this game back up after an extended break and half the time I just get stuck on the loading screen. I just tried over 10 times closing the app completely, reinstalling and clearing cache and every time I try to load in on multiple game modes it searches for players, finds all players and then I loose the exit button but it just gets stuck on the loading page. Close off the app and keep trying. Waste of time!",1,2024-06-16 22:57:37,1,['TECHNICAL']
brawl_stars,2024,I played this for 4 year and i'm not tired of it. The problem is that you removed the box. THAT WAS THE BEST THING OF THE GAME with star we have a little chancs to get a legendary. In the mega box 50% of the items has being 6 ( or plus). And also i think that we need to change our name for free because i sometimes tap a bad letter and i need to buy gems. But the game is a very good!,5,2024-07-24 00:35:29,1,['MONETIZATION']
brawl_stars,2024,"During the time flies away, the rewards is more and more bad, its like we gained nothing usefull. We gain only a few money, gems, exp card and nothing others. We only can gain characters by choose one of the three characters and get the exp card of this section. When its full, the character can be claimed. Sometimes i've played a match but i feel like i'm the only one who put effort inside. Its like the other players are bots. I don't like it",1,2024-07-14 14:59:37,1,['CONTENT & UPDATES']
brawl_stars,2024,"This game used to be awesome, been playing since release I have 55,000 trophies. Recently matchmaking was changed and the game is terrible now. It's no longer fun and competitive, I'm just playing with 10 year olds who don't know what they are doing and it is a horrible experience. On top of that you're getting ads forced in your face to buy anything and everything they can monetize.",1,2024-07-21 05:24:34,0,"['CONTENT & UPDATES', 'MATCHMAKING & BALANCE', 'MONETIZATION']"
brawl_stars,2024,"Too many bugs in this game, won't even load shops and special events properly. I try to go inside a game but I can't even go inside, It keeps loading. But after I cancel it and go to the other one, in the middle of the match I get teleported in the previous one in which I could not match up. It sucks and my trophies dropped a lot.. I'm a high ranker..been playing this game since the day it launched.",3,2024-07-19 23:04:16,0,['TECHNICAL']
brawl_stars,2024,"The game in its is really fun and creative but playing with randoms as a one-way ticket to torture town. The game depends on teamwork, and if you have bad players on your team, it's just an opponent's free win at that point. This has happened too many times, and no matter how hard I try, it just doesn't matter. The only way to progress is playing with a team rather than solo queuing with randoms. If you like psychological torment at the late game, this is your game.",3,2024-05-20 04:51:50,0,"['ACCOUNT & SUPPORT', 'SOCIAL']"
brawl_stars,2024,"The game is so laggy, i literally can't even play matches because it runs on 0.125 fps, but it was such a good game when it released in 2019, now it's just full of new features that overheats my phone, and drains it's battery. At least put in proper settings options into the game, to lower graphics or something, because this is just unplayable as it is.",1,2024-04-24 08:17:16,0,"['TECHNICAL', 'VISUAL & AUDIO']"
brawl_stars,2024,"It is a game that I have played for years and I really love it. However, the shops lags since the last few updates. On opening the shop, it takes like 20 seconds till it is loaded, and it is even worse when collecting something in the shop. It has gotten to a point that I don't even go into the shop because it lags so hard. Another problem are the vibrations. Why can't I turn them off. There is an option, but it doesn't disable all of it. But other than that it is a really cool and fun game.",3,2024-03-30 17:59:20,0,['GAMEPLAY']
brawl_stars,2025,Really fun game that doesn't require heaps of skill which is great for a 51 year old bloke like me. Heaps of cool brawlers to choose from and heaps of special abilities to choose as well. Just a all round fun game! Great idea to have a map of the day where you need to choose the right brawler to have success. Match making at the higher levels could be better is my only concern. A must have game everyone!,5,2025-05-24 12:59:57,8937,"['CONTENT & UPDATES', 'GAMEPLAY']"
brawl_stars,2025,5 Years of playing and it's still very fun! An Awesome Game for battling with friends and it's not complicated. Needs an improvement on Club events though. It does seem like a lot of the events are getting repetitive and the newer characters are just combined versions of previous ones that are broken and then get nerfed to the Ground. Not too laggy but you definitely need Amazing Internet to play. There are a lot of customization options in this game and many ways to connect through events.,5,2025-07-06 02:56:17,8566,"['GAMEPLAY', 'TECHNICAL']"
brawl_stars,2025,"I love this game. I play it all the time eith my friends and is a blast. But a couple of things I would change is the probability of the Starr drops. I hate getting the legendary or mythic Starr drops and getting coins or something. And thats also an issue too. I feel like you cant get coins and power points very easily. but other than that, great game.",5,2025-10-05 05:56:47,7936,['TECHNICAL']
brawl_stars,2025,"Best mobile game I have ever played. Making progress in game does take a while, but it's worth it! Brawl stars is also completely ad free! Supercell really shows that the player community matters to them. Additionally, the game runs really smoothly. I play on my tablet, but there is rarely any lag! Someone nominate brawl stars for game of the year! the unlocks really should be made a little quicker, though. I know that there are benefits to premium, but the game is skill to win, so $ not needed.",5,2025-03-02 02:32:04,3873,"['ADVERTISING', 'GAMEPLAY', 'MONETIZATION', 'SOCIAL', 'TECHNICAL']"
brawl_stars,2025,"Addictive gameplay loop ruined by zero balance to teams. You will be put against maxed brawlers and given a level 6 if you have the audacity to have a winrate above 33%. Unless you are already established, catching up costs money. Free rewards are a joke. Ranked is full of sweats.",1,2025-02-13 02:10:29,2732,"['GAMEPLAY', 'MATCHMAKING & BALANCE']"
brawl_stars,2025,"Was an excellent game few months ago, but now a below standard one. They’ve made the Brawl Pass to pay with real money. That's where the fun was for the F2P players like me, to spend 169 gems in the pass. Now that's costing real money 😞. Also it's lagging for a long time when u r opening the shop. Irritating ! Now it's crossing the limit, won't install the game till they solve the problems. Have been playing the game since 2021, But now have to leave it.",5,2025-09-03 20:23:12,2231,['MONETIZATION']
brawl_stars,2025,"Bro, this game is perfect. I have been playing it for years and I haven't stopped yet! There is an issue though, that could be fixed in my opinion. The BAD RANDOMS. I think there should be a report button as like the ranked mode. I was on a crazy win-streak and once the match started none of my teammates were playing. Another issue in the Godzilla update is that if someone pulls you near a wall you will get stuck. Please fix these issues and everyone reading this DOWNLOAD the game NOW!",5,2025-02-25 21:22:49,1897,"['CONTENT & UPDATES', 'MATCHMAKING & BALANCE', 'TECHNICAL']"
brawl_stars,2025,"Been playing the game for the past 3 years or so. I absolutely loved it. it's a perfect game to spend a quick 2 minutes in when waiting for something, and you can spend hours on it as well. But now, it's becoming more and more pay to win, they changed the brawl pass to cost real money now. And any new brawler released is always cracked, which kills free players like us. As for the game in general, the devs are doing a very good job and it's getting continuous updates as well.",5,2025-11-12 18:13:09,952,['MONETIZATION']
brawl_stars,2025,"Great game. I just hit 1000 trophies and the game is pretty balanced. Every character has some really good and really bad matchups. It starts you out at low levels and lets you face easier opponents letting you get trophies and face stronger opponents. I only have 2 complaints. One is that some people unlock brawlers and level them up to Power 11 before starting them in Tiers 1 and 2. It's impossible. The other is that after a bad internet connection, it started another account. Otherwise, great",4,2025-04-22 11:41:53,637,"['ACCOUNT & SUPPORT', 'CONTENT & UPDATES', 'GAMEPLAY', 'MATCHMAKING & BALANCE', 'TECHNICAL']"
brawl_stars,2025,"Great game, one of the only problems is that the game gets stuck at 92% loading and wouldnt end a match sometimes. another problem is that matchmaking is pretty bad, they kinda fixed it when they reworked the trophy system but my problem is that power levels arent even, whenever i play at a low power level theres almost always one player with a power level 11 brawler playing and i can barely fight them, please make power levels matter in matchmaking until a certain point since it would be unfair",4,2025-07-26 22:17:41,552,"['GAMEPLAY', 'MATCHMAKING & BALANCE', 'TECHNICAL']"
brawl_stars,2025,"The game was good, but after the latest update, mastery no longer rewards coins, which made it much harder to collect resources and unlock new characters. Other rewards like gold were also removed from mastery, making character progression even more difficult. Now, the game feels like a ""pay-to-progress"" model — you need to spend money to upgrade characters or unlock new ones. It’s become boring, and the chances of getting a new character, even a special one, are extremely low. Thanks, Superce",1,2025-06-26 09:57:52,2,"['CONTENT & UPDATES', 'GAMEPLAY', 'MONETIZATION']"
brawl_stars,2025,"Game is good, I have been playing since when there was 25 brawlers. Now it's almost 60. But one thing I must say, this game gives me so much anxiety. And day by day developers are monetizing every damn thing in the game. Although it's free to play, you can't progress fast to a playable level untill you buy. More things introduced in the game, more revenue for them, more torment for us f2p players.",4,2025-02-25 18:07:33,2,"['GAMEPLAY', 'MONETIZATION']"
brawl_stars,2025,"Lag/Connection issues. The game has gotten so optimized (if that's the right word) to the point where every single button can make my game lagspike. What's even worse is that the game FORCES me to restart it. If I play the game for more than 20 minutes at a time, then, at any point where my screen changes even by just a little (I/someone hypercharge/s, click a button in the lobby, change brawler, literally ANY button and animation), then it crashes my screen and kicks me out of the game.",3,2025-06-19 07:36:03,1,"['TECHNICAL', 'VISUAL & AUDIO']"
brawl_stars,2025,"THIS GAME HAS A TERRIBLE ISSUE REGARDING CONNECTION. Connection issues are bound to happen, especially for online games. HOWEVER, when you are lagging, everyone else around you can play perfectly fine. Situations like this can lead to breaks in tension that can sell an entire game, giving the losing side a sudden upper hand that isn't entirely fair. This issue is especially evident during events, where you can only lose a certain amount of times, ruining chances at winning limited rewards.",4,2025-06-09 22:00:49,0,['TECHNICAL']
brawl_stars,2025,"Been playing off and on since early access. The gameplay itself is really fun! But the way they make changes sometimes are so out of touch with the player base. For example, the latest change they made is removing Mastery, a feature liked by the community which no one actively disliked. It was a great way to progress your account. They chose to scrap it for something inferior with WAY less progression and try to sell it off as having the same progression. Which is not the case. Lies over honesty",2,2025-06-27 11:35:44,0,"['ACCOUNT & SUPPORT', 'CONTENT & UPDATES', 'GAMEPLAY', 'SOCIAL']"
brawl_stars,2026,"Brawl Stars is truly a masterpiece, but this recent update sucked a lot: bad randoms, broken brawlers and unbalanced, unrewarding gameplay. Brawl is NOT in its prime rn. C'mon dev team, do something and make me change my review, make Brawl FUN again...",2,2026-09-05 19:32:24,4806,"['CONTENT & UPDATES', 'GAMEPLAY', 'MATCHMAKING & BALANCE']"
brawl_stars,2026,"It's really fun, you can play as 99+ different brawlers! It's boring how you get resources slowly, but it's kinda cool in the same time because every brawler has a different attack and super and look, Every little detail and mode is really fun. And upgrading your brawlers will make them stronger and you can keep grinding until you level up a brawler level 11. Plus, it's cool that it's really challenging.",5,2026-02-25 19:59:48,4072,"['CONTENT & UPDATES', 'GAMEPLAY']"
brawl_stars,2026,The gameplay is fun (although rage inducing at times with the teammates and all).,5,2026-07-03 21:25:11,1886,['GAMEPLAY']
brawl_stars,2026,"I have been playing this game for 4 years inconsistently. I recently took a break to prioritize school, but after around 300 days I found myself once again attracted to this addicting game. The mechanics in this game are unique, and the goals are simple. Brawl Stars contains many gamemodes where you compete to score the most points or get the most knockouts. 80 plus brawlers are available to buy, play with, collect, and customize with the over 300 skins that there is. I Highly suggest, 5 stars!!",5,2026-05-02 16:28:38,1399,['MONETIZATION']
brawl_stars,2026,There needs to be qualifiers to be able to do any sort of Challange whether it's a new brawler or whatever. Every single time my runs are RUINED by players who suck so bad. It's unfair. You need to add showdowns as the first three challenges so that way the people who are bad at the game will be weeded out.,1,2026-09-18 22:06:20,1017,"['CONTENT & UPDATES', 'GAMEPLAY', 'MATCHMAKING & BALANCE', 'SOCIAL']"
brawl_stars,2026,"You know, after spending so much time, money and effort on this game, you'd think it would feel and be more rewarding the further you progress, even after owning all brawlers, Progression gets super stale and comes to a halt. I feel that once youve reached so far, the Starr Drops and other loot chests should increase in value/rewards. Because let's be extremely real, after 100 Brawlers and 2 years of time, Legendary Drops are no where near Legendary. Supercell doesn't give a damn though. Never.",2,2026-04-22 20:45:05,905,['GAMEPLAY']
brawl_stars,2026,"The matchmaking is inconsistent and often makes for frustrating times, especially in challenges. Why does 1000 trophy players get matched with 50000 trophy players. It's gotten worse, now 200 trophy brawlers get matched against 2000 trophy brawlers. Nothing feels worse than losing for a whole 20 minutes because you get bad teammates or get hard countered.",1,2026-09-10 11:34:11,836,['MATCHMAKING & BALANCE']
brawl_stars,2026,"Play again option doesn't work most of the time - it goes back to the main screen instead. And, frequently, when playing with randoms, you get team players who are inactive - they simply stand still and do nothing; sometimes they just keep shooting while standing on the same spot...! Just these two bugs make me feel like I'm playing to lose. Such a shame.",1,2026-06-26 16:13:04,576,"['ADVERTISING', 'GAMEPLAY', 'MATCHMAKING & BALANCE', 'SOCIAL', 'TECHNICAL']"
brawl_stars,2026,"The game was very fun, I loved the variety of characters in the game, loved how they have like, their own powers, and gear, and special abilities, but 3 things that bug me are, 1. that it's hard to get gems, and coins, and level up materials in general, 2. while I play like level 7 brawlers, I get opponents with hyper brawlers. And 3. Ever since one of the recent updates, the graphics glitch like heck and feels like im gonna get epilepsy from it and a seizure. other than that I'd recommend 100%",4,2026-05-10 12:01:38,499,"['GAMEPLAY', 'TECHNICAL', 'VISUAL & AUDIO']"
brawl_stars,2026,"This game is insane(Best), actually the only game that was never boring.The graphics are good, I like the different rarities too, and about that keep the Ultra Legendary Rarity alive 😅🫣?!?Also the trophies, Ranked mode, prestige, everything, and my favourite part is the Brawlers.Bro, they're so cool, every one is different too. Monthly events are supercalifragelistic, new skins, abilities, and most importantly bug fixes(no offense). Please make a Collab with Dragon ball 🤑.",5,2026-07-10 16:02:34,396,"['CONTENT & UPDATES', 'MATCHMAKING & BALANCE', 'TECHNICAL', 'VISUAL & AUDIO']"
brawl_stars,2026,1. Pay to win 2. Pay to win 3. Pay to win Und mit jedem Update mehr pay to win omg es ist ein mega gutes Spiel aber es wird immer wiederlicher,3,2026-09-02 16:44:11,389,"['CONTENT & UPDATES', 'MONETIZATION']"
brawl_stars,2026,"Overall good base, but matchmaking is terrible lately. Playing as a low trophy, low power brawler will often get you matched against people over 1000 trophies and maxed powers. I have at least several hundred hours in the game, but this, especially combined with OP characters on release, is the worst it's ever been.",2,2026-07-16 10:49:12,382,"['CONTENT & UPDATES', 'MATCHMAKING & BALANCE']"
brawl_stars,2026,"I've been playing Brawl Stars for around 7 years now (114k trophies), and the game is still very good. There's some issues here and there, and although the game isn't perfect, if you're willing to spare some time and/or have some friends to play with, this game could absolutely provide tons of entertainment. I will mention, though, that some things may feel P2W, but I've got about 5 accounts where I haven't spent a single cent, and I'm progressing just nicely, albeit very slowly.",5,2026-07-01 00:29:06,338,['MONETIZATION']
brawl_stars,2026,"this game gets worse every update. the odds for getting event skins get worse and worse, and each day you see more and more greedycell. they hype up events with the possibility of getting awesome rewards, but in the end all you get is bling that you can't spend on any skins from the event. I've played this game for so long, it's incredibly sad to see it fall into the same hole every mobile game does. They've now gotten rid of the old system, and the challenges are idiotic! worst game ever.",1,2026-05-05 11:23:31,319,"['CONTENT & UPDATES', 'MONETIZATION']"
brawl_stars,2026,Please fix your match making. High trophy with the most experience on one team while new comers and low-mid trophy players on the other 😂🤣. Always experience this inequality every 2-4 matches. That's why players can't progress and quit the game! In my experience as a 65k trophy player I am often placed with 20-40k trophy teammates while my opponents are fricking 70k above. This makes it frustrating as this issue has obviously made grinding win streaks and trophies difficult,1,2026-07-27 21:15:50,299,"['MATCHMAKING & BALANCE', 'TECHNICAL']"
brawl_stars,2026,"100 percent a Pay-To-Win game, I mean it's made by SUPERCELL, after all. I'm not interested in spending tons of money on mobile games in this ruined economy. There are tons of characters, but it's very unbalanced and frustrating to play when your best characters can't do enough damage in any mode. UPDATE: still extremely unbalanced. This is the only game that makes me rage. I really dislike this game now. I tried for a year. It's not even fun to play anymore :( 0 out of 10",1,2026-05-14 04:46:30,278,"['CONTENT & UPDATES', 'GAMEPLAY', 'MATCHMAKING & BALANCE', 'MONETIZATION']"
brawl_stars,2026,"I've always enjoyed this game but after they added the ""cheater"" brawlers such as Sirius, Najia and now the most ""cheater"" of all — Damian, the game isn't fun anymore. They also changed the skin purchasing system using blings, which is stupid and I don't like it. Another frustrating thing is, that you are often against more advanced brawlers power-level-wise. They are just focused on earning money and not on making the game more fun and fair. It's really sad, I really liked this game before.",1,2026-04-27 00:18:27,268,"['GAMEPLAY', 'VISUAL & AUDIO']"
brawl_stars,2026,"Great game! I love the new updates and some of the new brawlers. Not only are there better progress from the free brawl pass, but also deals to buy skins for less bling than intended. However, please fix matchmaking as sometimes I go up against pro players with alien fame and is nearly impossible to win despite the MMR system. Furthermore, please increase the ranked trophy requirement as I usually get bad randoms. However, overall,this game is great with fun brawlers to play.",4,2026-04-22 23:27:01,203,"['MATCHMAKING & BALANCE', 'MONETIZATION']"
brawl_stars,2026,hackers never got dealt with. some characters are just to OP to deal with and unfair to play. this game need a reboot. whoever is managing this. is doing a terrible job,1,2026-08-29 07:02:55,189,['MATCHMAKING & BALANCE']
brawl_stars,2026,The developers of this game gave up on making an authentic experience and are focusing on making a cash grab. Never have I seen such a broken messy game made by a cold uncaring and probably underpaid dev team. Thanks Frank.,1,2026-08-23 01:56:15,180,['MONETIZATION']
brawl_stars,2026,"I've been a player since the beginning now that you made the brawl pass cost money instead of gems which you can buy with money or earn. When I read that in the notes I went and uninstalled the game the most powerful players come in the pass. Now its pay to win so I'm done. I spend money in games but I dont play pay to win games you lost a dedicated player. I gave you all 5 stars but now that its pay to win it's a 1 star game, iwentacķ to 4 stars the game is great",4,2026-08-31 05:11:06,175,['MONETIZATION']
brawl_stars,2026,"I have been playing this game since it's released and honestly there's been a bunch of little things that have made it worse over the years, but the fact that the shoddy matchmaking hasn't gotten even a little better takes the cake.",2,2026-07-06 17:45:57,174,['MATCHMAKING & BALANCE']
brawl_stars,2026,Recent updates made the bots worse. It became so hard to win against bots. They automatically dodge your skillshots and have perfect pacing. I would rather lose against really good players than win against bots. Funny part is you can't play with real players anymore because you can't win against bots.,2,2026-07-12 00:11:02,174,"['CONTENT & UPDATES', 'GAMEPLAY', 'MATCHMAKING & BALANCE']"
brawl_stars,2026,"This game is a husk of itself. Constant broken character releases, even more broken buffies that are nerfed into the ground after a few weeks, but before the nerfs game is a complete hell. And don't let me get started on randoms, they give you teammates that are below the limit of IQ for a sentient being and expect you to carry two of these dunces.",1,2026-09-13 04:21:16,158,['CONTENT & UPDATES']
brawl_stars,2026,"Does anyone else experience constantly getting kicked out of this app no matter what you do or try? I start a game and it will load and say 100% and then kick me out, I try to go back in and it does the same thing if I'm still in the current match. Not able to enter back in until the match is over and I lost some of my crowns. I try to go in the item shop to get kicked out of that too. I uninstall and reinstall to constantly have the same problem, fix your servers and the glitchy unfun gameplay",1,2026-04-30 06:03:52,148,['GAMEPLAY']
brawl_stars,2026,"Best game I've ever played. Being able to choose how you play, and the brawlers you pick is a big upgrade from some other games. I am a 100k player and even though I have been playing since 2022 it is still addicting and fun! But one thing is that it would make it way more fun if the brawlers were more balanced.",5,2026-08-18 22:45:39,144,['MATCHMAKING & BALANCE']
brawl_stars,2026,"Sorry for what I said. Honest review, though: the game is ok, but there are several factors that hold the game back; mainly matchmaking and new brawlers. Getting bot matches after 3 loses is rubbing salt on a wound. It's just disrespectful. Please remove these. I understand that a brawler being strong on release drives engagement, but it gets to a point where playing against new brawlers feels very soul crushing to say the least. Every update is just people using the new brawler/new buffies.",1,2026-09-10 04:40:44,142,"['CONTENT & UPDATES', 'MATCHMAKING & BALANCE']"
brawl_stars,2026,idk what it is with this game but it's incredibly buggy. It closes out of the app constantly and after 5 tries of reopening it.. it works. On top of that don't get this game if you can't handle toxic people as the game itself is toxic and the devs want it this way. They have reports for everything else besides a player literally being rude the entire match spamming the other team toxic emotes. It makes me want to stop playing but I will get reported for that. Fix your game and tame your players.,1,2026-05-06 03:09:38,125,['SOCIAL']
brawl_stars,2026,"I've been playing this game since around 2021-ish. ever since though I've seemed to have nothing but problems when playing the game, even when after a long break the game gives you stuff for coming back, the break makes you rusty obviously. but the games online matchmaking system is purely trophy based, rather than games won and lost or time since last played n whatnot. in 2024 I had 26000 trophies. I currently have 29500 because it's nearly impossible to progress and claim trophies.",3,2026-08-22 07:39:50,122,['MATCHMAKING & BALANCE']
brawl_stars,2026,Psychologically abusive match making. I will not recommend this game to any child or someone I care about. Playing three or more games just to gain one more trophy overall is insanely vague design.,1,2026-08-21 20:32:47,113,"['MATCHMAKING & BALANCE', 'VISUAL & AUDIO']"
brawl_stars,2026,"This game is the best I ever played. It is very fun, never boring game. Purchases are not expencive and the game is not pay to win. There are many charchers and many modes in it.",5,2026-06-30 22:27:20,113,['MONETIZATION']
brawl_stars,2026,"The game is great i am playing this game from 2+ year.I don't have doubts about this game.It's graphics,Controls,Brawlers,gadgets and the new club league,everything is excellent.I like this game and recommend everyone to download Brawl stars, Especially For 'Moba players'.But supercell Please launch ""EVERDALE"" game in India.EDIT:-Can you add a small Chat box in-game And also Microphone in-game (but only with teammates microphone) Please add this so it will be more fun.",5,2026-07-10 01:14:13,108,"['GAMEPLAY', 'MATCHMAKING & BALANCE', 'SOCIAL', 'VISUAL & AUDIO']"
brawl_stars,2026,"I enjoy this game, but all too often, I'm paired with unskilled teammates while the opposing players are exceptionally skilled. On top of that, I constantly hear complaints about my connection, even though my Wi-Fi is perfectly fine. To make matters worse, some players can be incredibly toxic, which just makes you more mar. Also, when you play ranked you minus so much but plus so little, sometimes we can't move or attack causing us to lose so, plus when I got disconnected I couldn't playfor30MIN",1,2026-07-09 17:46:16,98,"['GAMEPLAY', 'MATCHMAKING & BALANCE', 'SOCIAL', 'TECHNICAL']"
brawl_stars,2026,"An extremely fun game overall, I've been playing for around 5 years now and this game has never stopped being fun. The devs haven't stopped adding new content, incuding events and gameplay, while remaining the same game at core. My main issue with Clash Royale, which I've had for only a year less than this, is how extremely p2w it is. Brawl Stars does not suffer from this even remotely close to as much, and if you put in the time, you can get just as far, just as easily.",5,2026-04-28 15:19:22,95,"['CONTENT & UPDATES', 'GAMEPLAY', 'MONETIZATION', 'TECHNICAL']"
brawl_stars,2026,"Been very buggy lately, they don't prioritize fixing bugs in immediately. Brawlers that transform gain invulnerability for several seconds. Started a sd with edgars that had hypercharge that didn't go away. Randoms and ranked are terrible, 6 losses in a row and went 1/9 overall. Had a moe sit in the corner and not play. A berry wouldn't throw down any heals. A trunk on an open heist map. Etc etc etc",1,2026-09-04 21:41:29,91,"['CONTENT & UPDATES', 'MATCHMAKING & BALANCE']"
brawl_stars,2026,"You can't leave anything alone can you? You always have to change the base game. This new update is garbage. The new brawlers screen is garbage. why can't you leave things alone. Who was asking for a new brawler screen? No one! Sadly I'm forced to give 1 star, because you don't deserve any.",1,2026-09-01 18:46:38,84,['CONTENT & UPDATES']
brawl_stars,2026,"The matchmaking is absolutely horrible. In ranked I can get to masters, and then I have almost only gotten teammates who get one kill for every 10 deaths and have almost no damage. Even if I have the most damage and takedowns in the game, it is still impossible to win. Either improve this or make a solo ranked mode so that I can play the game. Ranked suspension is also stupid because of how frequently the game lags or restarts. other than that it is a fun game",3,2026-07-01 21:07:57,82,"['ACCOUNT & SUPPORT', 'CONTENT & UPDATES', 'GAMEPLAY', 'MATCHMAKING & BALANCE']"
brawl_stars,2026,"My original review was 2/5 Stars back in 2024. I just hopped back in to check it out, did an event where you have limit attempts, lost my last 3 tries because my teammates, ended up lagging mid game and caused them to just stand there and move a lil bit then stop and so on and so forth. Dropping it to 1 now in 2026 because it was my reasons for 2 stars back in 2024. Losing important matches because you are playing with people from different regions that causes connection issues.",1,2026-06-15 15:13:54,75,"['CONTENT & UPDATES', 'TECHNICAL']"
brawl_stars,2026,"I have an idea closerange(+ damage) , is to add dashing button, when you activate the button you will dash about two buzz at any direction. If you go diagonaly or any direction you will get a dash boost that will go 3 or 4 buzz. And for long range fighters when close range gamers damage the long range fighter about 50% of Thier health they get dashing button. We kill them or they get out. Everytime long range gamers restore fully heal dashing button comes back, for close range after every kill.",5,2026-05-25 02:05:50,72,['GAMEPLAY']
brawl_stars,2026,"alright, my last opinion was... harsh but some of things have changed and I want to give a fair review. The problems I'm still experiencing are: randoms (obviously lol), matchmaking and overall balancing of the game. The matchmaking is VERY random because on certain brawlers it gives you sweaty enemies and crazy teamers/win traders and on other characters the most random enemies. The balancing is still a problem that's too big to go over it all in here. Overall, better than a while ago. Good job",3,2026-05-21 02:49:16,71,['MATCHMAKING & BALANCE']
brawl_stars,2026,Good job supercell amazing balance way to kill a game in the pursuit of profit that was already very profitable. classic greed and lack of care for how the game plays or player enjoyment and. I've played for over 5 years and it just gets worse and worse like do they even play their own game...,1,2026-07-03 17:29:42,66,['MATCHMAKING & BALANCE']
brawl_stars,2026,"Very fun and the character designs are very great. Fun to play each brawler in different game modes and with the new update, it got better. Hard but also easy to get progression and boxes are always fun to open. Been playing for two years now and it hasn't even started to get boring. Over 100 brawlers with unique attacks, supers, Hypercharges, Buffies, Gadgets, Star Powers and more. There is a paid pass in BS but also a free pass with great rewards. Very good for F2P players. Great game!",5,2026-04-05 21:25:57,65,"['CONTENT & UPDATES', 'GAMEPLAY']"
brawl_stars,2026,"fun game with many different brawlers and skins. I love the game play and different modes and events. The only problem I have is that it can get buggy. What I'm currently seeing is that the visuals are glitches out and flashing a lot, but only in the lobby. It's not affecting game play, and I've heard it doesn't happen to all phones. Just a warning, if you are epileptic, make sure this glitch doesn't happen on your phone, or just don't get the game until you know the bug has been fixed.",4,2026-06-05 15:05:41,65,['TECHNICAL']
brawl_stars,2026,"There are a lot of events to keep the game fresh,the progression system is so much better than a few years ago and the new trophy rework is a nice change of pace.The only thing that is worth complaining for me is that there are a bunch of overpowered gadgets that need to be reworked desperately(lilly,dynamike,rico,kit).Other than that i been having a blast with ts game.",5,2026-07-27 18:15:13,63,"['CONTENT & UPDATES', 'GAMEPLAY', 'MATCHMAKING & BALANCE']"
brawl_stars,2026,The matchmaking can be horrid because I have teammates who literally dont know what to do. Characters take forever to unlock and the game doesnt give much credits unless you buy the battlepass....Game is very unbalanced. Coins take a long time to acquire to get and I'm already playing against maxed out players when my character is below level...If you need to get items you can buy it to level up your character which is pay to win....they dont give many resources so expect to struggle.,5,2026-06-21 22:53:39,61,"['CONTENT & UPDATES', 'GAMEPLAY', 'MATCHMAKING & BALANCE', 'MONETIZATION']"
brawl_stars,2026,If you are a new player dont join....the game has became more pay to win in last few seasons and me as an old player dont recommend it anymore... You will always feel underpowered on this game and getting maxed is no more possible if you are a free to play player. Also you wont be really able to enjoy the game as all they will ask is money for you to really get all the brawelrs to play them. If you can grind for atleast 2-3 years then only join or else dont fall for this pay 2win tarnation ;),2,2026-09-01 18:10:16,59,['MONETIZATION']
brawl_stars,2026,"Very fun!🫠 but my only complaints are that when I get into a match, the no wifi logo is on the top of my screen, but my wifi is having no issues. It is also kinda hard to level up your brawlers, and I feel like that I dont get a lot of coins or gems from starr drops or anything, and I also get put with bad randoms, and we dont win because they are either afk, or just walking into the gas for no reason. But overall, I would definitely recommend this game to other people so they play also, 4 star",4,2026-05-04 21:38:41,56,['GAMEPLAY']
brawl_stars,2026,"This game is awesome. The matches aren't too long like 1-3 minutes if u have time for a quick match. Purchases aren't too much and the pay to win is low. If your a grinding person I would suggest this game. I like The My Hero update because its my favorite anime so thank you Supercell. It's definitely a 5 star game, I would put more if I could. Ps. Supercell you should give more gems on the XP road and trophy road because it's really hard to get some if I need skins or brawlers bling to. Thanks!",5,2026-07-03 09:34:56,54,"['CONTENT & UPDATES', 'MATCHMAKING & BALANCE', 'MONETIZATION']"
brawl_stars,2026,"I've been playing this game for nearly 3 weeks, and I have fallen in love with it! Its extremely fun, competitive, and has some amazing character designs. However, an extreme flaw for me is the pay to win. I have reached mythic using only very few brawlers, I only have 2 at level 11 with a hyper charge and the free ones given each month. I cannot play ranked as I do not have enough brawlers... its very sad and I wish I could explore ranked more.",5,2026-03-25 04:09:30,52,"['CONTENT & UPDATES', 'GAMEPLAY', 'MATCHMAKING & BALANCE', 'MONETIZATION']"
brawl_stars,2026,"This was fun for a while. Now with the 'reworks' made to brawlers and buffies... its honestly the worst peice of Greedycell trash I've seen lol. The removal of mythic gears was okay. Wouldn't cause such a complaint, but buffies? honestly just give me power level 12. Buffies have killed this 🤡 excuse for a game.",1,2026-07-12 03:56:55,50,"['GAMEPLAY', 'MATCHMAKING & BALANCE']"
brawl_stars,2026,"Since the new update was released, I started having some connection problems, I can't move while playing, also it shows the wifi icon. I thought it was my internet, but I checked it and it's fine. This didn't happen to me in previous versions. Of course, sometimes I had some little connection problems, but not very often like now.",1,2026-04-27 10:33:19,50,"['CONTENT & UPDATES', 'TECHNICAL']"
brawl_stars,2026,"I've been playing this game for about 1 year and firstly, I feel like if you have no online friends to play with you shouldn't play the game because people like me and others get these braindead players who probably don't know what's going on! the concept is fun but the reality of the game is not good, p2w to get stuff for free like the mina boxes, and other temporary events in the game. it could be fun for new players but it's gotten worse for the people who have been playing for longer.",1,2026-08-02 16:17:58,49,['MONETIZATION']
brawl_stars,2026,I like this game. I downloaded it a couple of years ago and it was worth it. this game is a lot of fun especially with friends. the quests make the game playable for hours and the new prestige progression system was much needed. there are almost no flaws in this game. the matchmaking was fixed and there are no ads. if you want to play without paying a fair amount prepare to grind because I've been playing for a couple years and still don't have every brawler. great game can't recommend enough.,5,2026-06-24 10:51:45,49,"['GAMEPLAY', 'MATCHMAKING & BALANCE']"
brawl_stars,2026,"Great game, but not without it's flaws (which are expected from a SuperCell game at this point). The devs are relatively generous and progression isn't that bad. There are some issues with the balancing and overall game design of some brawlers, but it's tolerable.",4,2026-04-22 17:17:17,49,"['GAMEPLAY', 'VISUAL & AUDIO']"
brawl_stars,2026,If you love getting paired up with randoms with 0 game experience and going against people who are no life's AT THE SAME TIME ALL THE TIME then don't worry brawl stars ahh matchmaking has you covered! (Seriously don't play this game not worth it) also another nice point I should add is that for being yk a multi billion dollar company you'd think that simple bugs would get fixed a little faster then let's say two to three whole weeks right? odd that supercell is ok with their product being so ahh,1,2026-04-26 14:01:10,48,['MATCHMAKING & BALANCE']
brawl_stars,2026,THEY WILL NEVER FIX THE UNBALANCED MATCHMAKING. THE ENEMY TEAM ALWAYS HAS A TANK OR THE LATEST BRAWLERS AND ALL OF THEM ARE FULL OF BUFFIES WHILE YOU GET A MORTIS OR A LOWER POWER LEVEL. ALWAYS UNBALANCED especially during challenges; you get teamed up with 2k trophy newbies/bots. Playing artillery will GUARANTEE to get you teamed up with more artillery. Pay to win and laggy servers. FK YOU SUPERCELL.,1,2026-09-15 22:25:19,46,"['GAMEPLAY', 'MATCHMAKING & BALANCE', 'MONETIZATION']"
brawl_stars,2026,this game is fun and has tons of progression for you to complete and their is always constantly new events/colabs or adding new brawlers there js always things to grind... much love to the brawlstars team I feel you guys are doing amazing stuff with the game❤️,5,2026-07-19 07:05:35,42,['GAMEPLAY']
brawl_stars,2026,Edit: I feel like all my problems with the game have been resolved for now but I do have one more. Can you add a low resolution option or something for certain maps? I always seem to lag on maps like the new brawl ball maps that involve the new background. It would be amazing if you gave a low res option. Thank you. edit: sometimes I want to try some new builds and lose twice then I am put in a bot match. Stop wasting my time with bots and make this a toggle option to allow bot matches.,1,2026-07-09 12:37:03,42,"['TECHNICAL', 'VISUAL & AUDIO']"
brawl_stars,2026,"Honestly just a really good game. While I got a bit bored of it for a few months, it has really revived itself to me and remains my favorite mobile game. Insane amount of content (104 brawlers as of April 2026), easy-to-play mechanics, no ads, and it's free! The only bad thing I would say is that you need at least a decent wifi connection to play - and definitely register a Supercell ID as soon as possible. I lost my progress on my first account because I didn't do it, and it is super easy.",5,2026-04-23 07:46:56,41,"['ACCOUNT & SUPPORT', 'CONTENT & UPDATES', 'TECHNICAL']"
brawl_stars,2026,"Its fun but its slight bit of fun is in the dark big shadow of how bad this game actually is. It has horrible match making, toxic players, and really, really unbalanced characters. I've been playing since it dropped and now theres 100 smth characters which most are assassins and i get prestige 2 ppl in my 800 trophie lobbies (prestige 2 is 2000 trophies) its fun is just the slight beauty behind the horrible mess this game has come too. They also keep pooping out slop characters every season. 🥀",3,2026-08-09 09:04:41,41,"['CONTENT & UPDATES', 'MATCHMAKING & BALANCE', 'SOCIAL']"
brawl_stars,2026,"Fix the lagging issue, I hate that I am stuck in place, can't shoot, can't do anything, it costs me to not be able to play ranked matches because if I disconnect because of the GAME disconnecting me out, it's MY fault, my phone is brand new, and a good one at that, and my wifi is fine, so what is the problem with the 3 bar showing up every second that I play this game? I juts want to have fun after a long day, not get mad every second that SINGLE image shows up on my screen, PLEASE DO SOMETHING",1,2026-07-06 05:38:10,41,"['GAMEPLAY', 'MATCHMAKING & BALANCE', 'TECHNICAL']"
brawl_stars,2026,I've been playing since 2018 and boy has this game gone to the next level. I'm 31 years old which I know this game is aimed at a younger audience but the game is so fun. This is a all round friendly game for both younger and older audiences. I have played for many years and my advice to new players is focus on one brawler at a time for free players. I have always been a free to play player and they've been very generous with skin and resources.,5,2026-05-18 17:55:18,41,"['GAMEPLAY', 'VISUAL & AUDIO']"
brawl_stars,2026,"l've been playing this game for 2 years & the gamplay's good but there's some problems. For example when you first open the app you get asked to Select your age, saying this will not affect your gameplay it does! If you put that you're under 13 you can only use pre-written prompts. & you can't join certain clubs. Not to long ago I got back on after while of not playing to find all my progress was gone! Thankfully Supercell's website is really efficient and I was able to recover it in 10 minutes.",4,2026-06-30 12:12:06,40,['GAMEPLAY']
brawl_stars,2026,"03 September 2026, can't start; sometimes didn't show health and level. 31 Nov 2024, Game unstable, always locking up after one game finished. After play and terminate few more times, now it runs fine. Locking up again. 17 Nov 2021, all 10 levels brawlers down grade to 9. 04 Apr 2021, now it runs fine. 12 Mar 2021 update problem: After install the latest update, system keep crashing, have to force restart phone.",1,2026-09-03 23:28:24,39,"['CONTENT & UPDATES', 'GAMEPLAY']"
brawl_stars,2026,"Very nice game, however I would like to point out a few things that make it frustrating sometimes. 1. matchmaking system. sometimes I am playing a new brawler at around 200 trophies, and I get into 1k+ lobbies. 2. ranked. why am I losing more elo when the opponent has a person with a much lower rank, even when they have a full team. 3. Bull Stun gadget is way too long.",4,2026-04-04 04:29:07,38,['MATCHMAKING & BALANCE']
brawl_stars,2026,Amazing game! I love playing this. it is so fun to play with your friends. Some of the reviews with 1 star say that their progress got deleted. The reason for that is because they didn't create a supercell ID that saves all your progress. You just have to go to the 3 lines in the top right corner and then click one of the buttons that pops up that says supercell ID. You then click it and put all the information you need to make one in to the type boxes then follow the instructions. Good Game! 👍,5,2026-08-11 03:43:33,38,['GAMEPLAY']
brawl_stars,2026,"Although it can be a fun experience overall, unfortunately I feel the developers have decided to purposefully make the balance and matchmaking horrible. Balance and matchmaking are important in making the short & long term experience enjoyable. Since I see no signs of the developers being interested in improving these 2 important factors I have to give it a low rating.",2,2026-07-20 07:35:48,37,['MATCHMAKING & BALANCE']
brawl_stars,2026,This matchmaking is the worst thing I have ever seen in any video game I'm facing a team with every player having at least 100k trophies on the enemy team and on my team I get players under 10k that walk into the corner and stand there the whole game they don't even know how to shoot just fix that and 5 star game it's still a amazing game but the matchmaking is awful.,4,2026-08-09 10:50:33,36,"['GAMEPLAY', 'MATCHMAKING & BALANCE']"
brawl_stars,2026,"this is a really fun game! The only thing I consider a hassle is that when I have to update the game, it takes atleast eight minutes to complete.",4,2026-09-05 20:05:58,35,['CONTENT & UPDATES']
brawl_stars,2026,"Supercell should fix the problem where MY TEAMMATES ARE BAD and are literally bots. The worse thing is the characters they keep releasing, they just keep releasing more characters instead of making appropriate adjustments to old characters. having the mindset of releasing enough characters that none of them are broken. genius. Literally remove Frank's unique passive and make him stupid op and every brawler that is a problem now is even more of a problem with every update.As long as players pay.",1,2026-07-02 02:01:22,35,"['CONTENT & UPDATES', 'MATCHMAKING & BALANCE', 'MONETIZATION']"
brawl_stars,2026,"Garbage game. Instead of actually focusing on qol updates to make things balanced they work on skins locked behind a paywall. Refund system is horrible, bought a pass for 20 CAD and refunded. Gave me -5000 gems (300 CAD) absolute bs. New characters are lazy, sloppy remakes of current characters. Lag spikes. When I'm not playing brawl stars my wifi is full bars. But suddenly it drops to 2 or 3 when I'm playing brawl. It stays that way too",1,2026-07-12 00:20:45,35,"['ACCOUNT & SUPPORT', 'MATCHMAKING & BALANCE', 'TECHNICAL']"
brawl_stars,2026,"if you're hoping for something to be fixed, patched, balanced, or anything else of the sort. dont hold your breath. the owners of this game no longer care for the opinions, concerns, or loyalty of the people playing it anymore. it become something like a jingle in their pockets, rather than the joy im sure they experienced creating something for the world to enjoy. dont play this unless you find yourself 5 years in the past.",1,2026-09-07 04:47:07,34,['MATCHMAKING & BALANCE']
brawl_stars,2026,"I love this Game! I don't really know what else to say! the Gameplays fun it's very quick so you can play whenever, there's plenty of characters to play after a while, and you start getting those some of those characters pretty quick so it's not that much of grind at least not in the beginning anyways, though I don't really care to much about the other characters cus I got pretty lucky on my early rewards andgot lumi the one with the double maces and who is now my favorite character that I have!",5,2026-06-25 16:02:43,33,['CONTENT & UPDATES']
brawl_stars,2026,"I have over 75,000 trophies, ranked legendary, I've played this game for years but its really been going downhill. its way too grindy, very pay to win, im talking 50$ to unlock someone early sometimes, skins can be easily over 10$. There are multiple paid passes lol.. multiple tiers of one paid pass, etc. there are over 20 game modes rotating, whenever you achieve something they raise the ceiling so you need to grind more. This game can be really fun but consumes your time and money like crazy.",4,2026-04-26 16:54:15,33,"['MATCHMAKING & BALANCE', 'MONETIZATION']"
brawl_stars,2026,Wrorst game and bye bye. I used to like the game and had been playing from 2019 but now the game has gone to gutters.,1,2026-08-22 02:17:17,32,['GAMEPLAY']
brawl_stars,2026,"Fix Matchmaking and your servers. I'm tired of playing on perfect wifi and still lagging out with it costing me a ranked match. And give us an option to report AFK players in casual. I shouldn't have to tilt my trophy account for someone choosing not to play after queuing. I would genuinely give zero stars if I could. they say they ""fixed matchmaking"" but you still get queued up with people who have the iq of a brick. and the enemy team is e sports worthy. im done. 32k trophies and uninstalling.",1,2026-06-10 00:37:39,32,"['ACCOUNT & SUPPORT', 'MATCHMAKING & BALANCE']"
brawl_stars,2026,This game never really disappoints. Yes there are some ups and downs but overall a really incredible game.,5,2026-07-01 00:54:34,31,['GAMEPLAY']
brawl_stars,2026,"I've been playing brawl stars for around 4 years now and I've loved the game. Although I took a break from some seasons for the most part the game is really fun and the progressive aspect of the game makes it worth playing. However, I feel like they keep adding new brawlers for the sake of it and they add some updates which make the game unnecessarily complicated. They should take a rest from adding too many brawlers, especially because of newer players who may find it slightly overwhelming.",5,2026-06-30 20:55:11,31,"['ADVERTISING', 'CONTENT & UPDATES', 'GAMEPLAY']"
brawl_stars,2026,"just had a surge win trade or plain awful player in my game. they did nothing but hide and shoot when they got close to them and then purposely fed them leaving me and the other teammate to defend the base and they did nothing the whole game besides staying at base not even defending it and the enemy team would kill them and they still wouldnt do anything thing, real player enemy team but I get a bot",1,2026-07-17 06:10:07,30,"['GAMEPLAY', 'SOCIAL']"
brawl_stars,2026,"No balance between brawlers, no balance in matchmaking, broken brawlers, etc... very bad. Don't recommend!",1,2026-09-11 19:02:08,30,['MATCHMAKING & BALANCE']
brawl_stars,2026,the community event was lost from day 1 because every dat the legendary dogs was always 300k ahead of ultra cats. what could 1 person do. now im stuck missing out on the title because of others on ultra cats doing nothing. if your to do a community event make it so the loosing team also gets something the winners cant have so nobody can have every cosmetic,1,2026-07-01 18:07:51,30,"['CONTENT & UPDATES', 'SOCIAL', 'VISUAL & AUDIO']"
brawl_stars,2026,Had it to 5 stars in 2021. Wanted to keep it like that but the game is just stupidly optimized. It keeps crashing alot. I got games bigger than brawl stars and they work okay. But brawl stars doesn't.,3,2026-08-01 00:53:26,29,"['GAMEPLAY', 'TECHNICAL']"
brawl_stars,2026,"I have to say, I can't count the amount of time and effort that I've put into this game!!! My only complaint is that it takes so much GB on my phone, and I have to constantly delete it in order for my phone to run smoothly, but have since got a new phone and it works great!!! I started playing in 2025, due to 2 of my best friends suggesting it to me, and it was offered as a club in school. Great job, Supercell for creating such an amazing game!!!!!!",5,2026-07-22 05:29:05,29,"['CONTENT & UPDATES', 'GAMEPLAY', 'TECHNICAL']"
brawl_stars,2026,skill based matchmaking has been a lie since it was introduced especially in ranked. I can't report every teammate I get that sucks and there's a lot. pls better your system and your servers are buns 🤮🙏 brawl stars feels more like a 1 star to me,1,2026-07-18 21:44:29,29,"['GAMEPLAY', 'MATCHMAKING & BALANCE', 'SOCIAL']"
brawl_stars,2026,"Over the six years I've been playing this game, there have been updates, challenges, rewards, and all sorts of exclusives, but the developers have ruined everything with clunky updates and numerous bugs that devalue all the exclusives and rarities. It's precisely because of the plethora of errors and bugs that it's rated 1 star; it used to be so much better.",1,2026-04-23 06:18:59,29,['GAMEPLAY']
brawl_stars,2026,"Edit after recent updates: Unfortunately as fun as this game is, and as easy to pick up it is, it has become very much P2W with how scarce coin drops are yet how ridiculously expensive upgrades are for brawlers, upgrades which directly impact their damage, health, etc. Not to mention that matchmaking is still a coin flip, and some players act suspiciously like bots. Game is fun but has become an expensive grind fest, and the brawl pass rewards are now star drops which usually drop poor rewards.",1,2026-09-03 03:15:47,28,"['GAMEPLAY', 'MATCHMAKING & BALANCE', 'MONETIZATION']"
brawl_stars,2026,"Brawl Stars is so much fun, especially when you start playing with a friend. There's only two ""problems"" I can think of really. The first being, I wish it had more teamwork involved, more defined roles I mean. And second, there should be a feature where your boxes or starr drops are put into a sort of inventory, where you can then decide on when to open them. Honestly these aren't really a problem for me, I just think that they'd make the game a bit more enjoyable/satisfying. Thank you!",5,2026-05-15 18:10:02,28,"['CONTENT & UPDATES', 'SOCIAL']"
brawl_stars,2026,"Sup brawl stars 👋 it's me again, I wanted to suggest you guys look into some players cheating in matches; we're about to win a match and then all the sudden we start lagging like crazy to the point I can't move? 🤨 my phone ain't the latest super piece of tech, but it works decent. BAD RANDOMS are still a big problem too, I keep getting sabotaged in a few matches trying to get prestige 3 but these RANDOMS keep losing on purpose 💀please look into this 🙏",2,2026-05-12 22:24:10,28,"['ACCOUNT & SUPPORT', 'CONTENT & UPDATES', 'MATCHMAKING & BALANCE', 'TECHNICAL', 'VISUAL & AUDIO']"
brawl_stars,2026,"This game is SOO MUCH FUN. Getting resources is mildly slow, but makes the grind more fun. The feeling of getting a new brawler from a star drop or a chaos drop is the best feeling ever! The game is not too P2W (like Clash Royale), but paying for items definitely makes the process a LOT faster. This is the best game of the shooter genre and it deserves all of the downloads and positive feedback it gets. I would rate it 100 stars if I could.",5,2026-05-06 06:16:19,27,['MONETIZATION']
brawl_stars,2026,honestly a pretty good app you can play online not offline only problem is that finding good brawlers/skins needs either grinding the game too much or leaving it for a long time to have a ton of unclaimed rewards other than that the game is perfect edit: ranked is very competitive especially when you reach diamond edit 2: supercell can you change it that when you reach mythic you fall to diamond not to gold,5,2026-05-30 01:53:33,27,['MATCHMAKING & BALANCE']
brawl_stars,2026,"Ever since the new update, there have been constant glitches in my graphics and gameplay, including borderline seizure inducing flashing lights, the game crashing nearly every 3 minutes, and being unable to load back in to the lobby. I have tried uninstalling and reinstalling, and my phone is brand new, so it isn't the problem. If Supercell is going to keep releasing impossibly overpowered brawlers, their game should at least be playable.",1,2026-04-24 01:42:32,27,"['CONTENT & UPDATES', 'GAMEPLAY', 'MATCHMAKING & BALANCE', 'VISUAL & AUDIO']"
brawl_stars,2026,"This game will tilt your team to lose and when you lose, you are forced to play with bots until you win. When you're teamed with real people, they'll never have the same amount of trophies as you. You could have 2k trophies with a high rank and experience and still be paired up with someone that literally just started the game. The report system is only aimed at certain modes too. So get ready for a lot of people throwing your matches too.",1,2026-09-14 23:46:43,27,['MATCHMAKING & BALANCE']
brawl_stars,2026,I have a love/hate relationship with this game. it's fun to kill time in this game but every couple months they do something that makes the game unplayable. Right now it is the newest hero they released. the character is so overpowered that the game is unplayable right now. if you end up in a match against the new character you will almost always lose and it's a waste of time. it seems intentional for a cash grab and in a month they will nerf the character but uninstalling because I'm sick of it,1,2026-04-28 03:39:15,27,"['CONTENT & UPDATES', 'MATCHMAKING & BALANCE', 'MONETIZATION']"
brawl_stars,2026,this game is very fun! you can get alot of brawler and it isnt even that p2w. Also it's kinda beginner friendly like you play with bots when you strat to improve your skills and they give out free stuff often I would Def recommend 👌 it's just that it's online so u can't play offline but that's ok.,5,2026-04-30 00:26:10,26,['MONETIZATION']
brawl_stars,2026,"One of the best games on the Play Store (partly because most games on there are literal trash). Lots of new content and events monthly. Been playing this for a decade, they def must be doing something right. There is one issue which pulls down the game's potential, and that is matching players with literal newbies. Idk why you would ruin the experience for long-time players in an otherwise goated game. It's draining losing over and over after trying to hard-carry deadweights.",5,2026-06-30 15:43:40,26,"['CONTENT & UPDATES', 'TECHNICAL']"
brawl_stars,2026,"This is a very fun game, I like the free-for-all style, and even though it's a bit p2w, it's manageable, if you have skill. They keep adding new brawlers which means more content. I feel like it's a bit too easy at the start though, especially that there are bot lobbies. but it makes it better for new players to feel good about themselves though! even though the gameplay might feel a bit repetitive, but the 100+ brawlers make up for it. good tutorial, very easy, 10/10!",4,2026-05-16 00:44:33,26,"['CONTENT & UPDATES', 'GAMEPLAY', 'MONETIZATION']"
brawl_stars,2026,I'm sooooo tired of TEMPORARY boxes which give nothing but a TEMPORARY power up. I need progression like hc and buffies. All recent events have been the same thing in different skins.,1,2026-09-02 02:01:50,26,['GAMEPLAY']
brawl_stars,2026,"Although the game is free to play, you can't progress since most of the brawlers are needed to be purchased or get drafted from a box which you also need to purchase. Plus the rewards are too small to upgrade your brawlers, also when you decide to purchase, rewards are too small to be worth your money. Ranked matching system are too unfair, they would not match you with the same brawlers with the same level, same skillset and power ups, thus making you always loose. This game sucks. DontPlayGuys",1,2026-07-15 14:37:20,26,"['GAMEPLAY', 'MATCHMAKING & BALANCE', 'MONETIZATION']"
brawl_stars,2026,"If it could be less than one star, it would be. By far, the most broken matchmaking I've ever experienced in a game. Very convenient how I magically lose connection every time I get attacked by someone. The servers are a joke.",1,2026-05-23 09:57:07,25,"['MATCHMAKING & BALANCE', 'TECHNICAL']"
brawl_stars,2026,"Brawl Stars is honestly one of the best mobile games I’ve played. The gameplay is fast, fun, and never gets boring because there are so many different brawlers and game modes. I also like how the developers keep updating the game with new events, skins, and features. It’s easy to play casually but also competitive if you want to push trophies. Definitely deserves 5 stars!",5,2026-05-25 06:56:55,25,['GAMEPLAY']
boom_beach,2024,"Despite what you've heard about Boom Beach being ""just a worse version of Clash of Clans,"" it is a great game. What I enjoy about this game is the simple but engaging tactics and initiative mechanics. The graphics and gameplay are simple and smooth. I wish they would add some more depth to Boom Beach, (as I would with all Clash Games) and maybe make troop formations (which actually matter in this game) customizable, and maybe a trade aspect.",5,2024-06-11 00:41:21,537,"['CONTENT & UPDATES', 'GAMEPLAY', 'VISUAL & AUDIO']"
boom_beach,2024,If they EVER want me to buy the ship attack new packages then they need to triple the length of the ship season. Even doing all of the available ship attacks doesn't get you very far in the game and we are constantly just replaying the same levels over and over again.,4,2024-02-27 06:49:46,308,"['CONTENT & UPDATES', 'GAMEPLAY', 'MONETIZATION']"
boom_beach,2024,"Been playing and enjoying Boom Beach for many years. The free play slog at the start really pays off after a while. Glad the developers have added incentives (new weapons, buildings, heroes, hero abilities, etc.) for those of us who've put in the time. It's given us something to work towards to keep us engaged.",5,2024-11-20 05:39:31,298,['CONTENT & UPDATES']
boom_beach,2024,I think it is a pretty good game. I've been playing it for around 10 years now since it came out so I started when I was 4 but I stopped playing for a while just because I forgot about it. But I recently started playing 67 months ago and I really enjoyed it. I still play everyday but I do think that they could fix. That sometimes when I find a new base I'll get one.That's 10 levels higher than me.Or a resource base that's 15 levels higher than me.So maybe that could be something that I could,5,2024-08-18 14:55:51,210,"['CONTENT & UPDATES', 'GAMEPLAY']"
boom_beach,2024,Game is fun sometimes but most of the time you have to battle much higher than your level then get your base destroyed by people much lower in level. The warship part is not a fair game because you always lose even if you bet the other player and end up at the home screen with the battle still ongoing at the end it says you were defeated. Very frustrating. Needs to be fixed.,3,2024-03-10 05:54:14,207,['GAMEPLAY']
boom_beach,2024,"Been a long time player, for 7+ years now, I think. Regular updates and refreshes to the game keep it fun and challenging. Finding a solid task force to be a part of helps, too. To get the most out of the game you really should get on a little bit every day to build up your resources since things get more expensive as the game progresses and continuously improving your island.",4,2024-09-27 12:58:13,187,['MONETIZATION']
boom_beach,2024,"I have been playing for about 10 years on and off. I must say, they are going overboard with pay to play and coming out with ridiculous ""incentives "" for instance, a challenge to build statues just so you can earn 5 shard gems . Also the new statue is a complete waste. You'll never get back what you spent. Then they suggest 10 a month for unlimited troops. Is this hulu or netflix? Not even sure how much a month the boom pass is . This is panhandling on a corporate level. Give humans a break",1,2024-03-07 11:49:12,157,"['GAMEPLAY', 'MONETIZATION']"
boom_beach,2024,"Been playing for a few years and at level 72 soon 73. It's evolved into a better game in ways like graphics, weapons, warships, etc. Kudos to the design team. Originally though, there was no ads.. now they are starting to be a bit excessive. All things considered, this is still my favorite game on mobile.. 👍🏻💯",5,2024-11-22 10:53:41,149,"['GAMEPLAY', 'VISUAL & AUDIO']"
boom_beach,2024,"I've been playing for years, and I will say that this game has its pros and cons. It's almost like CoC with guns and tech, cool concept. This game has come a long way, and I've enjoyed the base building and daily challenges. The matchmaking in both game modes can be very unfair and has robbed me of many victories and resources. Many others are saying the same, it needs to be fixed ASAP. Also I wish this game got as much love as some of Supercells other games. They just reuse a lot of older stuff",3,2024-01-22 11:36:11,128,['MATCHMAKING & BALANCE']
boom_beach,2024,"I love this game. The tactics and strategies require sime thought instead if just using one for everything. There's so much diversity with the troops and defensive buildings. Great game I really would recommend it. The only thing I don't like is how the game determines how it finds other people's bases. It goes off victory points. So I can find a base 20 levels above me, and I can't win, so I can't rank up. Maybe the devs could change that system to go off xp level instead?",4,2024-06-25 22:34:01,115,"['GAMEPLAY', 'MATCHMAKING & BALANCE']"
boom_beach,2024,"Before the Boom Beach pass update, I have no issues opening the game, but now its a different story. Everytime I open Boom Beach, it enters the loading screen (as usual), display my base for a split second, and then it freezes for another split second, before force close back to my phone's home screen. So basically I was given a ""screenshot"" of my base for around 2 seconds before the game kicks me out to the home screen. I have no idea why this happens, and now I can't play Boom Beach at all...",2,2024-03-07 18:35:12,104,"['CONTENT & UPDATES', 'TECHNICAL']"
boom_beach,2024,"Updated March 26,2024: hooray hooray Base editing is here! Thank you! Game is now BEST game going! Excellent game, lost of fun, hours wasted. Love it. New update allows saving of base layouts, great. Why wouldn't you make it so you could clear all buildings into an inventory and start with a clean slate? The base layout save is pointless when you have to move one piece at a time.",5,2024-03-26 21:38:53,97,['CONTENT & UPDATES']
boom_beach,2024,"I've been playing Boom Beach for years and it's been fun. Many great friends along the way. There's always been many new tips and tricks to learn to improve gameplay. While there are options available to purchase in game, the truth is the developers set it up so everyone can be competitive without need to spend on the game. Success in the game is largely dependent on your strategy, from selection of statues, heroes, troops etc. hint:if you need lots of resources, use resource reward statues",5,2024-12-11 12:00:56,96,"['GAMEPLAY', 'MONETIZATION']"
boom_beach,2024,"I honestly love this game. I just wish they changed the points system to work more like clash of clans, because if you get too high in the ranks (which happens naturally even if you mostly attack just bot bases) 75% of the players that spawn in your map will be close to max. The best way to go back down is to put your hq on the front and lose your resources as you slowly go down to a rank with players you can actually win against or quit for a while. ***Pls add a way to be able to drop ranks!***",4,2024-07-16 13:56:37,96,"['CONTENT & UPDATES', 'GAMEPLAY', 'MATCHMAKING & BALANCE']"
boom_beach,2024,"Here's a neat idea! There are occasionally special events that happen in-game that allow for some limited time in-app purchases. Why not allow some of these packagaes to be purchasable by real money, with the option of using diamonds, instead? The packages could cost a lot of diamonds... (It'd have to translate to the real amount of money that would be spent) but that way if players have an extreme amount of diamonds but with no cash, they can still get the good stuff they deserve 👍",5,2024-06-15 03:04:49,87,['MONETIZATION']
boom_beach,2024,"I love this game, but I wish that you could see your possible upgrades in LIST form instead of having to click on each thing to see how long/how much it takes. A list would be so much more convenient.",5,2024-09-19 02:04:07,77,['GAMEPLAY']
boom_beach,2024,"I played this game with my dad for a couple years when it came out. We both stopped as life got ahead of us. I've come back to it after all of these years, and was a little disappointed at how little changed. If you were to add a reserve building wherein you can save up armies/troops, I think it could both encourage others to use different strategies, as well as play longer. I look forward to see this game developing some more, thank you for your time",4,2024-07-19 15:15:07,68,"['CONTENT & UPDATES', 'GAMEPLAY', 'VISUAL & AUDIO']"
boom_beach,2024,"Latest update has killed my game. Cannot load on android 6 tablet. Cannot load game on tablet after latest (anniversary) update - crashes on start up. I have been playing this game for 10 years and it's great, but now I have been excluded from continuing to play by the developers. I have a TF I can no longer run, so thats another 24 players affected by this. I emailed support who told me to use the in-game help! Amazing response since I can't load the game to get to the help! Please fix ASAP.",1,2024-03-01 17:05:49,62,"['ACCOUNT & SUPPORT', 'CONTENT & UPDATES']"
boom_beach,2024,"Amazing game, but my only problem is... EVERYTHING TAKE TO DARN LONG. Now you have the Radar system, which you have to upgrade MULTIPLE times in order to progress, and I find it so tiring. Please Supercell, Make the Radarupgrade the same time as the Player Level or Headquarter. I could do more things with my builders if they're aren't busy upgrading that DANM RADAR. Anyways, nice game, it's pay to win obviously.",4,2024-05-04 20:09:29,62,"['GAMEPLAY', 'MONETIZATION']"
boom_beach,2024,I have been a player for years. The app could use some more new content. I will say they made a lot of updates this year that were good. The matchmaking on warships is still a problem. You'll get matched against players that are way further ahead of you on the unlock progress and you have no chance of winning. This happens to me a lot making it pretty much impossible to escape the gold league before a season ends. Please fix the player balancing issues on warships.,3,2024-11-06 15:37:21,61,"['CONTENT & UPDATES', 'MATCHMAKING & BALANCE']"
boom_beach,2024,"A game that does not want you to play it. Longest upgrades I've ever seen. Removed multiple builders to charge you a subscription monthly to pay to win faster. $9.99 per 30 days 😆 Your rookie base will be attacked by maxed out players who don't even deploy troops, just a single salvo of rockets and they take everything you have and leave. 4-5 seconds. Trash, deserves the poor ratings it gets. Deserves worse. This used to be an amazing game, it's a shell of what it was. A broken shell.",1,2024-06-26 09:40:23,49,['MONETIZATION']
boom_beach,2024,Overall game is really awesome and i really enjoy the operations mission but would you please add a new function in which we can customize our unit during friendly challenges because i usually use scorchers and laser ranger but for practice attacks i switched my unit to zookas so it take almost 1hrs to train them all so add unit customization option like in clash in clans,5,2024-10-24 22:44:08,48,['GAMEPLAY']
boom_beach,2024,"So with the latest battleship season, everytime I click on the ""switch troops"" button, the game just keeps shutting down on me. I then have to wait for my opponent to finish their attacks and it seems the only time I can switch the troops and abilities of my hero(es) could only be done before I click ""battle"". Hoping Supercell can fix this issue ASAP as it's never happened before until NOW",1,2024-07-02 05:35:00,46,"['CONTENT & UPDATES', 'GAMEPLAY', 'TECHNICAL']"
boom_beach,2024,"update,game constantly crashing again!!!I keep getting ""client and server are out of since"" but only when in the middle of a battle, Which then I lose... really sucks.. Feb 28 ,1024, New updates , terrible, I've uninstalled several times, sometimes it loads, mostly of the time it doesn't.. probably won't be playing much longer not worth the hassle",1,2024-07-11 03:29:58,44,"['CONTENT & UPDATES', 'GAMEPLAY', 'TECHNICAL']"
boom_beach,2024,"I have been a constant player since 2012, and my gameplay normally is relaxed loot and upgrades. I rarely attacked other bases. As a matter of fact, I don't attack other players. But the recent update has made the game terrible. Now, the game is forcing me to play a completely different gameplay. I hope you guys change it back to medal based attack and not level based attack.",1,2024-07-05 00:27:11,43,"['CONTENT & UPDATES', 'GAMEPLAY']"
boom_beach,2024,"UPDATE: Now I have a matching problem. I am level 48 and ALL my opponents are level 60 to 78ish. That's insane, no way someone can be them, especially consistently. I emailed support and they said ""thats normal gameplay"" Game been crashing non stop for 2 days now. I click on the daily reward section and it crashes EVERY TIME. I wanted to sign up again for the 30 auto troop training. I messaged them 2.5 days ago for help and no answer. They make BILLIONS year and they can't respond within a day.",1,2024-08-29 09:44:21,41,"['ACCOUNT & SUPPORT', 'CONTENT & UPDATES', 'GAMEPLAY']"
boom_beach,2024,"Latest update has broken the game. I'm now being attacked by players that have 200 to 650 more victory points than me, several times a day. It makes upgrading your defenses extremely difficult when your resources are being wiped out multiple times a day, by players with significantly higher victory points. I've been playing for over 8 years and this is the first time I've seriously debated deleting the game. Go back to pairing bases up by victory points and I'll add more stars to my review.",1,2024-06-29 17:39:01,40,['CONTENT & UPDATES']
boom_beach,2024,"Man, after almost 8 years I'm going to have to uninstall! After the March updates everything is lagging and I can't even play the mega crab part. It just freezes in the clouds! Tried restarting multiple times and nothing. This is very depressing to put this much into a game and have to uninstall not to mention I'm having to play people that are on levels in the 70s and I'm at 61. Been resisting it for a year or two but this is good bye!",2,2024-04-05 22:55:18,39,"['GAMEPLAY', 'SOCIAL']"
boom_beach,2024,"Very challenging. Harder than COC but I wish the training time for the troops was shorter than it is now. And the upgrade time too. It's very long. Even if I want to play straight for 1 hour or 3 hours after the statue boost, after losing some troops during attack the training for troops takes almost an hour which bores me. This is only reason why many people doesn't like to play Boom Beach. Wish it was well balanced like COC in terms of upgrading and training troops specially.",3,2024-03-05 23:48:50,37,"['GAMEPLAY', 'MATCHMAKING & BALANCE']"
boom_beach,2024,"I swear you've ruined your best game, every time I play warships and I finish a battle before my opponent I can spectate them for the remainder of their attack. But when they eventually finish they get the victory even though I finished before them FIX THIS ISSUE!!! The main game is not better, my map is filled with bases that are 10-15 levels higher than me, making it impossible for me to progress without buying stuff with real money. I've played this game since 2015, fix it!!!",1,2024-03-26 02:32:32,36,"['CONTENT & UPDATES', 'GAMEPLAY', 'MONETIZATION', 'TECHNICAL']"
boom_beach,2024,"Have been playing this game for years on a semi-regular basis. While it has been largely good, the most recent update has just led to problems. The game regularly freezes and loses the connection to server which results in all your units disappearing. Pity that such releases are not thoroughly bug tested before being released.",3,2024-07-09 22:41:33,36,"['CONTENT & UPDATES', 'TECHNICAL']"
boom_beach,2024,"I love this game and 1 star to try and get someone to pay attention - in mega crab - if the client and server go out of sync during an attack, you should be be returned to the position prior to attacking - nothing worse than launching your troops and being kicked off to come back to empty boats and 1 life down - when this happens then i don't even bother trying to go up the leader board - even worse when I've bought IT to compete. Also the new update/UI is laggy/glitchy on my phones.",1,2024-09-29 12:31:59,35,"['CONTENT & UPDATES', 'GAMEPLAY', 'MONETIZATION', 'TECHNICAL']"
boom_beach,2024,"This game needs more love from its creators. I like this game a lot, and it's just sad watching it get the least attention. Base mechanics could improve, and troops can change just like in clash of clans every 2 or 3 levels. Small things like that make the game more interesting and appealing. The events are not special and unique but repetitive. Clan systems need improvement from the ui to the way it works, and it's organisational. The content is dry, and sadly, the creators left this game.",3,2024-03-02 07:42:49,35,"['CONTENT & UPDATES', 'SOCIAL']"
boom_beach,2024,"Latest update just adds to the recent problems I've been having with this game. Before I was unable to use the speed up troops when attacking without it being disabled as soon as I try to throw a flare, deploy troops, barrage, artillery etc. Now it takes AT LEAST two attempts to launch the game before it actually loads. I'm about to give up on this game it's just not worth it!",1,2024-03-02 07:26:06,34,['CONTENT & UPDATES']
boom_beach,2024,"Great game. Simple, clean, fun. However, losing connection during a raid means losing your troops. Please fix this by allowing to reconnect into ongoing battle. Edit 2: Returning to boom beach to play a couple games over the span of a few days and immediately get raided by people 40 levels ABOVE mine. Where are they coming from? How can this be fair matchmaking? Not recommending this game to anyone for the long term.",1,2024-07-07 22:58:34,34,"['GAMEPLAY', 'MATCHMAKING & BALANCE', 'TECHNICAL']"
boom_beach,2024,"In my opinion the game is fun and entertaining and so enjoyable but there's things I would like to add in this game such as if there is a lot of competition between players at your level, if the challenges are increased, if more social networking methods are added, if there are more air characters + Clash of Clans characters, thank you...I recommend downloading it.",5,2024-04-07 12:55:33,34,"['GAMEPLAY', 'SOCIAL']"
boom_beach,2024,"This game used to be a blast. I have been playing it for over 5 years. What I noticed lately is that as soon as the algorithm or the writers of the game notice that I drop a little bit of money to buy resources, they put me in impossible situations were I'm constantly getting defeated by much stronger opponents. I guess they think it's going to provoke me to buy more resources. I'm pretty frustrated and disgusted with this game now to the point where I'm getting ready to dump it.",1,2024-09-01 07:13:51,33,['MONETIZATION']
boom_beach,2024,"Engaging gameplay, strategic challenges, and regular updates that keep things interesting. The graphics are impressive. Add 1) Increase Task Force attempts with cooldown timer. 2) Add option to invite members without social network. 3) Use ads for double the resource rewards. 4) Introduce no attack policy token to pause the wars. 5) Implement various Flare types for different troop management. 6) Assist Task Force with building constructions and more. Overall, a great game for strategy lovers!",4,2024-03-23 03:56:29,31,"['GAMEPLAY', 'SOCIAL', 'VISUAL & AUDIO']"
boom_beach,2024,"The game is really interesting and amazing to play. However, it needs updates, I have been playing this game for almost 3 years, and some stuff is getting boring. New operation bases would be astonishing to hit and some new events like Lt.Hammerman would be great too.",5,2024-05-01 21:41:52,31,"['CONTENT & UPDATES', 'GAMEPLAY']"
boom_beach,2024,"The game is really fun. I can't think of a reason not to like it. So far, all the complaints I've read so far are basically not true for me, and I've never seen happen out of the 4 years I've played on 2 different devices with 3 different accounts. I'm a really big fan of the game. This is my favorite out of all the supercel games by far... in my opinion. The only suggestion is that you have patients when playing because it takes a good 3 months to reach headquarters 12 if you play constantly.🫠",5,2024-03-06 12:18:02,30,['GAMEPLAY']
boom_beach,2024,"Love it, have played since I was a child, but the clan features are very dull and boring, if i was a new player it would be hard to navigate, and please allow lower level headquarters to edit their entire base layout, my friends say they wish it was something they could do. Thanks.",3,2024-04-05 03:53:30,29,"['GAMEPLAY', 'SOCIAL']"
boom_beach,2024,I've been playing for years but the latest update has caused my game unable to load every time. Just updated getting same message ....login failed please try again. Can not access crab have tried twice get nothing but clouds and have lost two attacks because of it. Please fix the issue,1,2024-04-05 23:46:45,27,"['ACCOUNT & SUPPORT', 'CONTENT & UPDATES', 'SOCIAL', 'TECHNICAL']"
boom_beach,2024,"The game is fun. But there should be some upgradation in the game. 1. There should be 2 regular builders as standard. Or at least there should be a system by which players can hire the extra builder purchasing by gold. 2. There should be ""Revenge"" button for the players who raided my base! 3. There should be some default tough layout for base design. Players can't decide how to build a tough base design sometimes.",3,2024-05-03 12:47:26,27,['VISUAL & AUDIO']
boom_beach,2024,"I love boom Beach. I've been playing this game for several years now and overall it's a really fun game. It's like clash of clans but with a twist. It's fairly easy to get started, you pretty much attack other islands to save the tribes and level up. My only issue is that they only let you upgrade 1 building at a time and the resources become insanely costly over time.",3,2024-06-13 02:18:01,27,"['GAMEPLAY', 'TECHNICAL']"
boom_beach,2024,Great game but I've had issues with the monthly Crab & support has been non existent Update: do with no answers from support i decided to uninstall / reinstall as a last resort to fix this issue & now i can't recover my game. It asks me if I want to load my previous game with my Supercell ID & when i try to do so nothing happens. Severely disappointed with the lack of support.,4,2024-06-30 08:04:17,26,"['ACCOUNT & SUPPORT', 'CONTENT & UPDATES', 'TECHNICAL']"
boom_beach,2024,"This game is trash. Warships game mode is completely broken, not to mention the servers are literally the worse I've ever seen. Sometimes I randomly lose troops. Just fought a battle where I lost one tank, afterwards it says I lost 4. I try to watch the replay, and as soon as it hits the last 30 seconds, suddenly the ""replay failed"". The ONLY times I get that error is when the game suddenly decided I lost more troops then what I actually did.",1,2024-08-08 02:43:37,25,"['CONTENT & UPDATES', 'GAMEPLAY', 'TECHNICAL']"
boom_beach,2024,"EDITED JULY 2024... (11 years of gameplay) Since they changed the engine a few weeks ago on who can attack (pvp), the game has become unplayable unless you pay to win. Pay for builders, pay for troops, etc. I'm getting attacked 3-4x per day and losing resources faster than I can gain them. Another good game gone to waste by Supercell's greed. Sad to say I'm uninstalling after 11 years of fun gameplay.",1,2024-07-25 11:48:27,24,"['GAMEPLAY', 'MONETIZATION']"
boom_beach,2024,"Was and has been a great fun game until about 3 weeks ago. Now almost every ad will automatically download the ad game. I didnt think it was boom beach doing it until today when this is the only game or actual time I used my phone, I watched the usual ads for supplies and each of the ads auto downloaded onto my phone. I checked my settings on phone and I have it set to no auto download. Was informed by my carrier that developers of bb know this issue and haven't done anything to fix it.",1,2024-10-25 12:37:55,23,"['ADVERTISING', 'TECHNICAL']"
boom_beach,2024,"I think it's really good.its clear,bright.Easy to play,as in you don't have to learn loads of different things to,do multiple challenges to to br able to level up anything.The time it takes to level up buildings or characters is A LOT more realistic.A game I'm playing now(not saying what) 63 days, yes 2 months to upgrade something!!! So I certainly don't complain about these .",5,2024-11-20 10:26:47,23,['GAMEPLAY']
boom_beach,2024,"Fun game when you pay... I'm not a big gamer, but I do spend a lil on the games I do play. I really do like the game, but I've been playing for several years and definitely not satisfied with the progress I've made. A lot of building upgrades require A LOT of resources and it takes A LOT of time to get the resources. It took me over a year to go from level 49 to level 50. Which was required to upgrade my base which I haven't been able to do in years.. (yes ""years"" plural)",2,2024-03-27 13:28:41,23,"['GAMEPLAY', 'MONETIZATION']"
boom_beach,2024,You basically attack the same bases over and over and over and over again. The game is very time consuming growth is slow and painful unless of course you spend money. People attack you outside of your region you can't attack back....seriously considering uninstalling contacting support is next to impossible the game cheats on warships if I could give 0 stars I definitely would.,1,2024-01-17 06:20:16,23,"['ACCOUNT & SUPPORT', 'GAMEPLAY', 'MONETIZATION']"
boom_beach,2024,"This whole game is just a pay to win and everything is so expensive to upgrade. On the topic about everything being expensive to upgrade, once I finally get enough resources to upgrade. I lose my resources from being raided by 5 people. Now I have to try and recover the lost materials only to lose it again. This game is a headache.",1,2024-10-11 09:40:35,22,['MONETIZATION']
boom_beach,2024,"This game's pretty good, I honestly like this better than Clash of Clans, purely because of its theme. My only complaint would have to be the matchmaking. I'm level 41, and I'm getting level 65+ opponents on average. It makes progressing a whole lot more slow. I sometimes go entire days without attacking a single player's base because of this. Hoping that y'all would fix this issue soon.",3,2024-11-24 15:09:40,21,"['GAMEPLAY', 'MATCHMAKING & BALANCE', 'TECHNICAL']"
boom_beach,2024,"Besides always being overwhelmed with higher level enemies in both attack and defensive battles, there is a lackluster grind since balance seems to be last on the list of importance. Warships is pretty fun ngl. What isnt and almost worth uninstalling the game is how I get SURVEY ADS that wont close unless I exit the game plus I lose my reward. Nice one. One more time and Im out.",3,2024-08-27 15:29:32,21,"['GAMEPLAY', 'MATCHMAKING & BALANCE']"
boom_beach,2024,"Loved playing this game for the last 2 years on my Chromebook. However, this past update (September 2024) I am now unable Tom play this game on my Chromebook? ""This version of the game is not compatible on this device"". But the game always has been in the Google Play Store up until last week? This is a huge bummer, especially for someone who regularly buys the Boom Pass. No more passes from me if I'm unable to play on my Chromebook.",1,2024-10-01 05:39:14,20,['CONTENT & UPDATES']
boom_beach,2024,"Support only available within the game ""help"" and the options you can select from are woefully short and do not have any sort of catch all for things that don't fit the category of my issue... Latest update has stopped boom pass missions from being updated as I complete them meaning I am left one mission short of a full house. The new map invasions system is trashed too, not as many of either type of attack made and when they do they dont add the attach to the top of the list properly.",2,2024-06-27 02:20:21,20,"['ACCOUNT & SUPPORT', 'CONTENT & UPDATES', 'GAMEPLAY', 'TECHNICAL']"
boom_beach,2024,80's kids will love this game. you don't have to spend any money to progress no ads. perfect graphics and game play. u can spend alot of time on this... very addictive LoL edit after 10 years they have introduced ads but they are not in your face and you have to tap a button to see and ad only to get a reward. love warships and mega crab monthly! boom boom. for 15 au u get unlimited troops one a month and that doe not break the bank for middle aged players such as myself.,5,2024-07-03 17:07:26,20,"['ADVERTISING', 'MONETIZATION', 'VISUAL & AUDIO']"
boom_beach,2024,"Love it....I wish clash of clans would adopt some of the elements.. have been playing this for super long time.. enjoy the fact that can play by yourself, or team up in OPS. Very self paced, go as hard or as little as you like. Enjoying warships too... Tks to teh developers.. i'll keep playing, so keep bringing the fun",5,2024-09-26 20:15:58,20,"['GAMEPLAY', 'SOCIAL']"
boom_beach,2024,"Clash of Clans has it dialed in. This, on the other hand, feels like it has been forgotten about. It had great potential, but they are sucking it dry for money. The building and upgrading is a huge flaw. Only 1 builder at a time, and it's painfully slow. Troop reinforcing is also horrendous. They need to cut down the time or be able to queue another batch like in Clash. After 1 attack, I have to log off, and it feels like I don't make any progress. It is just too clunky and unbalanced",3,2024-05-31 00:38:35,20,"['GAMEPLAY', 'MATCHMAKING & BALANCE']"
boom_beach,2024,"I play COC + Clash Royal. Coc has become the definition of a P2W and or definitely hard to progress. Been playing COC since 2016-2017. I'm TH 10. I've Beta tested and programmed a lot of mobile and console games throughout the past 10-12 year's. So I know the difference between a Rushed developed game, and a game that the DEV team has put time and effort into perfecting. Only 2 things that are annoying in Boom Beach. #1 Troop training time. #2 You find a lot of High lvl base's when attacking.",4,2024-09-24 08:45:08,19,['MONETIZATION']
boom_beach,2024,There is basically nothing to do in this game once you max out your troops and get to level 22 troop boats. Enjoyable but overall a poorly balanced game that basically goes from an hour a day of game play to less than a minute of actionable game play once you get to a certain level. Gold basically becomes worthless after all your upgrades are finished and the game recognizes this by never giving you a trader option to exchange it even for wood. It's designed to make you resource anemic andpay💰,1,2024-02-27 23:15:29,19,"['GAMEPLAY', 'MATCHMAKING & BALANCE']"
boom_beach,2024,"This game is great, only thing that holds back a 5 star is when you click find new opponents , the majority of the time it always switches to a MUCH higher level base than the one skipped, example..I choose to find different opponent because a lvl 73 is too high..it switches to a level 76 or higher..aside from that the game rocks",4,2024-06-20 11:40:36,19,['GAMEPLAY']
boom_beach,2024,"The higher you get the worse the game will feel. I'm level 61, and constantly getting level 70-75 enemies... I don't even have a slim chance to destroy them. The only source of material i have is the passive ones.. .which isn't that much. Because of the lack of materials i can upgrade at maximum 1 building in every 2 week. Its not even worth it to buy the pass, since it mostly gives you building time. Literally the only thing you can do is not to change enemies and wait till they stop playing...",1,2024-05-14 16:31:22,18,"['GAMEPLAY', 'MONETIZATION']"
boom_beach,2024,"This game is a lot of fun in the early stages, however the further you get into the game you realize that you will not be able to compete with the opponents that spend money to purchase needed upgrades and weapons. I will not do this so I have once again reached that point where I have to accept inevitable defeat. The game is enjoyable but very fraustrating. It would be better if the playing field was kept level so you can equally compete.",3,2024-06-29 05:57:26,17,"['GAMEPLAY', 'MONETIZATION']"
boom_beach,2024,the gameplay is too slow with one builder Okay Its not that slow we have one builder for sure but the upgrade times are so much less than COC we might be getting more value out of this one builder than 5 there. But I suggest doubling upgrade times and give us two builders.... I can't keep coming back because my building upgraded in 1 hour 😑 and two after that and so on.....,4,2024-04-30 17:42:03,17,['GAMEPLAY']
boom_beach,2024,"I am level 26 and I'm at the point where I can't progress any further. (At least without puying gems which I'm not gonna do, item shop trash plz fix) Other enemy bases are too strong for me to invade, resources (mostly wood) are hard to get or even keep while your offline waiting to reload units and upgrade building just to loose everything I've spent literally hours farming to overpowered player that are 10 levels higher then me.",1,2024-03-14 20:47:53,16,"['GAMEPLAY', 'MATCHMAKING & BALANCE']"
boom_beach,2024,The games match making system is broken. Keep matching me up with bases 2 or 3 levels higher then mine. Cant get any progress due to your beautiful match making system. You make it so hard to have fun. The game is unplayable. Wouldn't recommend this to anyone. Youll waste at most 3 days of your life just to know that this game is a waste of time.,1,2024-02-04 11:15:12,16,"['GAMEPLAY', 'MATCHMAKING & BALANCE', 'TECHNICAL', 'VISUAL & AUDIO']"
boom_beach,2024,No customer support for paying customer!! I have 5 boom beach accounts that I pay $13/mo for each for instant training and extra builder (outrageous but I do it). I had my phone hacked and locked out of my accounts and have reached out to technical support thru their only option and nobody has responded to me. Then I try doing it again today and same thing. Please help!!!,1,2024-02-28 10:46:32,15,"['ACCOUNT & SUPPORT', 'MONETIZATION']"
boom_beach,2024,there is something wrong with this game there's a game within the game that's been happening and clearly I beat the oposition so I click on spectate to watch them finish up and then a minute or two later it gives them the victory!!! I'm giving it stars because I've had fun up until now but there's something wrong with this game!!! why would anybody want to play a game if the game makes sure that you don't win. it's frustrating waste of time.,3,2024-07-12 15:50:35,15,"['ADVERTISING', 'GAMEPLAY', 'MATCHMAKING & BALANCE']"
boom_beach,2024,"It's a great game, but the instability of the Internet connection really undermines the playability. My wifi is excellent, but the game frequently decides it has lost connection, often during battles. The game knows what the outcome of the battle was, but it deletes the whole battle of the connection is lost. When I reload, I even see the little fireworks showing I won, but no rewards are given. Similarly, if I watch an ad, no rewards are given, even though the game knows I watched it.",3,2024-06-20 18:23:06,14,"['ADVERTISING', 'GAMEPLAY', 'TECHNICAL']"
boom_beach,2024,This game has really changed dramatically since it was first activated and not for the better. The time for ever aspect has shortened so much that it is almost impossible to complete any side game and the rewards have gotten so ineffective that they are not worth try to achieve them. This is the third update that requires me to delete other apps to install the upgrade. If that happens again it will be Boom Beach that is deleted. I have been playing Boom Beach since became available.,2,2024-09-24 20:12:13,14,['CONTENT & UPDATES']
boom_beach,2024,This is my second acct because of maxing my other one. Over 8 years of playing and how they match you now the algorithm makes it unplayable. I am a level 61 and I do not get an enemy base below 75. How? What happened to being able to attack to collect resources instead of just collecting and waiting. Unplayable at thus point.,1,2024-10-24 07:02:33,14,['GAMEPLAY']
boom_beach,2024,"Game is rigged to prevent you from advancing too far. Latest update has you losing rank due to attacks when you are currently in the game. Other players who attack are 2x or more levels above me. When I attack, the players are about the same or slightly higher level.",1,2024-06-27 07:59:53,14,"['CONTENT & UPDATES', 'GAMEPLAY', 'MATCHMAKING & BALANCE']"
boom_beach,2024,"Good game for free play BUT the other bases that consistently invade your bases are almost always 9 or 10 levels higher and therefore virtually impossible to defeat. Makes the game oh so frustrating, wait all day to load up troops - watch them get destroyed- reload for most of the day and watch them get killed in a marginally different way, repeat, repeat, repeat!",1,2024-05-20 07:15:36,14,"['ADVERTISING', 'GAMEPLAY', 'MONETIZATION']"
boom_beach,2024,"I've been playing this nearly 10yrs now - where has the time gone! - Until about 6-8mths ago it was a fun game. You could develop your base, attack other players, do the quests, etc. Now the game balance is out of kilter. The game's been tweaked to encourage more player base attacks. To the point that 95% of the time ones base defences feels like decorations. They do zilch, Nada, nothing to slow or stop an attacker. Which makes resource gathering to invest in defences/upgrades pointless.",2,2024-12-09 18:21:30,13,"['GAMEPLAY', 'MATCHMAKING & BALANCE']"
boom_beach,2024,"Simply avoid. It became a p2w game. Since the last big update, I've lost over 150 rank points, even though I play the same as before. When will reach 200 rank points lost, will uninstall this annoying trash. Very soon, I see. Last edit: Max level, max upgrades, just going to uninstall right now.",1,2024-04-11 01:09:36,13,"['CONTENT & UPDATES', 'GAMEPLAY', 'MATCHMAKING & BALANCE', 'MONETIZATION']"
boom_beach,2024,"Latest update (February 2024) is a disaster. The game hangs for a long time before opening, lost connections etc. Sort it Supercell! Edit: it looks like I'm far from being the only one. Time to move on to another game?",1,2024-03-03 06:40:33,13,['CONTENT & UPDATES']
boom_beach,2024,"It is a very fun lil base building game that has given me entertainment over the last few months, but the issue is that now that I'm lvl 40, I only get people that are 8 or more levels higher than me to fight, so you will lose. Plus the resource bases I get are 10 or more higher than me so I'm definitely screwed there. Just stalls the game a TON",3,2024-09-15 04:23:39,12,"['GAMEPLAY', 'TECHNICAL']"
boom_beach,2024,It's an ok game at best. Matchmaking is probably the worst because there's a set amount of players you can find to attack and this doesn't change for about 24h. This becomes a problem because even at level 50 everyone on my map is level 75 which is completely maxed out so there's just literal days where there's nothing I can do even at a lower league. 1 builder also makes the game feel really slow and draw out.,2,2024-02-21 03:31:47,12,"['CONTENT & UPDATES', 'GAMEPLAY', 'MATCHMAKING & BALANCE']"
boom_beach,2024,Another review ( 2nd wkwkwk ) it's not so bad after all still bothered by the number other type of troops but I can let that pass. So far the contents I didn't see appear so that's my bad. The events are just decent at best tho ( praise Dr t for the resources). One thing I'm bothered tho is change the layout of the interaction for guilds and stuff. the UI is quite boring and I wouldn't know who and when someone is online so the chat sometimes feel empty. Everything else is fine...for now kwekw,4,2024-03-27 01:35:11,12,['SOCIAL']
boom_beach,2024,"After years of playing at the beginning defense in the game is a joke and pointless to level, after years of playing hoping defense can be upgraded to actually do something.. well that's wishful thinking and my hope destroyed. What the point of defense if you can just blow it all up without a sweating tear.. I'll be uninstalling and never to return.. good luck with out me..",1,2024-08-31 00:31:19,12,['GAMEPLAY']
boom_beach,2024,"this used to be a brilliant game.....but since the upgrade in July 24 is now not a good game. daily attacks on your main base, outlying bases done on a far too regular basis. difficult to build up your resource, unless you want to spend cash....Are the developers not making enough money?????",1,2024-07-12 13:57:25,11,['MONETIZATION']
boom_beach,2024,"I am changing my review to 1 Star. It is now imbalanced, my base is at maximum level with all uograded defences and it gets fully destroyed without the attacker even losing 1 single unit. I am uninstalling the gamr. Also, writings are very small and cannot be read properly. Also, you cannot message other players and you cannot attack your attacker.",1,2024-11-29 19:15:35,11,"['GAMEPLAY', 'SOCIAL']"
boom_beach,2024,"Fun and annoying. I wish this was 1 player. Tons of fun, but eventually upgrades cost a LOT of materials. If you log out, you get attacked and lose materials. Its 2 steps forward 3 steps back. Very annoying waiting to log in as well. If it was 1 player, where i could keep moving forward this would easily be 5 star. You can't even keep resources because whenever you take over a base, someone WAY stronger takes it back.",3,2024-05-18 23:26:42,11,"['ACCOUNT & SUPPORT', 'MONETIZATION']"
boom_beach,2024,Overall: A fun little game with competitive gameplay but a significant pay wall at higher levels. Pros : Easy to get into and play. Fun and colorful themes and enough tactical and strategic options to keep you busy. The clan system and mechanics are robust. Cons: Progression at higher levels almost impossible without spending money or saving up a lot of diamonds as they are the only thing you can be robbed off. Higher level players start to fill the map and attacking bases can become a chore.,4,2024-05-03 12:33:24,10,"['CONTENT & UPDATES', 'GAMEPLAY', 'MONETIZATION', 'SOCIAL']"
boom_beach,2024,"Upon trying to open game, Updated version message appears but when you attempt to update you are sent to Google Play store but there is no update. This happens every time you try to update. If you have issues you will get no response. Very poor technical support. It is nonexistant. They will ignore your messages. This continues yet to date. Also don't bother with this game. Play is totally unbalanced. You can defeat the enemy first, destroying all their engines first, but you're the loser!",1,2024-04-22 08:06:26,10,"['ACCOUNT & SUPPORT', 'CONTENT & UPDATES', 'MATCHMAKING & BALANCE', 'SOCIAL']"
boom_beach,2024,"Yow, I can't open the game since the update it's just stuck in loading, and it seems that the other players have the same problem too. Please fix this immediately. What a shame I'm beginning to like this game, but if this problems continues until the future updates I have no choice but to delete this.",1,2024-02-27 09:00:44,10,"['CONTENT & UPDATES', 'TECHNICAL']"
boom_beach,2024,It's fun to start off..after you get to a certain level it gets ridiculous..clear your area out mostly and guess what.. then next morning you get at least 8 to 10 notifications that either your have had been attacked or lose a free island. Its annoying. Most all are from the blackboard so its done on purpose so you with have to buy diamonds.,2,2024-01-30 06:59:20,10,"['GAMEPLAY', 'MONETIZATION']"
boom_beach,2024,"everything is great but just 1 thing bothered me, the bases of non-player. Some of em are too hard/unbeatable and it STACKED. got like 3-4 of same bases in which cannot be changed/destroyed from my map. This slowing the progress of casual farming as those bases took slot of non-player bases spawn limit. pls fix this asap.",3,2024-10-03 20:09:37,10,['CONTENT & UPDATES']
boom_beach,2024,"The game used to be fun but with all the stuff in it now it takes too long to do anything. You can only do 1 upgrade at once, they're very expensive, troops take forever to train and losing a battle is unforgiving and bases that will populate your map around hq 18 will be very hard and your troops are glass pea shooters. Even tanks die to 1 shot from a cannon and take 30 minutes to make each, just one example. The prices are also completely obscene, and the boom pass challenges are way too long.",1,2024-06-06 03:43:11,10,"['CONTENT & UPDATES', 'GAMEPLAY', 'MONETIZATION']"
boom_beach,2024,I've been noticing a glitch when I defend my base against Lt. Hammerhead. My base will defeat the troops but for whatever reason they'll never finish off the last few critters. So then when I'm speeding it up I have to wait the entire time until the time runs out. It's happened every time the past 2 weeks. Every round as well.,1,2024-10-08 12:48:36,10,"['GAMEPLAY', 'TECHNICAL']"
boom_beach,2024,"The recent updates have ruined the game experience for me. My base used to get raided once every couple weeks and it was 50/50 if they won, but now when I login I've been raided multiple times by high-level players and destroyed everytime. I am losing 5-10 medals whenever I load the game and can't keep up. What's going on?",1,2024-07-07 03:31:56,10,"['ACCOUNT & SUPPORT', 'GAMEPLAY']"
boom_beach,2024,"Used to enjoy this game very much, but the last update dropped the android device I was playing on. really sad to see this happen. Can't update anymore and starting the game only shows the update screen. I play Android games because they're usually not demanding on the system played on so this latest update and device incompatibility is sad to see.",1,2024-10-03 12:02:45,10,['CONTENT & UPDATES']
boom_beach,2024,"Everyone complaining about people with higher levels on their map! (Other than the glitched update this year..) It depends on your VP count— please mind that it also depends on how often you attack. Just switch out the opponent!! Game's great, censors out some words (like the combo for a heavy-zooka attack). Also kicks me out during my op attacks, and whatnot. I'd prefer if this was fixed, rather than a boom-pass? I struggle to really attack bases without spending money later on for i.t..",4,2024-07-03 21:00:07,9,"['CONTENT & UPDATES', 'GAMEPLAY', 'MATCHMAKING & BALANCE']"
boom_beach,2024,"I used to love this game, spent 7 years building my base after the update on 26th Feb that finished me. I have only now been able to get back into it 4/5/24 and it's still glitching won't load megacrab stage 1 yet keeps taking lives off me. Such a shame game has been ruined by incompetence that's 7 years of my life I will never get back. I was actually trying to play it when this review popped up so you can have my honest review and take your game and stick it where the sun don't shine.",1,2024-05-04 23:08:39,9,['CONTENT & UPDATES']
boom_beach,2024,"Very disappointing, you guys do not have time to help the players by reviewing there messages then ask the Play store to remove the feedback option. I told you that I am having problem with the server, it keeps disconnecting when I am playing the game and this happens 5 to 6 immediately when I login to the game😖😠",1,2024-09-11 18:23:52,9,"['ACCOUNT & SUPPORT', 'TECHNICAL']"
boom_beach,2024,"In my opinion, even though this is very unpopular, this is just a better version of clash of clans. The troops are a lot more complicated and therefore requires much more strategy, especially as you progress throughout the game. Its basically just a modernized verson of clash of clans! I do think one issue is that you have to pay real for a second builder, where in COC you can actually get FIVE builders for just some in-game currency. Love Boom Beach!",5,2024-03-20 13:08:28,9,"['CONTENT & UPDATES', 'GAMEPLAY', 'MONETIZATION', 'TECHNICAL']"
boom_beach,2024,"It's a good game, but has glitches in the game. The worst glitches is in the ship battles part of the game. There are times when I did not finish first, but the game says I won the battle. There are other times when I finish first dn have to wait for the other player to finish before battling again. When the other player finally finishes, it says I lost! I don't understand how this game can be that badly screwed up!",1,2024-12-31 09:29:41,9,['GAMEPLAY']
boom_beach,2024,"The game has been great for many a year, now this latest update after switching between accounts, will no longer load up. Its stuck on the loading bar screen for hours, my friend also has the same issue resulting in us having to look for other games to play as for over an hour each time it will not load",2,2024-03-05 16:22:51,9,"['CONTENT & UPDATES', 'TECHNICAL']"
boom_beach,2024,"After todays update game does not open. Have also noticed in warahips I complete battle first, spectate opponents battle and then opponent some wins! Uninstalled, reinstalled and still can't log in on either of my devices... Update: day 2 still can't login. Doesnt go furthetthan loading page Update: 3/4/24 STILL CANT LOGIN AFTER UPDATE. No assistance from support. UPDATE : 07/03/24 STILL CANT LOGIN. uninstalled and reinstalled no progress. No response or assistance from your side !",1,2024-03-07 23:36:15,9,"['ACCOUNT & SUPPORT', 'CONTENT & UPDATES', 'GAMEPLAY', 'TECHNICAL']"
boom_beach,2025,"This is a fun game. It is clear from the consistent updates that they care about the requests of the community. However, the time to train troops is just too long in some cases. It takes an hour and forty minutes to train a boat of 2 scorchers. That is way too long considering that an offensive statue boost only lasts 3 hours. Similarly, troops also cost too much energy to deploy. At max level with no energy statues, you can only deploy 6/16 scorchers and 8/16 mechs. Please lower these things.",5,2025-01-22 04:48:14,1546,"['GAMEPLAY', 'MONETIZATION', 'SOCIAL']"
boom_beach,2025,"Supercell really did a good job here, I'm hooked. The game is really entertaining and there's always something to look forward to. I also find it really creative how the devs planned out the defensive structures, upgrades, troops, resource etc and the other in which they all come in. And the events are classic too. Overall I have no complaints and Boom Beach deserves my full 5 star rating",5,2025-09-16 05:45:06,180,"['GAMEPLAY', 'VISUAL & AUDIO']"
boom_beach,2025,"Once great game is now not even worth the space on your phone. They have further manipulated the programming so your troops wander off and die sooner, as well as defenses targeting easier to kill troops instead of closer ones like they should. All so that people will spend more in-game currency, and hopefully, more real $. No thanks. You get opponents 20 levels above or below you, making it little fun. Even boat battles are manipulated by opponents and are useless. What a waste of time now.",1,2025-01-06 14:01:58,160,['MONETIZATION']
boom_beach,2025,"I have played this game for literally a decade now. It has been a fun game. I would like to see a feature that allows me to store all of the defenses and other buildings on my resource and main islands to make setting up a defense much easier. Currently you have to set everything out of the ""way"" to even be able to visualize it. This feature would really help with our base layouts and streamline the whole process. Same for resource bases. They get to a point where you can't even move stuff!!!",4,2025-07-07 06:24:32,90,"['CONTENT & UPDATES', 'GAMEPLAY']"
boom_beach,2025,"PUT IT BACK!!! The new way to earn upgrade tokens in the ship battles suck... tokens should be ""Spoils Of War"" earnings... not levels... I'm a Veteran player and I do spend money...every month on the game because it's really cool and I've really enjoyed... until now. the ship battles are what I've always looked forward too but you just took away a chunk of motivation to play... Upgrade as you defeat your opponent... not once you reach the next 5 levels... the old way was more fun.",3,2025-06-30 07:49:07,89,['MONETIZATION']
boom_beach,2025,"I have been playing this game for free for a decade, so clearly it's a good game. The social aspect is great. The ads are entirely optional just how I like it, and I even watch them sometimes. There's real, in-depth, tactical combat paired with long-term improvement. However I don't play much anymore because the power powder and reinforcement mechanics require a time commitment I just can't make anymore. It's not a good waiting room game. I highly recommend this game, iff you have time to kill.",4,2025-10-29 21:36:09,85,"['GAMEPLAY', 'SOCIAL']"
boom_beach,2025,Started playing this when I was a kid. Now I'm early 20's and still loving every battle. The game as far as I'm aware is basically perfect. It can get a bit tough around lvl 40 as you can occasionally get matched with some other players far above anything you can beat. though I think they did fix that in the last update seeing as it hasn't happened nearly as much since. just make sure to focus on upgrading all your landing craft so it's not as bad.,5,2025-06-21 13:40:50,85,"['CONTENT & UPDATES', 'GAMEPLAY']"
boom_beach,2025,"Good action, like player variety,. Can be challenging. Entertaining. However, watch out for the updates! I've come to dread them. I have an older device and there seems to be never enough space to upgrade without sacrificing other apps. And of all things, there have been 2 updates in the past week! It's too much; the designers are going to lose me if I can no longer manage on my device. New phones are horribly expensive now. Another upgrade today! Ridiculous!!!",5,2025-03-29 09:31:46,75,['MONETIZATION']
boom_beach,2025,"That game is so rigged... The game initially offered an enjoyable experience, but over time, it appears to have become unfair. For example, there have been instances where I watched an opponent attack my battleship after I had already defeated theirs, yet I still ended up losing. This raises questions about the game's mechanics and has made it less enjoyable to play.",1,2025-05-14 03:36:45,62,['GAMEPLAY']
boom_beach,2025,"Great game!!!!!! I am a long time player of Clash of Clans, since 2013, the wait times at TH17 is very long. So I thought I would try one of Supercell's other games. I must say, I am pleasantly surprised by Boom Beach. There is some similarities, but it is a totally different game in a good way. The attack strategy so far is the greatest difference, but not to difficult to understand. But overall I think in it's own way it's the equal of Clash of Clans. I'll definitely keep playing it.",5,2025-01-29 06:16:29,59,['GAMEPLAY']
boom_beach,2025,"4 months later still worthless. Play this game for 10 years. I enjoyed that I had to make decisions between building up my resources and environment, versus defending versus weapons. The phone was in allocating resources among these three categories. BUT THEY CHANGE THE GAME. It no longer makes sense to try to build a resources internally because you will be attacked by people twice as strong he'll take your stuff. Therefore the fun of the game is gone. It's too bad, it was a really good game.",1,2025-03-05 10:44:40,57,"['CONTENT & UPDATES', 'GAMEPLAY', 'MATCHMAKING & BALANCE', 'SOCIAL', 'TECHNICAL']"
boom_beach,2025,"Crashes everytime at startup since latest update, I'm running Android 6.01 and like so many others, i cannot play it anymore after years, I have severe doubts this will get fixed for any of us (which looking at other reviews there are thousands of us) without buying newer tec, for me that ain't gonna happen. Well last update fixed issue but latest one has stopped it again...won't run, black start up screen BOOM GONE.",1,2025-01-21 18:44:02,53,"['CONTENT & UPDATES', 'TECHNICAL']"
boom_beach,2025,"I have loved Boom Beach since I was a kid. Honestly even more than I love Clash of Clans. But lately I've had a serious problem with the game. I've been getting attacks on my base from players who are far higher level than me. Base defence is a central part of the game, and yet even with boosted statues and max prototype defenses, I can't even attempt to protect my base because my opponents just send 8 mechs and wipe me in less then a minute. Please fix this soon.",3,2025-03-20 01:07:09,44,['GAMEPLAY']
boom_beach,2025,"the last update had my base raided 3 times in 12 hours. How does my 62 level base with 300 medals land on another players map that is level 73 with over 1000 medals? Not to mention the constant attempts to watch ads. This game is quickly becoming less fun. half the time I do watch ads, it automatically sends me to Google play, then i have to reload the game and don't receive the reward for watching the ad",3,2025-11-09 10:35:57,42,"['ADVERTISING', 'CONTENT & UPDATES', 'GAMEPLAY']"
boom_beach,2025,"uninstalled boom beach today. you used to get at least 5 or 6 prototype parts when defeating gearheart...now you get 2000 ""points"" which means you can now only afford one prototype part. supercell has gotten so greedy for money that they made this game nearly unplayable now unless you spend money. it was fun for nearly 10 years and now it's time to say goodbye.",1,2025-07-11 02:31:58,39,['MONETIZATION']
boom_beach,2025,"Love the game, absolutely no problems, but i want you Supercell, to add a proper friend system not like supercell id, and make it good so you can just go on a persons island or profile and just click their name to chose ""add friend/send friend request"", because i already lost multiple good people forever and ever, without adding them. Appreciate it!",5,2025-01-02 15:48:33,39,['ACCOUNT & SUPPORT']
boom_beach,2025,"downloaded again after a very long time playing in the past, lots of cool new units and events but the level disparity is HUGE. currently level 40 and keep getting opponents level 55+. even with the statue boosts and maxed units for my current hq, it's not enough for a win. Clash of Clans at least lets you swap opponents if you know you can't take on the base. this game lets you ONCE per day. if it weren't for that, it'd be more enjoyable.",3,2025-09-05 03:10:40,39,['GAMEPLAY']
boom_beach,2025,"gave it three stars because the game’s graphics are wonderful and the gameplay is very easy. However, I do have one issue: the game requires too much effort and takes a lot of time to progress. Gems are rare and very difficult to find. I kindly request that you make them easier to obtain. Thank you.",3,2025-11-21 01:53:47,36,"['GAMEPLAY', 'TECHNICAL', 'VISUAL & AUDIO']"
boom_beach,2025,"very good and addictive. just a recommendation as far as the little fragments. there should be a way to double or triple the conversion of the little fragments. Like, for X amount of diamonds or anything else, we should be able to convert like 50, 100, or 200 little fragments into shards at once because many of us have thousands of little fragments. I know it only takes 5 seconds, but it's still very jarring.",4,2025-08-22 13:32:01,33,['OTHERS']
boom_beach,2025,"No major updates for a long time, they keep pushing ships. When is there going to be an update , when your maxed out on everything, there's nothing to do. They have started updating everything slowly. more to upgrade and do. I'll raise my rating, but it's still all about the money.",3,2025-03-16 21:44:40,32,['CONTENT & UPDATES']
boom_beach,2025,"Boom Beach is a strategic combat game by Supercell, blending base-building with tactical warfare. Players attack enemy bases, defend their islands, and upgrade troops. With engaging gameplay, cooperative task forces, and stunning visuals, it offers long-term entertainment. However, progress can be slow without in-app purchases. Overall, a thrilling strategy experience!",5,2025-03-21 02:42:13,32,['GAMEPLAY']
boom_beach,2025,"Game keeps crashing. Every other match of warship crashes before I can finish. Its so annoying, everytime it happens I lose the match! Why! I don't know whats going on with this game but the warship is the only reason I still play boom beach anymore and the last year there's been nothing but problems. You would think they'd fix it especially when everyone's paying at least $10-$17 a month to play. It's not worth it right now!",1,2025-12-17 23:25:06,31,['MONETIZATION']
boom_beach,2025,I've played on and off since 2014 and now they've just ruined it completely. Every recent update has made it less fun to play. Making Dr T levels so hard that a max level player like myself has to boost to beat the hardest level and now taking away resources from the daily events for a different system is bad. Boom Beach has gone all out pay to play with the cosmetics and boom pass. It used to be frustrating but still fun now it's not even fun.,1,2025-06-18 05:06:46,30,"['CONTENT & UPDATES', 'GAMEPLAY', 'MONETIZATION']"
boom_beach,2025,"I've been playing since day 1 release, and since day 1, matchmaking has been broken. Obviously boom beaches player base is significantly smaller than clash of clans and clash Royale, but we are a loyal fan base. Despite this, they refuse to revamp the way matchmaking is done. Im a level 68 overall, which is a direct reflection on the amount of upgrades that have been completed in base. So it doesn't make any sense why I consistently get dominated by level 75+ players. It's broken.",1,2025-01-31 13:28:47,25,"['CONTENT & UPDATES', 'GAMEPLAY', 'MATCHMAKING & BALANCE']"
boom_beach,2025,"I do love the game, but since last update there is a bug with warship challenge 😔 every time I have a battle I loose all my troops even though I have them left at the end of previous match, so have to replenish them. And even after winning a challenge or collecting a chest I don't receive any development points - rather frustrating please sort!!",3,2025-06-25 17:04:00,25,"['CONTENT & UPDATES', 'GAMEPLAY', 'TECHNICAL']"
boom_beach,2025,"I recommend Boom Beach to everyone, great game ,Absolutely no complaints!! Edit:: last update was phenomenal! made it MUCH more compatible for players that can't afford to put real money into games, with this last update, players can stay competitive because of all the available (Free) resources for active players! best update any game has made yet - Awesome job Supercell team!!👍👍",5,2025-06-21 05:25:16,23,"['CONTENT & UPDATES', 'MONETIZATION']"
boom_beach,2025,"Good game but unfair battleship results!! For many times i have won many battles at this part of the game but when i finish the results come out in the enemy's favour!!!! One less star for that. Game team, check it out...do something please... After about two months, no response so another less star for the game 🎯. No response too! 😕 well then... Another less star for you, way to go team🤬",1,2025-03-28 21:59:46,22,"['ACCOUNT & SUPPORT', 'GAMEPLAY', 'MATCHMAKING & BALANCE', 'SOCIAL']"
boom_beach,2025,"This is the quintessential cell phone game. It starts off great, but becomes dead with minimum repetitive content and pay walls that make it so late game upgrades take weeks or months unless real money is spent. This game is only fit for if you have a few minutes to spare & just need a distraction, I don't recommend spending any real money on this one.",1,2025-08-09 01:42:42,21,"['CONTENT & UPDATES', 'MONETIZATION']"
boom_beach,2025,"I've been playing this game for years, and it's been fun, but the new updates really suck! They revamped the rewards system, making it extremely hard to get prototype modules and resource rewards. The last update ""level loaded"" the player bases, so now almost everyone on my map is 30 or more levels higher than me, and I can't beat a single base. They've made it so you have to buy diamonds to purchase your upgrades since you can't hardly earn them anymore. I'm ready to delete both my accounts",1,2025-07-22 16:09:29,18,"['CONTENT & UPDATES', 'GAMEPLAY', 'MONETIZATION']"
boom_beach,2025,"at one time this was a fun game to play. now there have been too many changes. and, I dont know what happened, but I had my tanks at a fairly high lvl, I can't remember which lvl, but all of a sudden they are all the way down to lvl 1!!!!! I've had this installed for several yrs now and have upgraded my tanks over time,using my hard won resources and also my money when I can afford it, and now it's all wasted!!!! It's totally BS!!! Im at Lvl 71 on here, with Lvl 1 tanks!!!!",1,2025-08-09 10:34:53,18,"['GAMEPLAY', 'MONETIZATION']"
boom_beach,2025,"Been playing this for years, since the last update it's been really bad. The game play is completely messed up, the balance between rewards gained and rewards earned is wrong. Despite clearing my entire map of bases I am not able to progress in rank? I have stopped playing and will check back again in a few months to see if it's been updated. Very disappointed.",2,2025-06-30 20:47:36,17,"['CONTENT & UPDATES', 'MATCHMAKING & BALANCE']"
boom_beach,2025,"So, like so many others playing Boom Beach I've been around for years and have seen so many updates, so many added stuff, so many crashes, so many not loading and on and on. But now in the latest update, and not that it matters cause age is a luxury, the requirement to add your age before you can play a game that has nothing age restricted material other than in app purchases. It's not gambling, it's not sexual and fill in the blank. Unfortunately I am older than a lot of players, and ending it.",1,2025-01-23 21:47:17,15,"['CONTENT & UPDATES', 'TECHNICAL']"
boom_beach,2025,"I used to play this back in the day and redownloaded it as something to do. At first it felt fun and well balanced but then I leveled up too much. It's gotten to the point where defences feel like decorations and whenever I want to attack another player for resources they're always significantly higher level than me and pressing ""find new opponent"" now raises the level instead of lowering it. It's gone beyond a skill issue and is now a balance issue, I'm so sick of this game.",1,2025-05-22 17:09:49,14,"['GAMEPLAY', 'MATCHMAKING & BALANCE', 'TECHNICAL']"
boom_beach,2025,"Will change it back to 5 stars when we get to choose what settings we want, either winter or tropical settings, and allow us to pick up base layout buildings when fixing it for a new one. Also,why do i still keep getting invaded and loose resource bases to level 80 players while im in lvl 48? New update is trash, im getting a health building statue on 375% and my troops are at lvl 16 armory rate. it really hard and to throw in more trash yall lowered the rewards, who would even attack those now?",2,2025-04-01 20:23:26,13,"['CONTENT & UPDATES', 'GAMEPLAY']"
boom_beach,2025,"Constant ""Error! Client and server are out of sync! Reload game"" Love the game, and until the past 3 months, I've had a consistent issue that the game kick me out of the match and reload. it has become such an issue that I can't even progress in warships season because my game will cut out 30 secs in... I have amazing internet and 5g cell service. restarted my brand new zfold 7 many times and reinstalled the game... still the same bs.",1,2025-12-16 12:42:15,13,"['CONTENT & UPDATES', 'TECHNICAL']"
boom_beach,2025,"Very good idea, one of the best mobile game I've ever played. But has a lot of connections issues. The most annoying: Your connection is switched from Wi-Fi to mobile - then you will be dropped from the game and can not return the fight and as the result - you lost. Irritating. And new feature: Client and Server are out of the sync in every second battle. Thanks. Good job.",1,2025-12-18 05:44:39,13,"['CONTENT & UPDATES', 'GAMEPLAY', 'TECHNICAL']"
boom_beach,2025,"Somehow, the moment you added the ""Evil Coins"" thing. I'd say it's great… until you started inflating every prices. Prototype module increased from 300 to 1200. Resources from 750 to 900. Even the ""Time Saver"" costed like twice as much, we could get 20 for like 400 and now it costs us 400 to get 10 only. This only makes me prefer the older version where we used to get resources from attacking the Blackguards instead of Evil Coins from them.",2,2025-06-27 12:29:17,13,['CONTENT & UPDATES']
boom_beach,2025,"Have played BB for a long time, but slowly falling out of love with the game. The developers have worked in new aspects very well, they need to keep the overall file size in check. But recent updates have changed the will and habit to play. New Evil tokens to spend are great, but losing prototype parts from some daily challenges, plus going up a level on completion while a nice challenge to have are turn offs. Sometimes we want simple attacks, quick plays and not have to boost everytime.",3,2025-07-10 18:14:19,12,"['GAMEPLAY', 'MONETIZATION']"
boom_beach,2025,"The same glitch for two weeks now!!! Really?! Still can't progress on Hammerman Strikes Back Fleet. Still getting stuck on wave 2. All I get when trying to do wave 2 is the blue satellite dish comes on in the bottom left corner and then nothing. I have to reload the game as the next wave doesn't load. Seems to be more glitches creeping into this beloved game than normal. Back down to 1 star, time to stop buying stuff in the game after today.",1,2025-09-16 04:05:03,12,['TECHNICAL']
boom_beach,2025,When you get higher up in the game Dr T no longer worth attacking for very little reward. for example Dr T starts off at level 23 for the same rewards I would get at level 1 before the latest update 🤬. it's not made the game more competitive it's just made it so that some of us that have been there for a long time don't want to play it anymore,1,2025-05-17 21:20:12,12,"['CONTENT & UPDATES', 'GAMEPLAY']"
boom_beach,2025,"I was harsh when I first loaded this back up but they have done quite a bit, even community designed non player bases to attack! all she really needs is a graphics rework to make the game feel slightly more lively cause clash been doing realy good work to pretty up the game for ultimate player satifaction then you come to boom beach and it is more or less the exact same as when I played back in high school 9 years ago🤷‍♂️ Although I have been enjoying my little comeback!",4,2025-06-13 05:35:07,11,"['CONTENT & UPDATES', 'GAMEPLAY', 'SOCIAL', 'VISUAL & AUDIO']"
boom_beach,2025,"Have given up hope. It freezes, or shows ne some one else's base. Have to uninstall then reinstall. Also, being raided multiple times in short span so that, no matter what I do I am stuck in one place unable to build defenses. I think they just want me to buy more so I can get back. Love the game but hate manipulation. Good bye.",1,2025-02-28 02:38:35,11,['MONETIZATION']
boom_beach,2025,"Too many resource types. 4 types of resources are needed. 3 of which are needed for building. There is a constant shortage of resources. You end up with overages of one item and a shortage of another. You can lose 100's of thousands in resources in a single attack. There is no leveling or shields to help you protect your resources from way more powerful enemies. Very limited war zone which requires resources to expand. Very frustrating! The speed up attack, warships, and statues add variety.",3,2025-02-02 12:27:06,10,['GAMEPLAY']
boom_beach,2025,"punishes good players. I can't collect any resources because every enemy on my map is at least 10-15 levels higher then me. apparently the only way to change this is to allow myself to be raided and destroyed for 4-6 weeks straight without attacking anyone so my rank will drop. feel like it makes more sense to match people up by lvl then it does by rank, I can't compete with people 5 command centers higher then mine, armed with much better tech. 3 weeks in and the game is already unplayable",2,2025-06-06 03:46:08,10,"['CONTENT & UPDATES', 'MATCHMAKING & BALANCE']"
boom_beach,2025,"I put some serious time into this game, but it remains to be seen if they're ever going to balance the raiding system, even at level 40 I'm actively being farmed by people 20+ levels above me where they don't even have to put troops on the field to win the fight, their barrage and other gunboat abilities can 2 tap my HQ. Do yourself a favor and don't bother installing this game it was a fun prospect a long time ago but today it's basically pointless to play.",1,2025-01-09 09:31:51,10,"['GAMEPLAY', 'MATCHMAKING & BALANCE']"
boom_beach,2025,"Latest update in 2025 has totally ruined the game. New set up with 1) imitation game 2) col gearheart 3)hammerman strikes back and 4) Dr. T all changed in the way you acquire resources, now having to use tokens instead in the shop of evil where you get nowhere near the same rewards you did previously, makes it way way longer to upgrade anything. I played this game solidly over the last few years but am barely on it now. So disappointed Supercell. A great game ruined.",1,2025-07-17 22:34:23,10,['CONTENT & UPDATES']
boom_beach,2025,"Has bugs, no support. I've played this game since it started, 10 years. if you changed devices or had a problem you used to be able to call tech support. about 6 weeks ago I tried to log in while on vacation, and the game asked me to log in. normally it just opens. big problem, they want you to create a email for each game - which means you have emails you never use - and forget the password for if you have to log in years after you loaded it. Their automated support is unable to recover my game",2,2025-08-28 01:33:01,9,['ACCOUNT & SUPPORT']
boom_beach,2025,"This was a fun game, but while I understand that things change over time, there were so many bugs after every update. I made it to the leaderboard only to lose that when the devs screwed up again. A game stops being fun when it starts being frustrating. Also, SC customer support has been consistently the worst. I deleted the game after playing for years. I was a paying customer, too.",1,2025-09-08 01:37:39,9,"['ACCOUNT & SUPPORT', 'CONTENT & UPDATES']"
boom_beach,2025,"Good game. Wish my account wasnt wiped from existance. I had to start over from scratch even linking the same google play account with achievements from 2015-2017. Thanks. Also, some sort of mention of friendly fire on some hero abilities could be welcome for less frustration for players. Wish I could rate this higher but having many monthly paid things (Builder, training, pass, and warships key) is a bit scummy. Sure you get something for ads but all those combined is a bit much.",2,2025-01-31 18:12:25,9,"['ACCOUNT & SUPPORT', 'CONTENT & UPDATES']"
boom_beach,2025,"11+ years and counting!... Speaks for itself! Best gaming app ever made! updates and new challenges, troops, weapons are a continuous rotation! graphics are 2nd to none! Boom Beach has only ever crashed twice since they decided to add advertisements to the rewards section. that's the only negative mark this game gets from me. but that's only because the first 10 years, there were no ads whatsoever! so I am a bit bougie and biased!",5,2025-03-28 23:21:59,9,['VISUAL & AUDIO']
boom_beach,2025,Great game I love action games and you can do lots of things for e.g. upgrade and I won't spoil to much but it's a great game also don't uninstall if you think you have bad stuff or anything like that you can become super powerful I only gave 4 stars because you have to pay for a lot of thing e.g. you have to pay for 2 building at once,4,2025-01-22 07:39:06,9,['MONETIZATION']
boom_beach,2025,Don't play this game if you are easily frustrated. This game is designed entirely to frustrate you into buying gems and boosters. How many base building games do you know that only allow you to have one builder? troops can take up to 30 minutes to train. this is game best played when you have absolutely nothing else to do and want to kill a few seconds.,2,2025-03-20 17:52:36,8,['GAMEPLAY']
boom_beach,2025,"I cannot recommend this game anymore. I don't like the new ""Evil coins"" change introduced in the latest update. I had everything structured around the loot galore of Imitation Game, and now I just get a pouch of coins instead of millions of resources. Please tweak it. Not to speak of Gearheart, I sincerely don't feel lile playing anymore, I cannot recommend this game, not anymore.",1,2025-08-22 05:24:25,8,['CONTENT & UPDATES']
boom_beach,2025,"Game is fun until you get to a certain level. then, you start getting opponents that are multiple levels higher than you, extra builders cost real currency without any reliable alternative, people who spend money seem to progress way too damn fast. Overall you either have to play the waiting game for around a year or more like most of these terrible p2w games or dump money into it.",2,2025-06-16 01:49:02,8,"['GAMEPLAY', 'MONETIZATION']"
boom_beach,2025,awful...just awful.. I have been playing this game for a while everything was fine up until the new update I got to hq18 and all of a sudden when I try to load into the game it says 'connection issues' even though im clearly connected to my WiFi and there is nothing wrong with It. You need to sort this! if not I will uninstall the game as I can't even get into it in the first place! THIS IS STUPID FIX THIS GAME PLEASE!!,1,2025-07-19 00:25:41,7,"['CONTENT & UPDATES', 'TECHNICAL']"
boom_beach,2025,"it's a good game with fun activities, only downside is the buy buy buy... if you want instant troops for just 30 days, that's £10. if you want to do much else that's another £2.99, supercell really knows how to suck the fun out of their own games. why they need more money if beyond me but stops me playing a lot of the time due to troop waiting times.",2,2025-05-03 05:44:07,7,['MONETIZATION']
boom_beach,2025,"I give 5 stars because I'm addicted to this game... lol. I'll start playing other games & always end up back on this one since it seems to be the best free & add free mobile game I've found. Also to the people saying they're winning the battle 1st, spectating the other player finishing their battle, & then you're somehow still losing.. It's because you have a full minute to think before starting the battle before the actual clock starts. So it's based on the battle time, not who finished 1st.",5,2025-03-25 09:02:43,7,['GAMEPLAY']
boom_beach,2025,"I had previously stopped playing the game due to having pretty much maxing it all and a lag issue causing problems. But now there is quite a lot of new content and bugs seem to have been fixed. My only suggestion would be to allow statues to be swapped in and out of storage at the cost of dust, in the same way the engraver works. At the moment the statue storage is pretty much useless and I think it would really improve things.",5,2025-01-16 00:33:11,7,"['CONTENT & UPDATES', 'MONETIZATION', 'TECHNICAL']"
boom_beach,2025,"Decent enough game but, only ONE builder to star and, pay $2.99 for only 30 days? I have now & have played so many games of this type and, they ALL give you at least TWO builders to start and you can buy more with gems PERMANENTLY!! No wonder you can't get ahead too quickly with only being able to build/upgrade one item at a time ESPECIALLY when the item takes 2,3,4 hours ect.",3,2025-05-25 08:13:56,6,['MONETIZATION']
boom_beach,2025,I did enjoy the game and paid the monthly fee for instant training. Then all of a sudden they changed things to give a lot less rewards for a lot tougher grind. The game now feels like a chore and the rewards stink. They are trying to force us to buy more than the instant training. The daily grind just isn't fun or worth the time it takes any more. I quit buying instant training and I have a bunch I'll quit supercel all together. They made a billion dollars in profit last year and it's not enoug,2,2025-05-27 03:04:36,6,['MONETIZATION']
boom_beach,2025,This is a great game in the beginning but the opponent matching is wildly out of balance. You are matched with players literally twenty or thirty levels higher and they so ridiculously outgun you that you have no game to play but the bots that are just a repetitive same half dozen layouts. Absolutely terrible. It's so frustrating I wouldn't even bother starting.,3,2025-02-02 20:12:04,6,['MATCHMAKING & BALANCE']
boom_beach,2025,the events are nice and all the fixes and reworks made the game more enjoyable on a low level account. But it needs a matchmaking fix pretty much asap. like wdym my map is full with lvl 80 average players when im lvl 66 and why do i have to clear my map for any upgrade at my level against enemies i cant even defeat. Beating a lvl 80 is barely even doable without them having prototypes so why do i get them with 4 prototypes. at high level loot should be easier available.,1,2025-12-18 06:05:20,6,"['ACCOUNT & SUPPORT', 'CONTENT & UPDATES', 'GAMEPLAY', 'MATCHMAKING & BALANCE']"
boom_beach,2025,"Been playing this for years, but now will not install on tablet the latest upgrade even though have only 3 apps on. Each update appears to require more and more space! Oh well, bye bye Not bye bye, have found that if you leave the upgrade a few days - weeks it will install without the need to clear any space! x",2,2025-01-22 02:27:27,6,['CONTENT & UPDATES']
boom_beach,2025,"Loved this game from the very beginning but less and less with every update. Seems like the developers keep trying to fix something that isn't broken. Get rid of that ridiculously over priced ""Shop of Evil"" and go back to the way it was before!!! I seriously miss how this game use to be!!!",1,2025-11-01 00:46:02,6,['CONTENT & UPDATES']
boom_beach,2025,After playing since this game release i think 2012 i have been played this game.. Now the developer want more money.. The rewards are not funable anymore.. They just want our money.. Grinding loot now for this game is even more difficult.. Evil coin? For what purpose? Prototype get hard to loot.. This latest update has ruin the fun.. It use to be fun playing this but now.. Time to say goodbye boom beach.. A lot of memories..me and my brother lso use to play this game together..,1,2025-07-11 21:11:36,6,['CONTENT & UPDATES']
boom_beach,2025,"Long time, casual player of Boom Beach. As others have said, the imitation bases have been bugged for a while now, making the game frustrating with its difficulty level. Normally, you could 'downgrade' the threat level when bases get too difficult but this option seems to be missing now. The imitation bases are also the same ones from the previous weeks.",2,2025-09-06 00:09:56,6,['GAMEPLAY']
boom_beach,2025,the whole game reward system is now broken you get evil tokens as rewards and and you have to buy resources and prototype parts with that. and the exchange rate sucks. I have had enough prototype parts for the last 10 years but i will run out soon. stop being so greedy supercell you supersux now,1,2025-06-30 21:54:52,6,['MONETIZATION']
boom_beach,2025,so supercell have no imagination just upgrade after upgrade. what is the point it's got so mundane. I don't get any player bases so have lost so much VP. you max out then have to do it all over again. so your weapons get higher so does everyone else's and so does the games weapons. so it all cancels it all out. I've put a lot of years of effort into this game but I'm done.Another update and I've had to delete stuff to do so I'll be handing leadership over to co leader and I'm done GAME OVER,1,2025-08-22 04:22:53,6,['CONTENT & UPDATES']
boom_beach,2025,"The strategic nature of this game is perfect. It all feels so polished and smooth. Gameplay is much better than Clash. The art design and textures are vibrant without being obnoxious. Theme and storyline aren't generic, nearly all of it is engaging. I don't understand why this is the least popular Supercell game.",5,2025-05-12 05:31:59,6,"['GAMEPLAY', 'VISUAL & AUDIO']"
boom_beach,2025,have played and enjoyed this game for over 10 years. The last update bringing in the store and basically removing the opportunity to gain resources has made the game unplayable. Can never get enough to upgrade anything once you are at a high level. I wouldn't consider this free to play anymore,1,2025-08-04 17:30:57,5,"['CONTENT & UPDATES', 'GAMEPLAY']"
boom_beach,2025,"Used to be a great game, but the player base matchmaking becomes frustrating after collecting over 500 Victory Points. I'm currently at HQ level 18 and experience level 46, yet the map only shows enemy bases that are 15 to 30 experience levels higher. These bases are nearly impossible to clear at my current level, making progression feel unfair and discouraging. The matchmaking system for player bases needs serious adjustment to ensure balanced and competitive gameplay.",1,2025-06-26 23:09:39,5,"['CONTENT & UPDATES', 'GAMEPLAY', 'MATCHMAKING & BALANCE']"
boom_beach,2025,Congrats not only do you have to buy your way to upgrades.the only thing keeping people playing is the mini attack game. But it keeps getting worse. The developer seems to have too many games and this game is on its way out.,1,2025-01-28 01:09:07,5,"['GAMEPLAY', 'MONETIZATION']"
boom_beach,2025,"Slept on Supercell game. There is no need to put money into this game, free diamonds(though you farm them like crazy. little is a lot when you do it enough) nearly free resources with islands (that you capture. fairly easy) weekly events and mega crab. warships is awesome, sometimes a kick to the knee. just all depending. I love this game. I've been playing since 2016ish. there's small things that are annoying but fair with troop lvl to troop training time, gunboat energy usage. awesome game.",5,2025-06-27 15:54:47,5,"['ADVERTISING', 'GAMEPLAY', 'MATCHMAKING & BALANCE', 'MONETIZATION']"
boom_beach,2025,they have changed things in this game. the shop of evil is total garbage! hammerman strikes back and gearharts base used to give you prityp prototype pieces not any more. everything is shop of evil tokens.... makes it not even worth doing these challenges . the protypes cost more pieces now and they don't give you as many opportunities to get the pieces anymore. these changes are horrible,1,2025-08-28 02:00:06,5,['MONETIZATION']
boom_beach,2025,This game is awful the latest update is a grab for your money. They have reduced earned resources. I have played it for years and made purchases to make it more fun. I will stop that and if the game is continues on this path I will stop playing. 0 stars is a more accurate review atvthis moment.,1,2025-06-21 21:14:43,5,['CONTENT & UPDATES']
boom_beach,2025,"game match ups suck. you cant beat hostiles easy, but somehow you get raided 2 or 3x a day, loose everything resources collected and more, now my game gives me error code 60, and reloads when attacking a hostle base. i emailed supercell, nothing back, no fix, im done with this game.",1,2025-06-26 03:58:07,5,['TECHNICAL']
boom_beach,2025,"very fun gameplay, but one must suffer some bad monetization (including 3 separate monthly subscriptions with separate functions) the game CAN be played and enjoyed without paying for it, but it will be a slow and frustrating experience. B.B. will regularly make it very clear to you that you COULD pay them. Should you choose not to, the game will want you to either be very comfortable with a rather inefficient 'upgrade schedule' or to play largely on the game's schedule and not your own.",3,2025-04-03 09:49:24,5,"['GAMEPLAY', 'MONETIZATION']"
boom_beach,2025,"Pretty fun game. A few things on the down side: - Progress is SLOW unless you start paying a lot. - The in-game chat and other means of managing your taskforce (team) are laughable. - Worst of all is how this game ""handles"" disconnects. If you have the slightest glictch in your connection, you will be instantly forced to re-load the game. Whatever attack you had going will be miserably handled by AI and your troops will be lost 9/10 times.",1,2025-03-21 08:09:51,5,"['GAMEPLAY', 'SOCIAL', 'TECHNICAL']"
boom_beach,2025,For many years this was an ad free game where you could get ahead without spending cash but it took some effort and time. It was free of all the predatory PTW mechanics infesting other games. But over the last year with the introduction of ads and more PTW mechanics the game is getting worse The last update removed resources as a reward in NPC stages and replaced it with a fixed amount of in game currency to purchase resources. Game is still playable FTP but getting more PTW each update.,2,2025-07-11 08:59:33,5,"['ADVERTISING', 'CONTENT & UPDATES', 'MONETIZATION']"
boom_beach,2025,"I like playing this game. I play it all the time. Two things I don't like about it is 1. The free chest you get sometimes give you one item and other times gives you two. It use to give you two every time. 2. When battling on the warship, one out of 4 times I defeat another player, It will give the battle to the opponent. Even though I sit and watch the opponent still battle me after I already won. That's aggravating. And it happens every day I play it.",3,2025-09-05 02:36:35,5,['GAMEPLAY']
boom_beach,2025,"The game is very beautiful, but there's a connection problem. There's a connection issue while playing the ship game; the connection keeps dropping automatically even though the internet quality is very good. Please download an update to fix this problem quickly; it's having a significant impact.",1,2025-12-15 01:35:28,5,"['CONTENT & UPDATES', 'TECHNICAL']"
boom_beach,2025,"Worst matchmaking i've seen in any game ever, you literally get punished for playing, the more you attack and want to play it the impossible ( not a metaphor ) it gets. with no way of actually lowering your ""elo"" compared to clash of clans or others. at some points u are legit stuck, ur base can never be defended and enemies are 20+ levels up. Even pve becomes sth hilarious as if devs just want you to not play i swear. Sad ngl. everything else is great but simply not worth it.",1,2025-10-18 07:43:22,5,"['GAMEPLAY', 'MATCHMAKING & BALANCE']"
boom_beach,2025,"UPDATE: they broke more. Too many major changes at once. I'm done. You lost a player of 10 years that actually spends some money on your game. Original: Fix Hammerman Strikes Back already!!! it's been 3 weeks since you broke it, everyone posts about it on Facebook and here and you guys don't even acknowledge it!!! I paid for 2 monthly passes that have been affected by this so you owe us all money!!! I will not be paying another penny until this is fixed!",1,2025-09-26 03:45:46,4,['CONTENT & UPDATES']
boom_beach,2025,"Latest update reset the entire War Factory base back to the start, despite my having completed most of it. It did remember I completed 4 attacks and the rewards I collected making finishing it impossible. This company cannot test software. They release bug after bug.",1,2025-09-26 05:43:00,4,"['CONTENT & UPDATES', 'TECHNICAL']"
boom_beach,2025,Can you guys stop adding HQ levels so I can actually raid bases my level for once? It is the third time in a year that a new HQ level was added and the experience level requirement keeps going up. A level 77 requirement is ridiculous. Most of the new additions to the game are locked to the two people that are actually that level.,1,2025-06-19 00:23:42,4,['GAMEPLAY']
boom_beach,2025,"the game used to be fun to play but now it is not, you can only use prototypes for one play, they made winning resources so difficult I have to power up everything just to have a chance to win, plus now you have to watch ads to get resources the game is really gone downhill with each upgrade or should I say downgrade.",1,2025-09-14 17:56:17,4,"['ADVERTISING', 'GAMEPLAY', 'MATCHMAKING & BALANCE']"
boom_beach,2025,"what nonsense, training cost and time is crazy, you have to wait for hours before you can attack. come on guys, this game is clearly offensive, give us some advantages, things like removing training cost and by decreasing the training time, please work on these things, dont kill this perfect game. i know you are not gonna listen to me or any of us, still we love this game. #boomrats",1,2025-05-13 05:11:13,4,"['GAMEPLAY', 'MONETIZATION']"
boom_beach,2025,"This game cheats, you fight an opponent, and you are supposed to get 2 mettles for a win, but it never gives you 2 mettles, it gives you one and automatically gives the second to some other FTARD on your map, then it keeps taking them from you so you can't advance. This game SUCKS. O",1,2025-12-28 09:45:47,4,"['CONTENT & UPDATES', 'GAMEPLAY']"
boom_beach,2025,"Hammerman's Fleet has bugs! Last monday I couldn't complete Threat 27 or something, because it never stopped loading! This week it stopped at 26! But if I lower the threat it would work... I am seriously hoping they would fix it as soon as possible! Again stuck on 26 this week! I think it's time to uninstall if not fixed",4,2025-11-26 23:06:17,4,['TECHNICAL']
boom_beach,2025,"I'm not happy right now with the game, it is unfair when you snipermen go with the attacking weapon when they are closer to the engines to take them down and that someone dosent have to attack you base because they had more engines then you but can just wast you time. not happy with the game. I wish it would be more fair.",1,2025-10-12 11:36:49,4,"['CONTENT & UPDATES', 'GAMEPLAY']"
boom_beach,2025,"Great game,loved it,been part of a squad for over 3 year's however! The constant updates absolutely killed this game for me! I have a 7 year old Samsung phone with basic storage memory and the game along with the updates has absolutely suckered the life out of my memory. I then bought a memory card however it wasn't enough so therefore had to destroy 3 year's of progress! Do not start unless you have enough storage space on your device!!",2,2025-03-25 04:02:34,4,"['GAMEPLAY', 'TECHNICAL']"
boom_beach,2025,"RUINED!! SPOILED AND DISAPPOINTING. The latest update and removal of prototype parts as a reward for a victory and the introduction of the expensive"" Dr "" shop along with the ongoing lack of expansion of the archipelago map has made (what was a good challenging game) boring and tediously repetitive. seriously thinking about deleting it.",2,2025-09-19 08:44:43,4,"['CONTENT & UPDATES', 'MONETIZATION']"
boom_beach,2025,"Good game. Fun to play but gets overly tedious. And the matching for multiplayer and even AI opponents is ludicrously difficult and not realistic. Gearheart is impossible and not worth the rewards received. Ultimately, it's gotten boring to play this game. Nothing new, innovative or creative being launched. The battleships add-on is also boring. Without new updates, I'll have to delete this game soon so it stops feeding my addiction of wasting time.",2,2025-02-07 16:45:02,4,['SOCIAL']
boom_beach,2025,"I've been playing this game for a while now. I'm used to the ads that you can usually ignore and close after 30 seconds. The Shein ads are tricky sometimes faking an x button when it's really part of the ad. Just today, I saw a scam ad using the Hudson's Bay closing to get people's private info. It leads to a scam site, thebaycadca.shop, where items are like 90% off! A 65"" TV for $45?! I alerted Supercell. let's see how long it takes to be removed.",2,2025-04-25 05:19:49,4,"['ADVERTISING', 'MONETIZATION']"
boom_beach,2025,"The latest update has really screwed up this game. It's harder to upgrade, harder to get loot. The game is so complex with the new reward system, that it is no longer fun to play. I log on sometimes, look at what has to be done to improve my standing, and just log back out and play something else.",1,2025-09-08 01:06:59,4,['CONTENT & UPDATES']
boom_beach,2025,"Decent game. I used to play it years ago and picked it up again. One really annoying problem, when I watch an ad, when it reaches the end and tells me that the reward is granted, the x button literally does nothing. I have to press back or close the game to exit the ad, and I never get the reward. Why include ads if they don't even work?",3,2025-11-21 02:52:12,3,['ADVERTISING']
boom_beach,2025,Game stoped working after a few years comming back to try it out. Supercell logo shows then main screen shows Downloading content and flickers back to the Supercell loadup screen stuck in a loop. I cleared my chach and tried to boot the game back up but it still had the same problem. I even reinstalled the game too. Still didn't work. Lucky I have screenshots before this happend. But I can't find any supercell support emails to go to for help in fixing the app. Rip progress.,1,2025-12-15 11:38:24,3,"['ACCOUNT & SUPPORT', 'CONTENT & UPDATES']"
boom_beach,2025,"That is a good game but I don't think it's the best strategy game I like the graphics,the troops,the mechanic that you are a general and you have a military at the beach but there are some notes we need events that encourage us to play it daily with out get bored,we need more updates and in every update we want a new troops and new ideas, finally, I want to thank supercell for this good game.",5,2025-02-08 19:48:20,3,"['CONTENT & UPDATES', 'GAMEPLAY', 'VISUAL & AUDIO']"
boom_beach,2025,"Everything is fine about this game, except the problem of one builder. Provided with so many upgrades in each headquarter levels, putting them to upgrade one at a time, really slows down the progress that a player can make. If not possible to provide a permanent additional builder, boom beach should then atleast arrange for a three day additional builder bonus in each warship season.",3,2025-02-23 00:44:20,3,['CONTENT & UPDATES']
boom_beach,2025,really hard game to play due to almost every thing in this game ie:- all players on the map being alot higher in levels than I am also all the other islands are higher levels making game play impossible to complete or advance. it's like the game developers have made this game for people to just spend money and not necessarily advance anymore in the game. so this makes the game play boring and rubbish. levelling up is almost impossible. It would take years to get to where everyone else is.,1,2025-08-29 14:44:07,3,"['CONTENT & UPDATES', 'MONETIZATION']"
boom_beach,2026,There have been a lot of updates to this game lately. Unfortunately the creators aren't paying much attention to the bugs. There are so many and they don'tget fixed. They have made playing the game much less enjoyable.,2,2026-08-01 22:52:52,140,['GAMEPLAY']
boom_beach,2026,HQ29 UPDATE: Resource production was slashed and now everything costs more to produce/build/maintain. It's now impossible to pay casually as f2p. Don't waste your time getting started unless you're willing to spend real money and grind just to be mid.,2,2026-08-20 10:11:34,72,"['CONTENT & UPDATES', 'MONETIZATION']"
boom_beach,2026,"DO NOT INSTALL!!! This is doing underhanded & nefarious activities in the background! It wants an odd permission looking at apps on your device and the company refuses to advise why it's required. The company simply closes the tickets with NO response. INSTALL AT YOUR OWN RISK, you have been warned!",1,2026-09-16 13:44:09,47,"['ACCOUNT & SUPPORT', 'TECHNICAL']"
boom_beach,2026,"On S6 lite tablet, app launches, but is stuck on the screen where the progress bar fills up before the playable part of the game starts. Tried with a vpn and got same result. Been stuck there for about 20 minutes now. Just tried with phone and it booted normally. Switched back to tablet and the game startup froze again in the same place.",2,2026-06-10 15:38:58,43,"['ADVERTISING', 'GAMEPLAY', 'TECHNICAL']"
boom_beach,2026,"This game is entertaining and overall pretty good. However, I don't like that extra builders cost monthly. If it were a one time payment I'd purchase it but seeing how extra builders are $35.88 a year I choose not to because that is a waist of money. If you want instant troop training that's another $119.88 a year, so if you decide to get both, you are paying $155.76 a year.. A one time payment would be better.. Update: It tells you to download the PC version constantly now. I can't even play.",1,2026-05-18 09:02:53,40,"['CONTENT & UPDATES', 'MONETIZATION']"
boom_beach,2026,this game is getting so bad. all the recent updates suck. we want resources back in the shop. all this new stuff is ruining the game. developers just DO NOT care anymore,1,2026-04-02 10:43:17,36,"['CONTENT & UPDATES', 'GAMEPLAY', 'MONETIZATION']"
boom_beach,2026,Ok why does it seem like warships is rigged? ⁸i get 4 engine rooms build one heck of a defense that takes me to 8 wins in a row. I don't upgrade anything I keep everything the same because I'm winning. but out of nowhere I start losing with the same setup. got to be rigged. this happens to me every season. but I'm still giving you four stars still fun,4,2026-09-03 11:47:44,36,"['CONTENT & UPDATES', 'GAMEPLAY']"
boom_beach,2026,This game has really degraded over the years!!! I've been playing since 2015. So sad it used to be a blast bit now its just a giant barrel of spaghetti thrown at the wall and its a mess of incredible chaos,1,2026-09-15 21:48:55,25,['GAMEPLAY']
boom_beach,2026,they pride themselves on being worthless hacked scamming wastes of oxygen. everyone at supercell is pathetically worthless and it shows based off the gameplay. they're not worth pocket lint. there's absolutely for 100% fact better things and people to spend real money on. not hacking scamming pathetically worthless wastes of space of supercell. they do not ever fix anything ever. -5 stars and that's still too nice if a compliment to supercell.,1,2026-09-09 01:12:05,25,"['GAMEPLAY', 'MONETIZATION']"
boom_beach,2026,"I'm trying to merge my saved up fragments and shards, like I have hundreds, and every 10 merges or so the game keeps kicking me out. I'm not a robot, I'm a real person trying to merge my saved up stuff, so please stop kicking me!",1,2026-04-15 10:39:35,24,['GAMEPLAY']
boom_beach,2026,Still like the game but still bloody expensive to play which spoils the fun. Only one lot get the benefit.....the designers. The game is growing on me. Still takes too long to advance making. This game has improved considerably since I started playing it. The graphics are very good and the layout improves with each update. Love the ship challenges but hard to advance. I would say this is one of the best games to play and if you are smart doesn't cost a lot to continue playing. Well done,5,2026-03-27 10:33:01,22,"['CONTENT & UPDATES', 'MONETIZATION', 'VISUAL & AUDIO']"
boom_beach,2026,It seems favoritism sometimes things get counted. Examples - When you destroy another's camp sometimes it gets counted with the trader and sometimes it doesn't. Sometimes you get two items when you open a chest sometimes not. The warship is the worst. Many times I beat another and watch and wait for them to finish and they get the win. And just now I had the same amount of engines as the other. I had a lot to go through for him. But he didn't have anything but engines in a roll He WON. HOW?,2,2026-03-17 21:59:46,22,"['ADVERTISING', 'MATCHMAKING & BALANCE']"
boom_beach,2026,Update: with the new download it won't even load up now... it's stuck on the loading screen. it was getting better from the update a few months ago that took away progress and resources but it'stuck. I have played this game for years. It's always been my go-to. Now they have completely ruined it with taking away resources and raising the cost (doom points) to obtain resources so it's ridiculous. They couldn't leave it alone or improve it. I'm out! Greed took over decision making.,1,2026-03-20 02:06:31,21,"['CONTENT & UPDATES', 'MONETIZATION', 'TECHNICAL']"
boom_beach,2026,"I have been playing boom beach since the beginning, back in 2014 and always loved it. Just recently in the past 6 months, they have added way too many new features and things that change the feel of the game and overcomplicate it. Additions should have stopped right after warships. I have stopped logging in and stopped buying instant training because I don't have time to learn and navigate proto troop workshop, recruit feature and whatever that weird battleship mini game is.",3,2026-03-25 00:51:01,19,['CONTENT & UPDATES']
boom_beach,2026,"despite all the new stuff you keep adding to the game you still haven't fixed the terrible connection issue, game always crashes or freezes",1,2026-04-20 21:13:00,19,['TECHNICAL']
boom_beach,2026,"Too many updates and too many new things, i cant keep up, want to be some kind clasic Boom Beach, there is too many new things to do....my opinion",1,2026-09-18 20:29:45,19,['CONTENT & UPDATES']
boom_beach,2026,"There are lots of bugs in the latest update .Matchmaking isn't fair (just because your opponent are at same rank as you, does not mean that they have not maxed their base) It should be done by the tech tree exp .After switching troops during attack you see the troops loaded before the attack in replay. And i think if we lose a match a half star instead of a full star should be taken for the lower rank (11-16). And reduce the training time of troops.",5,2026-06-21 12:34:36,18,"['CONTENT & UPDATES', 'GAMEPLAY', 'MATCHMAKING & BALANCE']"
boom_beach,2026,"I Have been playing this game since 2015.......this a fun game, they have improved the match making on here recently so you, it will be a fun experience for you.....best advice.....upgrade your base first. and your troops but spend time leveling up first at least to anywhere between 10 to 15 ........your choice.....and use the heavy s,rifleman,and zookas......level them up as well.......also create, statues for resources, base defense, and gun boat power......Good luck to you all!!!!!",5,2026-06-27 00:58:59,18,"['GAMEPLAY', 'MONETIZATION']"
boom_beach,2026,"Latest update has ruined what was once a great game to play. It's become an overly complicated mess. I can only assume it has been changed to appease the higher 5% of players who were getting bored because they have no (or limited) troop/base upgrades to keep them occupied. For the rest of us, it has destroyed the simple beauty of the game: its simplicity.",1,2026-04-02 04:38:15,17,['CONTENT & UPDATES']
boom_beach,2026,Getting a lot of one star reviews lately. Take the hint. All the changes you have made in the last 6 months... just reverse them. The game isnt fun to play anymore. It's overly complicated. Glitchy. Unfair. In short it has turned into slop. Let me guess... you started using AI to write the code and make suggestions. Pure SLOP now.,1,2026-04-24 18:03:33,17,"['GAMEPLAY', 'MATCHMAKING & BALANCE']"
boom_beach,2026,"Developers for this game do not pay attention to anyone. 259% Blue statue protection on ""Imitation""? Are you stupid? which of us did you imitate? 400%+ blue statues on some challenges? Its all designed to waste your resources and getting promoted now is a waste of time. Instant training on Clash is part of game, BB, now £9.95. The current writers are very player unfriendly, should be fired, and customer oriented people put in. How many negative comments does it take? Absolutely shameful.",1,2026-06-05 19:26:46,16,['MONETIZATION']
boom_beach,2026,"I'm wondering why you switched up what you can buy in the shop of evil. I do find a way to normally buy the boom pass as well as instant troops but I don't have a lot of money and frankly it really reduced the fun and the amount I play the game exponentially. I know I speak for my girlfriend who's been playing for 10 plus years or whenever you came out. when I say the game's a lot more enjoyable when I can buy the old resources, gold building supplies, etc..... I hope you bring them back.",2,2026-04-28 00:26:46,15,['MONETIZATION']
boom_beach,2026,"Hello Boom Beach team, I hope you’re doing well. I really enjoy your games and have spent the most time on Hay Day and Boom Beach. I appreciate the creativity behind Boom Beach, and I especially like how it connects with cybersecurity concepts for me. I have one small suggestion: after playing for a long time, the constant daytime feels a bit repetitive. Adding a night mode while keeping everything else the same would make the game feel more fresh and exciting. Thank you for your great work, and",5,2026-03-23 22:50:31,14,['CONTENT & UPDATES']
boom_beach,2026,"I've been playing this game for 10 years now. usually it's been very fun and very low ad impact. I have one problem this season of warships, frequently the game ends my turn sometimes with as much as 2 minutes left and plenty of resources to attack. I'm sure it's just a bug and you'll get it fixed next season",5,2026-04-13 02:36:04,13,"['ADVERTISING', 'CONTENT & UPDATES', 'GAMEPLAY', 'TECHNICAL']"
boom_beach,2026,"I love this game and i am almost maxed out player........... But after recent CRITTER LAUNCHER Update, game keeps showing me "" Game server sync error"" & kicks me out of the game during attacks ........... It happens 5 - 10 minutes after i start clearing Human Player bases from MAP, resulting in my troops getting killed by defenses ........... I am waiting for update to fix this, otherwise, i have to LEAVE the game for good, because this error makes game play next to IMPOSSiBLE.",5,2026-09-16 01:30:23,13,"['CONTENT & UPDATES', 'TECHNICAL']"
boom_beach,2026,since the newest update i have to close and open the app up to 4 times just to be able to see any kind of text. if I don't I can't see any kind of text or numbers at all or I might he able to see 1 or 2 letters. the clan chat usually never shows anything its just blank.,1,2026-03-23 04:52:02,12,"['CONTENT & UPDATES', 'SOCIAL']"
boom_beach,2026,I guess the teams focus has changed for Good the recent update was a welcome change...fingers crossed...watch this space for a detailed review,2,2026-05-05 18:10:42,12,['CONTENT & UPDATES']
boom_beach,2026,"Anyone else getting burned out on the ship base, there has been SEVERAL times I have beaten my opponent on the ship base anywhere from 5 to 10 seconds before they destroyed my base and yet this phuking game gives them the win, and just as bad is when your opponent destroys all 6 of your engine rooms on the ship base in less than 45 seconds but takes you 2 minutes or more most of the time, where's the fairness in this game????",1,2026-06-10 12:28:50,11,"['GAMEPLAY', 'MATCHMAKING & BALANCE']"
boom_beach,2026,"Used to be fun but now it's just overcomplicated, so demanding it's inaccessible to the common person, and pay to play. Not surprising from Supercell, shame. I used to enjoy this.",1,2026-04-07 03:13:52,11,['MONETIZATION']
boom_beach,2026,"Honestly I loved the game. Still do in some ways, but now as of February 2026 I can't stand the base game. I find myself waiting for the new season of warships every time I try to get back into it. locking instant training behind a paywall I understand. you need to make money I get it. the fact that I have to wait so long inbetween attacks just because I can't afford such an investment though? It turns me away every time.",2,2026-02-16 12:06:22,11,['CONTENT & UPDATES']
boom_beach,2026,"Boom Beach still feels stuck in the past. One wrong troop investment in Chain of Command can permanently halt your progress for the season. I've been stuck in Gold tier for a week, even with monthly Instant Training. I came back after 2 years expecting real improvements, but nothing has changed. It's time for the team to rethink this mode and replace this outdated, broken system with something that's actually fair and enjoyable.",1,2026-07-06 06:59:55,10,['CONTENT & UPDATES']
boom_beach,2026,New bases added are ridiculous. almost always higher levels than you. hard to impossible to beat. think they have done this to get you to spend money to progress. New update just made it harder than ever and constantly freezing and not giving battle rewards. Am deleting it,1,2026-04-20 17:17:32,10,"['CONTENT & UPDATES', 'GAMEPLAY', 'MONETIZATION']"
boom_beach,2026,Will not load since the recent update. tried uninstalling & downloading again & still won't load.,1,2026-06-17 02:31:44,9,['CONTENT & UPDATES']
boom_beach,2026,"boom beach was good but not now! supercell has turned the game into a business. ie pay to get more upgrades, pay to get more stuff. NO THANKS. another complaint is Dr hammer has over 40000% life especially when it comes to a weapon s lab on a Thursday. another complaint. when you play ships you get matched with someone 20 times better than you. really unfair advantage hence why ££££. absolutely BS!",1,2026-07-24 20:32:01,9,"['CONTENT & UPDATES', 'GAMEPLAY', 'MONETIZATION']"
boom_beach,2026,"I find that the game flows brilliantly, the cost of each upgrade reflects the level well enough to not need a huge amount of time collecting resources, the mini events like Dr T are frequent having only a day separating them. Major events like Dr T crab have bountiful rewards for completing each stage. Instant training would be great if it returned for f2p players.",4,2026-04-23 03:56:14,9,"['GAMEPLAY', 'MONETIZATION']"
boom_beach,2026,"The algorithms for the seasonal PVP (Warships) are F'ed up. You can destroy another player's engine rooms first, but the game can still award the win to the other player. I won many games but was still declared the loser. Lost out on a lot of rewards. Seems to be players using cheats. When starting a seasonal PVP, some players will win 1-2 SECONDS after starting, yet REPLAYING their battle shows a normal battle that's compatible to mine. Can't win against immature cheaters. HELLO? ANYONE THERE?",1,2026-05-05 05:25:27,8,['GAMEPLAY']
boom_beach,2026,The game is dead. Once you get to max level nothing left to do. It's been way to long waiting on anything new. Now it's not worth my time. update 3/18/26 new game has made it not worth playing soupercell has done everything to make another pay to play game. it's only getting worse from on out. boom beach is now not even worth playing.,1,2026-03-19 10:38:38,8,"['CONTENT & UPDATES', 'GAMEPLAY', 'MONETIZATION']"
boom_beach,2026,"Unacceptable! During ship battles, with how fast you destroy the machines, the opposing member ends up showing victory, but I'm actually winning. I am not sure if it's a glitch, but I have even taken screenshots of each battle, and even then, it shows I am the winner. It's insane because I could have had continously winning streaks. It's annoying.",1,2026-07-29 12:17:13,7,"['GAMEPLAY', 'TECHNICAL']"
boom_beach,2026,"New update and now I can't exit like normal. You know, hit ""back"" and the exit sign comes up then you tap 'okay' to leave the game. Now, you hit ""back"" and nothing happens. I have to press the 'home' button on my phone just to get back to my home screen on my phone. Otherwise there's no other way to exit the game. May not seem like a big deal but it's the little things that make a game good or bad and this is bad.",1,2026-06-17 00:00:41,7,['CONTENT & UPDATES']
boom_beach,2026,"I am regular player of this game for past few years. But for past one or two months, I am getting stuck on the loading interface on certain days and I have to reinstall the app. Same problem occurred yesterday and I tried reinstalling the app 5 or 6 times and it is not allowing me to play the game. I am stuck on the loading screen. Please help me to fix this issue.",1,2026-04-18 16:48:03,7,['TECHNICAL']
boom_beach,2026,"It's a very beautiful game; I've been playing it for over 15 years, and it would be even better if it could shorten the time required to prepare ships after battles and refill them with troops.",5,2026-04-23 03:14:03,7,"['GAMEPLAY', 'VISUAL & AUDIO']"
boom_beach,2026,"I enjoy playing Boom Beach and don’t mind slower progression, but the resource system feels too restrictive. I get under 2k wood/hour with low storage, while upgrades need 30k+, meaning 2–4 days for one upgrade. Many players mention this imbalance. Similar updates to Clash of Clans could help—just needs better balance. overall its a fun game though just feels like im stuck and cant progress with either spending or waiting months on months",4,2026-04-23 07:08:19,7,"['GAMEPLAY', 'MATCHMAKING & BALANCE']"
boom_beach,2026,"i have rated 4 stars in 2014 when I was in college. Now back to 2026, I am rating this game as five stars. A lot has changed over the past decade. Now that I am working full time, I rarely get any time to spend on video games like back in the days. Boom beach gives me an alternative to mindlessly scrolling reels. And unlike other games, boom beach sessions are quick and easy.",5,2026-05-15 13:49:26,7,['MONETIZATION']
boom_beach,2026,New update makes me not want to play. it's full time work now. you want too much! this game use to be fun & chill now it's a money grab. wish I could delete my account & base,1,2026-06-17 22:16:23,7,"['ACCOUNT & SUPPORT', 'CONTENT & UPDATES']"
boom_beach,2026,It's unbalanced. The opponents given are either well below or above your skill level. The random opponents given are repetitive. Rarely is there anything to do to just pass time without spending real money. They removed resources from the shops...unless you spend real money. Dev's got greedy. Play Hay Day. There's ALWAYS something to do for free in to improve your position. Bottom line is its turned into a complete cash grab.,1,2026-06-25 21:40:43,7,"['GAMEPLAY', 'MATCHMAKING & BALANCE', 'MONETIZATION']"
boom_beach,2026,"Edit, can we just get rid of troop training understand you might need the money but the game isn't the same when I have to wait 1hr just to attack once how am I suppose to do 8 daily chest as a free play account it's takes up too much time pls give instant training as a update so I can enjoy playing the game.",5,2026-04-23 17:31:44,6,"['ACCOUNT & SUPPORT', 'CONTENT & UPDATES', 'GAMEPLAY']"
boom_beach,2026,"The game has a serious issue when the network connection drops during an attack. After reconnecting and returning to the game, the attack is automatically completed as if it was on autopilot, without any Gunboat/Gunship support from the player. This can completely ruin an attack and waste troops. Please fix this so that a disconnected attack can be properly resumed instead of being auto-completed.",4,2026-08-24 15:00:27,6,"['ACCOUNT & SUPPORT', 'GAMEPLAY', 'TECHNICAL']"
boom_beach,2026,"I've been playing this game for 10 years steadily. I really liked it but recently they've pushed updates that are terrible. I've progressed to high levels but now they drop opponents on your map that are so boosted, they are impossible to defeat. So now they keep eating away at your progress and demoting you. It's too frustrating to play anymore.",1,2026-03-25 02:55:56,6,['CONTENT & UPDATES']
boom_beach,2026,"Compared to the Boring Clash of Clans: Pretty good game. it has definitely come a long way from wt it used to be and it has improved a lot. The graphics could be a bit better actually and the tribal Gold tax could be nerfed a little it seems to g3nerate Gold a bit too easily. The graphics definitely could get an improvement. Overall really nice game from Supercell, atleast not as boring as Clash of Clans.",4,2026-01-31 19:03:06,6,['VISUAL & AUDIO']
boom_beach,2026,UPDATE: Crashes during battles since last update. PLEASE fix. Perfect balance of being playable for free but gently enticed to spend money to speed up progress. Its up to you; I haven't spent money yet but I probably will as a gesture of my enjoyment. I'm on level 52 and been playing for over a year during my commutes to work and before bed. Most of the bad comments are based on inexperience. Learn how the game works and you'll be rewarded as you grow and learn new strategies.,5,2026-02-09 07:12:03,6,"['CONTENT & UPDATES', 'GAMEPLAY', 'MATCHMAKING & BALANCE', 'MONETIZATION']"
boom_beach,2026,"Why are you keep making the game worse? Now you can't even ""defend strikes back"" whatever thing on the first level.",2,2026-06-22 21:02:11,6,['GAMEPLAY']
boom_beach,2026,"After last update, icons in game are much smaller, very hard to operate. Please bring back like it was before.",2,2026-04-23 21:12:27,5,['CONTENT & UPDATES']
boom_beach,2026,"this game has went from a simple game to a complex game. so much has been added and you don't know where you are at. There are rewards that I have 99,999 and don't know what they could possibly do for me. I've been with this game for a long time. I would think with all the changes, avenues that have been created many get lost as to where to go next. This is really turning out to be something I am no longer interested in for as hard to say I really don't want to leave/quit. it is coming to that.",2,2026-05-19 18:03:59,5,"['ACCOUNT & SUPPORT', 'CONTENT & UPDATES', 'GAMEPLAY']"
boom_beach,2026,"more active than clash of clans with the overworld. but gets insanely grindy to progress, that it's not worth buying into etc. also big time wasting content, making it all less rewarding. also who the game puts you up against can be unfair... overall a painful game unless you progressed a lot?",2,2026-03-30 04:50:20,5,['CONTENT & UPDATES']
boom_beach,2026,"I still play everyday, only takes a few minutes for the daily tasks usually. I still don't like the ads even though they're not super invasive, no ads is best.",4,2026-08-28 07:52:08,5,['GAMEPLAY']
boom_beach,2026,"I loved this game for so many years and I loved it but recently I switched to my new phone and when I opened the game I was unable to find my acc . I tried to get help from Supercell but they said my acc is not connected to any supercell id which is false . I know because whenever I open the game there is a popup that says ""Load Gigachad' base (name of my base) by logging in with your supercell Id"". I'm so frustrated and sad 😭",1,2026-04-22 03:17:03,5,['ADVERTISING']
boom_beach,2026,"Introduced unskippable adds. Not worth getting invested in this game, it is leading towards a dead-end. Shame, just last month it was a great game, but the management culture behind the game is broken and likely unfixable so the game will only get worse and worse and worse.",1,2026-05-29 15:18:42,5,"['GAMEPLAY', 'TECHNICAL']"
boom_beach,2026,"I use to love this game but players like me are losing interest since they removed the stuff that motivates us to play the Daily Recruitment Card in Dr.t, it's fun to draw some Stuff now you can no longer do that the only way to obtain is to buy at the shop and it's crazy expensive. please bring more ways to earn recruitment cards I've just play this game again because of those but they removed it and now I've got no interest to playing it again👎👎👎👎👎👎👎👎👎👎👎👎👎👎👎👎👎👎👎👎👎👎👎👎👎",1,2026-05-05 23:12:58,5,['MONETIZATION']
boom_beach,2026,I Absolutely Love Boom Beach Ive been playing since 2019.. I am a huge fan of Warship however....... FOR THE LOVE OF GOD PLEASE FIX THE PATHING / TARGETING LOGIC!!!! So many times instead of troops destroying a building or engine within feet of them they run a mile away to a building on the other side of the ship! This is a very frustrating issue that has to be fixed next Season!🙏🙏🙏 Other then that I have not had any glitches as others reported and I enjoy the base game very much..,3,2026-03-04 18:58:39,5,"['CONTENT & UPDATES', 'TECHNICAL']"
boom_beach,2026,"This game is almost unplayable now i'm about to uninstall. I get destroyed every day by other players. I cannot build myself up enough to defend anything this game is now horrible unplayable. again I keep on playing this game.I don't know why, but again unplayable, i'm level fifty, and there's nothing I can do playing against people sixteen seventy.",1,2026-07-02 11:15:45,5,['GAMEPLAY']
boom_beach,2026,"A pretty good game PvP defense game that unfortunately is no longer enjoyable based on the ""Smokey Warrior/Zookas"" strategy that seemingly everyone who PvP does. Since this was discovered, the game desolved to into a game of, ""who can Smokey Warrior/Zooka the best?"" From this alone, I find myself playing this less and less now..a shame as it was fun to play.",1,2026-09-15 14:41:57,5,['GAMEPLAY']
boom_beach,2026,I love this game. I have been playing it for 9 years now and have done almost everything. Yes i gave the game a 3 star though because i feel they are making the game to complex and crazy adding all of the commanders and building powers. It feel more like a chore now to play trying to learn all the new add ons. Boom Beach in my opinion should not get more modifiers but instead more updates to existing features. I dont think we need things that feel modded but instead keep it simple and original.,3,2026-07-29 14:44:15,4,"['CONTENT & UPDATES', 'GAMEPLAY']"
boom_beach,2026,"Hey guys, love the game, i play quite a bit through the day, the game is starting to freeze up right in the middle of attcks",4,2026-07-13 21:59:42,4,['TECHNICAL']
boom_beach,2026,"I love the game but the updates are slow lately. Also, when I go to warships the pinkish purplish rocket thing gives you a great perspective when u look at an example, but when u actually use it it does not work as shown in the example. Either way the game is fun, And I love it.",5,2026-06-30 02:13:42,4,"['ADVERTISING', 'GAMEPLAY', 'TECHNICAL', 'VISUAL & AUDIO']"
boom_beach,2026,"I got the 80 pity for the elite leader but I didn't get it, it's the blobster. Please fix this. I will be uploading a video about it on youtube, the system just says I have a 100% chance of getting it on the next draw and even when I do, it doesn't give it to me (will be shown in the video) I have it uploaded now, name is: Elite Leader Recruitment bug",3,2026-08-18 10:22:40,4,['TECHNICAL']
boom_beach,2026,Game sucks compared to back in the day constant client server out of sync error & no one wants to help you 👎👎👎👎👎 & it's been 2 months now & still getting client server error out of sync Now with lastest update in 2026 it's gotten worst,1,2026-04-24 01:13:36,4,"['CONTENT & UPDATES', 'TECHNICAL']"
boom_beach,2026,"After all the updates ,totally ruined the game,don't even know how to use it, got really complicated,many have quite playing.",1,2026-08-19 06:22:54,4,['GAMEPLAY']
boom_beach,2026,"First you remove the resources gained from cycle of evil add smth called evil coins and make us buy the resources. Ok we got used to it, the resources earned from the coins was a lot compared to the res from attacking, but then you went ahead and changed it again after we got used to it. NOW after the new update I can't even play properly, the game is just stuck at the loading screen most of the times I try to play, sometimes im locked out of the game for a DAY.",2,2026-04-01 19:41:25,4,"['CONTENT & UPDATES', 'MONETIZATION', 'TECHNICAL']"
boom_beach,2026,Bad update Gatcha mechanics with no way to meaningfully engage in the new systems. Plane out preditory in nature and a offense to long time players. Even spending $100 won't get you far in loot boxes. Need multiple copies of everything to even play! Base game was not designed to handle the new system! Base game can be fun but new systems a unfair unbalanced money grab for an older game that reward time but now is just a slap to the face.,1,2026-03-19 03:31:10,4,"['CONTENT & UPDATES', 'MATCHMAKING & BALANCE', 'MONETIZATION']"
boom_beach,2026,unplayable realy I'm level 40 and my map is full of bases up to level 80 ...none my level or around that and if I look for a new opponent it just gets changed with a different level 80 ..fix your game already you idiots ..Just like most games now days this is a pay to win game it sucks actually the people that made the game suck big time,1,2026-06-16 15:38:37,4,"['CONTENT & UPDATES', 'GAMEPLAY', 'MONETIZATION']"
boom_beach,2026,"The competitive integrity of Warships is fundamentally broken due to severe server desync, and the standard excuse of ""client-side delay"" is no longer acceptable. ​In a recent match, I successfully destroyed all 4 of my opponent's Engine Rooms. My opponent managed to destroy only 1 of mine. Despite a massive, objective victory in destruction percentage and core objectives, the game registered a loss for me by 26 seconds. ​This entire match was actively logged and analyzed by Gemini as it occur",3,2026-07-14 20:26:34,4,"['GAMEPLAY', 'TECHNICAL']"
boom_beach,2026,New ads are scamming people. I'm one of those. They claim they will give you money to play the game and instead ask you to pay taxes and speed up the process while you have to pay them and they don't send you anything. update as of 6/25 still getting ads of Mister Beast who is scamming people,1,2026-06-25 22:03:16,4,"['CONTENT & UPDATES', 'MONETIZATION']"
boom_beach,2026,i would give 5 stars if the developer would bring back all resources in the main game store. They decided to remove all resources that are required to upgrade just about everything in the game all so they can try to make you spend money. I'm losing interest in the game now bc I refuse to purchase items necessary to advance,4,2026-05-17 17:35:46,4,['MONETIZATION']
boom_beach,2026,"It is more than a flawless,addictive,action multiplayer game. Good graphics. I think buying more builders by using gems will be more easier and interesting. Overall it is awesome and superb. Bug report: back gesture on mobile is not working on this game.",3,2026-07-30 23:59:15,4,"['SOCIAL', 'TECHNICAL', 'VISUAL & AUDIO']"
boom_beach,2026,"1 year down after contracting support and they replied with we are aware of the issue.. but im still not getting rewarded when rankingb up, this game is unbalanced, im lvl 60 facing 86? been weeks, i will not be playing this game anymore and will not be spending money on boom pass that has nothing in it, fair to say this game is dead. dont waste your time guys",1,2026-09-15 06:44:23,4,"['ACCOUNT & SUPPORT', 'MATCHMAKING & BALANCE', 'TECHNICAL']"
boom_beach,2026,Good game but it takes too long to get the resources to upgrade. Also can't queue items to upgrade or build. Also looses connection too frequently and if in middle of battle all units lost. Complained about this before by still not fixed. Latest update removes resources from shop so you can't buy resources with tokens so even longer to upgrade. even longer and harder to upgrade.,2,2026-03-18 06:48:29,4,"['CONTENT & UPDATES', 'GAMEPLAY', 'MONETIZATION', 'TECHNICAL']"
boom_beach,2026,"Garrisons?? Bunkers?? Turrets with gadgets are bad enough. But those damn bunkers??? Are a real pain in the neck for me, when it comes to raiding. Especially for my grenadiers who has trouble attacking closing units with short and moderate ranges. This game sucks once again!",1,2026-07-30 17:11:54,4,['GAMEPLAY']
boom_beach,2026,"this new update adds loot boxes. confusing and hidden menus. lots of currencies and now makes the game over all honestly feel like gambling for your emenies, your task force, proto troops, proto defences, amount of ad rewards, your rewards, and now your troops heros who can only come from loot boxes",1,2026-03-17 23:52:57,4,"['ADVERTISING', 'CONTENT & UPDATES']"
boom_beach,2026,"Had to finally pull the plug on boom beach, been playing since release but the game has just become hard to play. I was tolerant of all the monetary changes they added to the game until they started using ads. I have probably paid upwards of 500$ on this game and now I'm being shown ads after every battle. As if the company doesnt already make enough money from in-app purchases, Supercell also owns multiple other games that rank in millions of dollars every year. Goodbye boom beach. It was fun.",1,2026-04-25 20:03:08,4,"['CONTENT & UPDATES', 'GAMEPLAY', 'MATCHMAKING & BALANCE', 'MONETIZATION']"
boom_beach,2026,"I like the game, but, zero help from stupidcell support when needed with the same generic answers all the time. Edit: it's now more than a year after my first review and Stupidcell have actually got worse. Updates kicking people from task forces, losing years of statistics and the company doesn't care. If you haven't started playing this game, don't, stay away from supercell.",1,2026-04-27 07:56:50,4,['ACCOUNT & SUPPORT']
boom_beach,2026,the field recruitment gadgets should have a description of what they do when you get them. it's really a pain in the butt to assign them when you have to click on the defensive buildings and then pick them. The interface is no good but it's a good idea to have perks. p.s. I will put my review back up to 5 stars as soon as you respond. This is the only way to get your attention.,5,2026-04-28 23:49:09,4,['ACCOUNT & SUPPORT']
boom_beach,2026,"Stay away from this game. I have played it for many years and after this weeks update, I hav e lost my active team. A team of friends that played together for many years. And I am not getting any feedback from support!!!!",1,2026-04-24 15:35:42,4,"['ACCOUNT & SUPPORT', 'CONTENT & UPDATES']"
boom_beach,2026,"i ve been playing for 10+ years - the game has become un-fun. It's gimmicky (last update), it glitches (troops freeze for no reason but still get killed), rewards are inconsistent (if you get or not), way too many tokens ( and the cost of these tokens is . . . ). The last update was disappointing and not needed.",1,2026-04-16 12:53:06,4,"['CONTENT & UPDATES', 'MONETIZATION', 'TECHNICAL']"
boom_beach,2026,"This game is utilizing an automated system to detect those who are utilizing mods and cheats. I've had my account falsely ""permanently banned"" for allegedly using some 3rd party software. I don't even have any 3rd party software on my phone. Their customer support told me "" This is an ongoing effort and all bans are final. We cannot retroactively alter bans."" So if a false identification occurs by their automated system they won't even look into it? Flat out absurd.",1,2026-08-26 15:02:21,3,['ACCOUNT & SUPPORT']
boom_beach,2026,"Don't know what you guys have done since today's update, but it doesn't load without requesting a code for my supercell I'd via email, and when you eventually get on I'm no longer in a task force that I've been in for c10 years and i cant find it by TF search. Sort it out guys 🤞😩🤬",1,2026-04-22 23:49:58,3,['CONTENT & UPDATES']
boom_beach,2026,"I lost my old account because they removed google log in from the game. I think it's the same for COC as well. They asked me for my base and account details, which i can't remember because it's been years since i last played the game. It's so frustrating to start it all over again.",1,2026-05-03 22:01:03,3,['ACCOUNT & SUPPORT']
boom_beach,2026,"Matchmaking is broken, I only see high lvl 70s and above by the time I'm into the low 50s myself. It stunts progress which the only remedy for is to spend money. despite that is a decent game.",3,2026-04-21 16:56:03,3,"['MATCHMAKING & BALANCE', 'MONETIZATION']"
boom_beach,2026,"I've played Boom Beach for almost 9 years and love the recent updates! Please consider adding an automatic Night Mode based on local time. I loved the old Builder Base atmosphere—the crickets, music, fires, and villagers simply living their lives. Sometimes I just watched without battling. Games aren't only about leaderboards and achievements; they're about immersing yourself in their world. A nighttime beach would create an amazing vibe!",5,2026-09-09 01:29:50,3,"['CONTENT & UPDATES', 'VISUAL & AUDIO']"
boom_beach,2026,it would be five stars but the loading screen to load in the game takes way too long like I don't know if it's this update or not and I used to play this game like 5 years straight and I don't know why it has to start loading so slow and then when it loads in it kicks me out meaning I have to start all over again to load back in which takes 40 minutes to even load in the game,4,2026-08-16 02:56:39,3,"['CONTENT & UPDATES', 'TECHNICAL']"
boom_beach,2026,"Hello Boom Beach team, I haven’t been able to log into the game since yesterday. It keeps showing “Try Again,” even though my internet connection is working perfectly fine. The game doesn’t go beyond the loading screen at all. Please look into this issue and resolve it as soon as possible. Thank you.",4,2026-07-29 12:48:28,3,['TECHNICAL']
boom_beach,2026,"Excellent game can progress easily enough have to pick your battles wisely though, problem with updates keeps saying not enough space, keeps trying delete other apps, so won't update",4,2026-06-17 02:22:20,3,['CONTENT & UPDATES']
boom_beach,2026,"With the new update, whether attacking a base or defending your base, battles freeze and result in a loss. No longer worth playing.",1,2026-06-29 17:27:30,3,"['CONTENT & UPDATES', 'TECHNICAL']"
boom_beach,2026,"absolutely love this game and have been playing it for years, would give 5 stars but I had just 1 issue recently. I had 2000 camo tickets that I had saved up and after last season but they randomly ( not fully disappeared ) but went back down to 300 and I most definitely had not spent them on anything. I tried to go to the supercell web page, tried getting help in a few different areas but I kept coming up empty handed because there was nothing but bots handling my complaint and not very well.",2,2026-08-03 14:20:24,3,"['CONTENT & UPDATES', 'TECHNICAL']"
boom_beach,2026,"I've had to delete and reinstall the game twice in the last 3 days. It keeps getting stuck on the loading page, and won't open....",2,2026-06-15 00:04:16,3,['TECHNICAL']
boom_beach,2026,"Hi Boom Beach is a good game, but the boom beach BoomPass missions are less than rewards, when we complete all missions it reaches to at least 4000 point and rewards points 6300 please increase missions points",2,2026-06-30 17:26:50,3,['GAMEPLAY']
boom_beach,2026,Excellent game but 3*. Solely for the troops training time concept. Login -> upgrade builds -> attack -> train troops -> waiting x2 and then leave. Repeat few weeks and cannot keep up with the game. Uninstalled. The in-game time is considerably less compared to the waiting time of training and upgrading. Never able to gather resources quick enough to keep up with the challenges.,3,2026-01-14 14:06:42,3,"['ACCOUNT & SUPPORT', 'GAMEPLAY']"
boom_beach,2026,The ultimate pay to win game. It's great for a couple of hours until you realize that you're never getting anywhere for free unless you're prepared to wait 10 years. Stop calling it free if it isn't free. A complete waste of time. Don't bother,1,2026-08-17 10:56:25,3,['MONETIZATION']
boom_beach,2026,"I've played Boom Beach from day one and for years it was a fun game, until this year 2026. No game lasts long if player moan groan and pitch about their inabilities. So this game was drastically changed to the point it was no longer fun to play. Supercell doesn't care about my comments and I doubt they read them.",1,2026-08-07 10:54:35,3,"['GAMEPLAY', 'SOCIAL']"
boom_beach,2026,"I have been playing this game almost since it was first released. For that reason alone I feel that I should give it a full 5 stars. However, I would like to make a request. There have been a few skins that I have missed. If they could be re-released I would be willing to pay for the skin. Perhaps you could add it to the premium folder.",5,2026-09-01 08:18:02,3,"['MONETIZATION', 'VISUAL & AUDIO']"
boom_beach,2026,"now look i have to fully close out the stupid game after it showed me an ad, the game would not do anything at all, just sat there looking like it is saying DHHHHHHH WHAT DO I DO NOW? so i had to fully close out the game loosing out on the item it was supposed to give me. yes this proves the developers do not know what they ate doing, just do without any kind of testing. now that's just bad behavior right there.",1,2026-09-06 00:52:27,3,['ADVERTISING']
hay_day,2024,"Fun to play, although I wish I could play it offline. It sucks that I can't skip the tutorial in the beginning. I've been through a long cycle of devices and always had to retake the tutorial and it's annoying. Also, all the decorations are overpriced along with the utility stuff. Why does the price of decorations go up as you buy them?? It also takes such a long time for crops to grow and for buildings to get built. Otherwise it's pretty fun.",4,2024-09-16 03:18:00,3328,"['GAMEPLAY', 'MONETIZATION']"
hay_day,2024,"Been playing this game on and off for about 2 years and never had the need to spend a single cent on it. There are a lot of things stuck behind a pay wall ofc but those are not detrimental to your progress - mostly decorations. Diamonds are not so hard to find, and you can upgrade the slots on your machines relatively quickly. You do have to grind for some things, but not enough for it to consume your entire life. Overall great balance, a very fun game, recommend it wholeheartedly.",5,2024-11-28 21:40:52,2754,"['MATCHMAKING & BALANCE', 'MONETIZATION']"
hay_day,2024,"I have been playing this game for 2 or 3 years. I just want to say the newest updates such as being able to move forward a page as well as back when looking for an item to plant and the search option in the storge spaces so you can search for an item instead of having to go through your entire inventory are amooozing!! I have loved this game since I started playing it. However, the updates have only made the game play more amooozing!! Keep up the good work Hay Day team. Your awesome!!",5,2024-04-05 05:33:35,2199,"['GAMEPLAY', 'MONETIZATION', 'SOCIAL', 'TECHNICAL']"
hay_day,2024,"Great game I love it, but not much to do when your higher level, everything takes too long long to make I really loved playing it when I was a low level when the longest wait I had was 30 mind and I didn't need that many of that item. But now I need to wait like 5 weeks for some things to get done, IT ABNOXTIOUS!!!!!! Also to you people complaining about the storage upgrade issue, it's always been that way so deal with it its really not that big a deal when you can make you own stuff",4,2024-06-13 10:25:44,1596,"['GAMEPLAY', 'TECHNICAL']"
hay_day,2024,"For current version, when I edit layout and save after edit, it keep pop up ""Hay Day isn't responding"" message. I clicked ""Wait"" it will keep pop up even I close the app and cleared from my memory, only can click ""OK"" then the app will close and need to restart again. HAY DAY pls fix this error asap. Anyway, I like this game, it have a lot of beautiful decorations.",5,2024-07-20 13:18:08,1117,"['CONTENT & UPDATES', 'SOCIAL', 'TECHNICAL']"
hay_day,2024,"I've loved playing this game when I was younger, decided to play again, and it was great, but now 9 times out of 10 when I go to another farm, my town, or go fishing the loading bar gets about 3/4 and then just continues to load and load and nothing happens. I've tried restarting the game, which does help put sucks when I need something from someone's market, and by the time I actually get there, it's gone. I really wish they would fix it, especially if it's not just me",4,2024-05-20 11:37:02,992,['TECHNICAL']
hay_day,2024,I love the game. It is easy and fun to play. But the reason as to why I gave it a 1 start is because the beta from the farm pass is a waste of money because to be able to achieve the goal to get the extra stuff you have to pay with dimonds to get more missions or wait to specific days to try and get double the points but it still isn't enough. Making you lose days of the extra stuff that you pay with money.,1,2024-01-17 08:59:44,863,['MONETIZATION']
hay_day,2024,"This game is almost perfect, but I want to make a request. The shop is NEEDED. Axes and saws are impossible to get to keep up with the amount of trees and bushes that need cutting down, and there are so many things in the shop I have to compete for. Could you put in an item search bar in the shop that'll show advertized items of that type PLEASE (ex. saws, wheat, land deeds etc). Lets be real, Tom is kind of a cheap steal cause you can only afford his service by buying diamonds in the menu. Ty!",4,2024-04-30 11:18:56,815,"['ACCOUNT & SUPPORT', 'GAMEPLAY', 'MONETIZATION']"
hay_day,2024,"It took many restarts for me to get into this game but once I did, wow is it great fun. It earns a very rare 5 stars from me and I just got to level 15. Like all good farming games it takes time to really level up. Sometimes it goes slower than others. But this game is very fair, both in what you need to fill orders and the rewards. The variety of animals, crops, and production facilities is great. You can spend as much or as little time playing as you want. But do try it.",5,2024-11-02 02:47:48,737,"['GAMEPLAY', 'MONETIZATION']"
hay_day,2024,"This game is really good, it is quite self explanatory and easy to understand. It also has no adds nor do you have to pay for anything for a really good experience. It starts of really quick and gets slower as you lever up, but it is definatly worth it. Alot of this game is centred around other people, and they have done it in a really good way. Definaltly reccomend to other people.",5,2024-06-10 22:20:13,643,['MONETIZATION']
hay_day,2024,"I love this game but would love it even more if the bug that makes the game stick in loading/connecting mode. It's fine when opening the game initially but when you do a little bit activity on your farm and then either visit your town or someone else's farm, the loading bar thing sticks and you can't go any further. Game has to be closed and reopened. Annoying.",4,2024-02-02 03:23:14,565,"['CONTENT & UPDATES', 'TECHNICAL']"
hay_day,2024,"There are aspects of the game I really enjoy, but you have to spend A LOT if you're playing more than just very casually/occasionally, and doing that bars you from certain aspects of the game. The $ wouldn't be a huge issue, since it allows me to avoid ads, except there are constant glitches with the game. Reporting them does not lead to a resolution. When I've paid for something, and don't receive, can't use it, or lose it, I feel cheated! There's more, but I'm out of characters.",2,2024-04-26 22:52:31,482,"['MONETIZATION', 'TECHNICAL', 'VISUAL & AUDIO']"
hay_day,2024,"I've been playing this game for probably 9 years, and it's one of my favorites. The reason I'm giving it 2 stars today is because recently it's gotten very glichy. When I try visiting another farm or even my own town, it stays stuck on the loading screen. I have to close and reopen over and over again until it finally loads. This is very irritating when trying to buy in the newspaper or trying to visit other farms. Hope this gets fixed soon so I can play again.",2,2024-02-03 11:51:08,467,"['MONETIZATION', 'TECHNICAL']"
hay_day,2024,"I have been playing this game for YEARS (like 8 or more) and it is still a game I always come back to. I'm currently level 71 and yes, once you get into the higher levels progress does seem to slow down some. But I feel as though most games are like that. I've only ever used money on the game once, and you can definitely get away with not spending money on it. I recommend this game to almost everyone who is looking for a relaxing game to play.",5,2024-09-02 13:54:34,447,['GAMEPLAY']
hay_day,2024,"I've had the game for around 8 years, and without spoilers the game is wicked fun and optionally competitive. They have plenty of fun events that come around often. The overall leveling and unlock system is great, sometimes it feels slow just gaining one level but the further you get the more unique machines you can unlock. Something I notice when typing in clan chat is they bleep unnecessary words such as, stand. The only other downfall is the updates are HUGE! Otherwise I love the game!",5,2024-06-11 00:57:01,420,"['GAMEPLAY', 'SOCIAL']"
hay_day,2024,I've had an overall enjoyable experience with this game. I just reached level 29 and levels have begun to start getting noticably longer to get to the next one but so far it feels balanced in that regard. Materials to upgrade your storage for all the items are absolutely dependent on having a good neighborhood (clan) who can donate. My biggest annoyance though is the ads are often really annoying and most of the events are useless unless you have money to spend on diamonds which are far and few.,3,2024-02-28 00:52:46,399,"['GAMEPLAY', 'MATCHMAKING & BALANCE', 'MONETIZATION', 'SOCIAL']"
hay_day,2024,"I love this game, its fun, but I do wish a pause button, for a set period could be done when you hire Tom because truthfully it sometimes feels a waste of money, with amount of time you actually get to use him for. Including waiting the two hours you have to wait between using him. But on the whole it's really good fun. Easy to use, friendly groups, there is always some activity to do, on the board, on the boat or in the town. Give it a try.",5,2024-06-11 01:49:50,376,"['GAMEPLAY', 'MONETIZATION']"
hay_day,2024,"The game is up and running again,, so as promised, I changed my review. I've been playing this since I got my first ipod as a kid, and it's changed a lot, but in good ways. There's always something new and interesting, the graphics are good, and it's like running a whole city put of just your farm. It's fun, you can get lost in it, and I can't say I'm creative enough to think of anything to change to it. Thanks, Hay Day, you got me through a lot of boring classes lmao",5,2024-10-08 11:38:39,343,['VISUAL & AUDIO']
hay_day,2024,"Since 2014, I have played this game. There was time I got no ads from clicking tickets thinking it was a bug, but the team responded to my email saying it was appreciation for a long-time player. But recently, I got the ads back. It's just disappointing. I hope this is clarified. And sometimes the ads from clicking time production cut, doesn't work and appear as blank compel me to force close the game.",3,2024-06-12 20:34:02,340,['TECHNICAL']
hay_day,2024,New update is so bad. Crashing every minute can't go to town. Been playing over ten years. I'm probably going to delete. So sad. It was the best farm game out there. Well I tried to install and play today. Wouldn't load at all. Reading the reviews other people have the same issues. Glad I didn't spend any money on this game. Here we go again new update. Crashing with every log in. Can't play new event,1,2024-10-09 02:54:35,301,"['ACCOUNT & SUPPORT', 'CONTENT & UPDATES', 'MONETIZATION']"
hay_day,2024,"Re-Edit My Review: the game was fun play, unfortunately, It's still acting up and freezing, and occasionally throwing me out of the app. I stop playing for two months to see what happened, do the necessary thing like clear cache, restart my phone, etc. but it's still the same. It was supper annoying and frustrating. Please, fixed the bugs/issues. 😤😠",1,2024-06-02 18:43:52,271,"['GAMEPLAY', 'TECHNICAL']"
hay_day,2024,"Been playing this game for years now and it is awesome. Super addictive,super fun, and super perfect for all ages. I completely recommend hay day. Just one suggestion though: it would be cool if you could search up an item in the news paper instead of having to wait for days to find the item you need.also a glitch that I am experiencing is that whenever I open the newspaper almost every item is sugarcane being sold by the same farm and it is very annoying, please fix this.Other than that amazing",5,2024-11-30 12:41:04,268,['TECHNICAL']
hay_day,2024,"The game is exceptional in almost every category. Although I have a problem, and a suggestion to make it better. For my problem, once u get to a high enough level, everything takes an obnoxious amount of time to do and it gets a bit annoying. Please do something about this problem. A thing to do is make a multiplayer mode. Basically multiple players can be in control and manage a single farm which would be really cool. Other then that I love this game and I hope you acknowledge my review.",5,2024-08-27 01:34:01,267,"['CONTENT & UPDATES', 'GAMEPLAY', 'SOCIAL']"
hay_day,2024,"A lot of glitches!!! This is unacceptable. If I have to go to any other farm or even to the train station it loads forever and says ""updating, connecting.."" And everytime I want to help someone , they just don't let me. It glitches and freeze without letting me help. It's very annoying and I refuse to keep having to close the app and re-open and the same thing happens all over again (I do not have a connection problem). Fix this please because you're losing a lot of players. Thank you",1,2024-05-14 15:20:13,264,['TECHNICAL']
hay_day,2024,"It's one of the best farming games I've ever played (and I've played a lot!) Supercell truly creates some amazing games, Hay Day is definitely one of my favourites. I love the cute animals, the pretty plantlife and the detailed products and items that you can make. It's really quite fantastic to see how your small, basic farm that only grows a few crops and produces plain items such as bread to a fully functioning, modern, huge farm, trading and selling, producing detailed items such as clothing",5,2024-10-29 10:19:20,254,['OTHERS']
hay_day,2024,"I love this game, I play it just about every day and I really enjoy the variety of things you can do. I enjoy how much detail they've put into the different foods and production buildings it's super creative and there aren't any other games like it. I have had a few issues recently but just small stuff. Greg's presents aren't loading at least not all of them. And my cats stay in the same place and have for over a week now, I feed them, they stand next to there house and don't move, sleep repeat",4,2024-12-18 18:26:49,251,['TECHNICAL']
hay_day,2024,The best game ever. Been playing for at least 10 years. I just wish some foods didn't take so long to make and I wish we would get more than one tiny plot of land for veggies when we level up. And would like to be able to expand the snowy land. But you guys give us awesome stuff and the game is working pretty good most the time. Thank you Hay Day.,5,2024-04-27 03:38:13,246,['GAMEPLAY']
hay_day,2024,I have played this app for years and have loved it but anymore the app glitches out so bad that you can't even play. Any time I try to go to my little town or visit someone else farm from the news paper it gets stuck on the loading page. It wouldn't be so bad if they would update it and fix it because other than that the game is overall amazing.,3,2024-05-18 05:45:27,245,"['CONTENT & UPDATES', 'TECHNICAL']"
hay_day,2024,"Fun game, I've been playing clash of clans for like 10 years. Nice to play a game by the same developers. But the games buggy. I have issues opening the game. It loads and then freezes on a black screen. Other times I'll try to watch an ad for some reward and tlit will freeze. Over all a fun game, but unplayable at times. Like now, open and closed the app 6 times and it just won't load. Same problem this morning. Unfortunate...",2,2024-01-04 13:02:02,242,"['ADVERTISING', 'TECHNICAL']"
hay_day,2024,"A simple yet engaging simulation game. I started with a knock off (that went away) and then found Hay Day. The only feature the knock off had that Hay Day has never had was a red pin 📌 on the mackers if an item was in an order que. Hay Day continues to be a nice gaming experience where the player can engage with as much or little of the assorted side games as they want. Plenty of ways to customize your farm. I really like that I can pick up where I left off, after a break - life gets busy.",5,2024-11-20 03:06:16,234,['CONTENT & UPDATES']
hay_day,2024,"I really love this game. It's really fun but I'm having some issues. Firstly there seems to be a problem with logging in it is taking way too long, it seem not only I but many others too is currently seeing. Secondly personally the hero equipment is fun and all but I feel like all my grind for my heroes have been in vain. We did get compensation but it is not enough honestly and lastly not trying to be selfish but please make the hero upgrade feel more rewarding.",3,2024-03-26 12:18:58,229,['CONTENT & UPDATES']
hay_day,2024,"I really like this game. It's something fun and mindless to play. I've spent a fair bit on diamonds, the Farm Pass ....but I'm getting tired of glitches where you pay for something and there's a glitch and they provide no answers or compensation. It's becoming a real money grab and I for one am not going to put that much effort into that anymore.",1,2024-04-15 07:33:13,223,"['MONETIZATION', 'TECHNICAL']"
hay_day,2024,"I loved playing this game. Over the last few years, it has become more about spending money and diamonds. Even the rewards are now ""watch a trailer"" to get a reward. Very little in this game can be earned if you don't spend money buying either diamonds and decorations. I have played this game since late 2011. Please go back to the old way of doing things. Asking for all this money is crazy, and one point I was spending $20 a month on this game and was able to get most everything.",1,2024-11-21 22:38:44,223,['MONETIZATION']
hay_day,2024,"Soooo addictive. One the best building ones I have found. No constant interruptions with annoying ads, just constant play. So many building games aren't really building games at all. You're guided every step of the way - where to go, what to do, what to build, where to put it, the order to do things in, etc, with no real choice to do what you want. Not this one. This one you have free reign what to do, when to do it, where to put things. You are free to learn and make mistakes. Love it!",5,2024-05-12 18:02:00,218,"['ADVERTISING', 'GAMEPLAY', 'MONETIZATION']"
hay_day,2024,"One of or is the best supercell game. Is and will always be fun to play. However, one major glitch is when you visit a farm and it doesnt fully load and you close then reopen the app, it doesnt save the progress you had done in that time you opened the app (if that makes sense). Overall though I recommend that you install it.",5,2024-02-20 12:42:38,212,['TECHNICAL']
hay_day,2024,"The game is fun till you realize that you need expansion items to do upgrades to store more items. Those items take up more space with every upgrade (+3), meaning you are always short on storage. The market (other people selling stuff) is super competitive and dependant on your connection. By the time you click on ad the item is already gone. I wanted this game to be relaxing and enjoyable. Instead I find it frustrating...",1,2024-05-28 09:22:01,211,"['ADVERTISING', 'CONTENT & UPDATES', 'TECHNICAL']"
hay_day,2024,"I have been plaing this game for few months now. Honestly I never get bored of this game, but i would love to recommend to the developer to add more decorations that players can buy with coins. I understand that most free decorations can be obtained by watching ads, participating in events and spinning the wheel. But i think it would be great a great idea to add more choices in store. I hope you can consider my recommendation. Thanks",4,2024-12-10 02:25:51,199,['MONETIZATION']
hay_day,2024,"I play this game most of the day, every day - I love it! Update: Not really that fun anymore, you're charging too much money for decoration items. Whoever has been in charge of creative is not good. We want production items and buildings, not boring farm pass and deco. The best deco you offer is always in separate bundle $$$$ You are very greedy now.",1,2024-10-31 02:50:09,188,"['CONTENT & UPDATES', 'MONETIZATION']"
hay_day,2024,"So, the latest big update still hasn't fixed the problem. Not impressed. Been playing this for years, but the latest update, a BETA version I didn't ask for has introduced bugs. Reporting here because then trying to get to help and support to report some bugs, the whole game restarts. Bugs are that the adverts go to a black screen and my personal train wait time doesn't run in real time. I can come back hours after it returned and it still has 1hr 4mins remaining every time!",2,2024-03-19 02:16:18,184,"['ACCOUNT & SUPPORT', 'CONTENT & UPDATES', 'TECHNICAL']"
hay_day,2024,"Enjoy the game, great time filler.... but with latest update , ads are freezing the game. Hope it gets fixed soon. UPDATED Dec 1, 2023 Freezing ads are still an issue, slowing down progress. Very annoying. Jan 1, 2024 - I'd hoped the issue would be resolved by now, but no. Inability to access ads for bonuses is really affecting game advancement and enjoyment. I'm close to downloading :(",3,2024-01-02 09:05:30,183,"['CONTENT & UPDATES', 'TECHNICAL']"
hay_day,2024,"It's a good time waster. However, at some point, your barn/silo will be hard to upgrade because the items become very rare, which would force you to buy gems. edit Feb 2024: This game is for whales. structures cost very high to repair, but you only earn a few from selling stuff. also, the items in the orders tend to focus on items that you don't have, so it takes even more time to create stuff and earn coins.",2,2024-02-06 21:20:14,181,['MONETIZATION']
hay_day,2024,"I was bored at the beginning of the game, but since I am new, I was surprised by the offers, but to advance from one level to a difficult level, it takes me at least two weeks to finish one level, and the machines are very expensive, so I had to sell all my upgrade tools and many things to buy one machine but now i'm on level 44 and it's getting hard and harder . There are many drawbacks but it is still ultimately fun",4,2024-12-01 15:13:49,180,"['GAMEPLAY', 'MONETIZATION']"
hay_day,2024,"I love this game and have had it on multiple devices scince it was first released, but I just can't stand having I installed anymore. Everytime I open the app, it allows the loading screen to pop up, and then the into with the crow flying in, but 5-30 seconds later, the app closes automatically. I sincerely hope this gets fixed because otherwise,, I and I'm sure others, won't be able to play.",2,2024-02-13 13:49:19,159,['TECHNICAL']
hay_day,2024,"I've seen a few reviews with the same issue. The app is completely up to date and it still glitches and stays stuck on the loading screen when I try to visit ANYWHERE other than my own farm. Can't even go to fish, visit my town, or buy from the newspaper without having to close and re open the app. Sometimes that doesn't even work. It's been going on over a month now and keeps me from wanting to play. Hope it gets fixed soon or I'll just end up finding another game",1,2024-02-17 20:38:32,145,"['MONETIZATION', 'TECHNICAL']"
hay_day,2024,Game keeps freezing. Can't use the batteries to claim rewards. Can't move from one area to another without it freezing. Hard to play. Loved this game until the update today. The words are so very hard to read on any of the production machines/amounts. The new icons are horrible as well. Please change it back so people with poor eyesight or older eyes can see. I tried enlarging it. Everything enlarges except the writing.,2,2024-08-19 10:48:51,131,['CONTENT & UPDATES']
hay_day,2024,"This was a great game for all ages. However, in the past few months my kids and I are experiencing several problems. The game frequently freezes while loading as you move between farms or the farm and town. We lose tasks. Second, the ads have become ver difficult to get out of, requiring multiple clicks and constantly opening Google play. Third, it requires we provide our age. Hay Day doesn't need to know children's ages. That is a security threat. Much worse now",2,2024-01-24 01:32:42,129,['TECHNICAL']
hay_day,2024,"The game is great, however you need to add a function where you can exclude some resources off the barn, and i think the developers needs to take a look with this. and there is a low percentage in the drop rate of wooden planks, usually you'll only get nails or screws in collecting resources. it'd be better if the drop rates are equal.",1,2024-08-28 23:35:13,128,"['CONTENT & UPDATES', 'GAMEPLAY', 'VISUAL & AUDIO']"
hay_day,2024,"Very interesting game and I like it very much, but it have loading problems, sometimes loading bar stop at some place and don't loading, it also happen when try to go town, fishing and others farms, please fix this issue, it is very problematic to game play. Even can't go to other shop when I see an advertisement in the news paper. Please fix this.",2,2024-01-23 02:24:14,123,"['ADVERTISING', 'TECHNICAL']"
hay_day,2024,"One of the best farming games! I really enjoy this game and all it has to offer. Pros -Co-op with other players. -Lots of quests or goals. -Easy interface. -Good graphics. -Lots of good rewards, diamonds and building materials. -Little to no push on micro transactions. Cons -Buildings or other decor will move even when you weren't trying to do that action. -Friends are harder to add now from outside sources. -Buildings cost coins to build and can be a hefty price.",5,2024-01-29 23:23:42,117,"['MATCHMAKING & BALANCE', 'MONETIZATION', 'SOCIAL', 'VISUAL & AUDIO']"
hay_day,2024,"Fun, calming to me, I'm level 11 and looking at others farms it seems like there's gameplay for years. Someone on level 100 and level 200 have different farms. And after you've completed all the quests you can still save up and sell your supplies to other players. It seems fun. The art style is unique too which is nice. It's based on real time, after 5 mins corn's harvestable for example. It's quest based which isn't time related. It's fun for sure",5,2024-11-24 01:43:19,116,"['GAMEPLAY', 'VISUAL & AUDIO']"
hay_day,2024,"I would rate it only 4 stars because I think there could be some more improvements. Although the game is very interesting and fuels our interest towards the game, I think if the vouchers could be selled and purchased. Sometimes I think if I could purchase vouchers then I could perpetuate my collection of pets or the decoration items. The game is very nice as it helps me relax my mind but sometimes I feel that the service of TOM is late. Can't the break of TOM be reduced to 1 hr instead of 2 hrs?",4,2024-03-18 21:18:10,116,['MONETIZATION']
hay_day,2024,"It really is unplayable for me right now. For over a month now I've had the connecting issues, every time I try and visit another farm it says ""updating... Loading.."" and then doesn't connect. I have tried all the usual ways to fix this issue, and nothing has worked! After a whole month it's still an issue! Unplayable, unfortunately and I'm getting bored of waiting for it to get fixed. Great Game, I'm completely hooked! I'm now level 34 after playing for just over 6 weeks! Great fun, 5*.",2,2024-06-08 18:05:30,111,"['GAMEPLAY', 'TECHNICAL']"
hay_day,2024,"It's very addicting game and i love to play it. i want to recommend something. When it's farm pass and we have daily tasks, maybe it would be better if there are a little more steps when you complete the task. And weekly tasks, after you complete them, it so long to wait for them so i suggest that you reduce the time till next tasks, because it's hard to get to the end of pass. It bothers me, because i bought all three passes at once and i think it's a waste of money.please fix this.",4,2024-01-13 15:38:27,105,"['GAMEPLAY', 'MONETIZATION']"
hay_day,2024,"I have played & loved this game since the day it came out. But what I'd like to see, 4000 gem offering the discounts COME BACK. (You're making enough money, there's no reason to get cheeky with discount..) Mailbox in the train station making it easier to transition. Able to sale lures, and blue prints. Not only in the paper, but to fellow customers. (I have sooo many. It's ridiculous), like the rewards in the valley to return.",3,2024-12-05 05:22:57,104,['MONETIZATION']
hay_day,2024,"It was fun, now ... you need money to do just about anything. Not to mention the many times I buy items, my coins are taken but no items are received. Or the times you ""win"" something from the weekly derby and it's nowhere to be found. The number of items requested for derby or boat, to the ratio of items you can make are WAY off, unless again... you pay. Don't get me wrong I will pay to play but once it seems like money is the main and only objective of the developer, I'm out.",2,2024-02-25 06:43:45,98,"['GAMEPLAY', 'MONETIZATION']"
hay_day,2024,"UPDATE...I feel there should be a way to generate purchases so we don't receive the same thing. I have 2 and even 3 of the same item. So no more purchases from me. Waste of money... I played this game nonstop years ago, and for several years. I've been gone awhile now but recently installed again. I can't STOP playing, but it has come so far since I last stopped playing, and I love it! I purchase the premium each month and don't regret it a bit! Great job, guys, and thanks for a phenomenal game!",5,2024-12-20 04:47:32,95,"['CONTENT & UPDATES', 'MONETIZATION']"
hay_day,2024,"This game is addicting. Have been playing thus since 2018, it's a really fun game to play, as it's full of various events and offers a wide spectrum of ways for earning money, chick vouchers, diamonds and even lots and lots of decorations....Best farming game!But what really frustrates me is that every page of the sticker booklet has a specific decoration needed to be bought with real money. This piece of decoration destroys my whole hope in completing even a page. Hay day is all over money now.",4,2024-08-02 19:26:37,78,['MONETIZATION']
hay_day,2024,"I've been playing for 16 yrs. The last update gave me a beta version of farm pass chicken house and it's taken money 3 times and not given me the items, just freeze and restarts. Out the money and got nothing, now I have to contact them thru email. Lots of other horrible glitches with this upgrade, the ad to watch and get time off production freezes the entire game. Almost ready to find a deranged game to play after almost two decades. Horrible.",1,2024-02-25 04:26:55,77,"['ADVERTISING', 'CONTENT & UPDATES', 'TECHNICAL']"
hay_day,2024,"Well i used to love this game but whenever i moved to someone's farm, town area, someone's shop or fish area, the game got stuck for a while like loading and it was annoying. One more thing, The tool I needed most was rarely found like planks markers... I hate this algorithm, In events valley was totally waste of time. You got only one thing for 400 to 500 coins.",2,2024-03-14 07:29:09,76,['TECHNICAL']
hay_day,2024,Have been playing Hay Day since it started. I love it with the exception of a few issues. 1. I have had to restart my game from the beginning 3 times because it for some reason won't transfer over when I get a new phone. Where all my other games do. 2. Now when I play it will go on fine for a while but then all of a sudden if I try to go to my town or to go fish it does this trying to update and gets stuck for hours which causes me to not be able to finish doing timed items like the derby.,3,2024-08-08 02:45:43,72,['CONTENT & UPDATES']
hay_day,2024,"I have been playing this game since the beginning. However, several months back it started freezing whenever you try to go to a different area i.e. fishing, town, mailbox. It seemed to stop after several more months and worked fine. Now it's back to doing the same freezing issue. It's very bothersome when you can't find a fix! Please fix this issue because if it isn't I refuse to play! Thanks",2,2024-09-14 23:23:35,70,['TECHNICAL']
hay_day,2024,"I used to love this game, but lately it freezes when I try to go to different areas or other farms. I have to restart the app just to do anything. It's so frustrating and even then it only works once. I uninstalled and reinstalled, that didn't work. The updates were good at first, but the last few, especially the most recent one, have made the game not fun, just frustrating.",1,2024-01-27 07:08:49,70,"['CONTENT & UPDATES', 'GAMEPLAY', 'TECHNICAL']"
hay_day,2024,"After reaching level 50, it's become clear that you need to make purchases to progress at a decent pace. You always get new machines but not enough gold to buy them, or enough diamonds to increase production capacity (required for keeping up on town/boat orders). You'll never have enough basic resources to manage everything. It's always a struggle to maintain resources unless you log in every hour. Not to mention the constant fight for storage space. It was fun but needs improvement.",2,2024-08-27 00:46:35,70,"['ACCOUNT & SUPPORT', 'GAMEPLAY', 'MONETIZATION']"
hay_day,2024,"I really enjoy this game and would normally give a much higher review. Unfortunately, like others, I'm also experiencing the issue of it saying it's loading whenever you go anywhere (fishing, other farms, etc). The only way to get out of this is to close out of the app completely. This makes the game impossible to play. IF a Customer Service and/or a Tech Dept existed for its customers, I would have brought this issue there. When issues arise, there's nowhere to bring them but here I guess.",2,2024-02-19 21:58:04,69,"['ACCOUNT & SUPPORT', 'TECHNICAL']"
hay_day,2024,"Great game, love it, been playing for a while now, but unfortunately lately there's been an issue with the loading screen. When I first log into the game, it goes perfectly fine, but when I visit other people's farms, my fishing spot, or my town it just keeps loading forever and I have to restart the game. It's very annoying and frustrating, pls look into the issue. I just had to change my review to 1 star.",1,2024-03-02 02:00:23,67,['TECHNICAL']
hay_day,2024,"I'm a long time player, 10 years, level 150 and have spent hundreds of dollars. I reached out to support regarding the easter event, a small issue where I lost items and had a boat stuck for 20hrs and all they did was say ""the event ending is posted in the flyer"". I'm not looking for a handout, but this is a flaw in the game. They could of made it right with diamonds or a booster but didn't. I'll never spend a cent again on supercell games.",1,2024-04-06 16:10:41,64,"['ACCOUNT & SUPPORT', 'CONTENT & UPDATES', 'GAMEPLAY', 'MONETIZATION', 'TECHNICAL']"
hay_day,2024,"I honestly loved this game. So much, that I have spent a lot of money for diamonds. However when the machinery/equipment for making the items jumped to over 400k, it sucks. I'm never current on these and the most recent one is over 600k. I don't get that much money from 2 or even 3 levels. It's disappointing that try as I might, I'll never be current on machinery. And truck orders? They jumped too and with time I could make those, the barn never keeps up with storage space. Everything",3,2024-09-30 21:27:04,62,"['CONTENT & UPDATES', 'GAMEPLAY', 'MONETIZATION', 'TECHNICAL']"
hay_day,2024,"Could be better, it's beyond frustrating that when you require an item the game intentionally prevents you from getting it. One minute the market is overloaded with it then the next it's totally gone. They have the algorithm set to temporarily hide it but a very rare chances. Then they host events where ""visitors will come and buy decorations"" and it never happens and you're sitting on an unnecessarily large supply of decorations you never intend to use.",1,2024-04-15 08:17:29,62,['MONETIZATION']
hay_day,2024,"So it's a good game and it is fun and has some good features varied game play. but really geared up for you to spend . £12 almost for the farm passes every month, plus diamonds or special offers . It's got to where people are having to have multiple accounts to use to build up the main one, pay through the nose or grind to a holt and not make any progress for weeks at a time . Recently as well been disconnecting a lot and getting kicked out of the game, it's got worse since the last update.",3,2024-02-28 19:55:14,60,"['CONTENT & UPDATES', 'MONETIZATION']"
hay_day,2024,"I am sooooo disappointed that you have to BUY the lead singer for the birthday celebration! Ouch. I've been playing this game since 2016 and been in the same neighborhood the entire time. Love the page rotation change on factories and crops. Wish we could donate partial on boat, truck and town help requests like you can with shop requests. I do love the game, but some addt'l features w/b great. Oh, and let me sell my decorations! Don't use 1/2 of them.",5,2024-06-28 19:45:18,56,['MONETIZATION']
hay_day,2024,"Every update adds something new and stupid. Please stop adding on to the game. It has more than enough events. What you could do is make it easier to complete an event. Not every player is an unemployed insomniac. Also, get rid of the frogs and foxes. Make it easier to get expansion items. If things don't improve, I will have no option but to delete the game. Which will be disappointing as I have played since the beginning",1,2024-06-12 10:59:53,55,['CONTENT & UPDATES']
hay_day,2024,"This game is soo good that I can't express it in words..... I have been playing this game from last 2 years and it is very addictive and no ads in between.... If you want to claim something for an ad only, after there will be an ad otherwise no ads.... You have to put the stuff in the machine and you have to just close the app.. it will also generate your item after closing the app..... Such a wonderful game for children or teenagers 👍🏻🤧",5,2024-08-26 19:12:12,54,['ADVERTISING']
hay_day,2024,"I remember playing this year's ago and loving it. I thought I'd give it another go even though I'm starting from scratch. I'm only level 12 but can already see how it's very much a money grab. Went to buy the white fences, it starts at 5 coins and goes up 2 coins in price with every purchase. For a brown fence it's 999coins, for one?? I'll not be spending any actual money on this game.. once I've gone as far as I can then that will be it, but real shame it's got such ridiculous pricing",3,2024-08-15 23:21:52,54,"['GAMEPLAY', 'MONETIZATION']"
hay_day,2024,"Since 2 days ago, Hay Day has been fine, but whenever I visit someone's farm or wish to purchase an item in the newspaper and wish to visit my own town, the game will softlock. It is very inconvenient as you have shut the game down and restarted it. I tried uninstalling it, but the bug did not fix it. Please fix this.",3,2024-02-05 05:37:04,52,"['MONETIZATION', 'TECHNICAL']"
hay_day,2024,"It's a good game, but man, the 80 expansion limit a day is so frustrating!! Finally you come by some expansion stuff and then it doesnt let you go past 80. Sadly, 80 wont even let you expand alot or if even one piece of land. Also, you never have enough money, always a couple of machines behind. Cant seem to catch up. Otherwise good game.",3,2024-06-25 04:22:26,49,['CONTENT & UPDATES']
hay_day,2024,"Has been an incredibly fun game for many years, but for the past week I haven't been able to go to anyone's farm in the newspaper, friends farms, and even to my fishing area. All it keeps doing is taking me to the loading screen and doesn't go anywhere from there. Really bummed about no longer being able to play.",1,2024-04-30 14:28:11,48,['TECHNICAL']
hay_day,2024,"Hay Day has just become more greedy with money. You have to spend money to complete collections, there's no way to complete them unless you buy shop offers which is alread. Using schemes like this to force players into (or just have an incomplete collection ) is just wrong in my opinion. The news paper is mostly filled with the same items too - there's always an overflow of particular products. Again making it impossible to get what you need without spending real money or diamonds.",2,2024-07-12 10:34:32,46,['MONETIZATION']
hay_day,2024,"It's very cute, playing it quite a bit in my spare time. Similar to other gaming games but I like that instead of just harvesting crops and selling them you also use them to make more things to also sell. Ex: growing wheat and you can sell it but also you'll need to have enough to be able to make feed for your animals. Or instead of making feed, you'll need it to make bread or pies. Cute, addictive, would recommend.",5,2024-09-26 14:02:50,43,['OTHERS']
hay_day,2024,"I really love the game a whole lot, there's just one thing that I don't like and it's regarding the games that you send me as boosted games where you can earn more units, they are all war games, shooting games good for teenager. I'm a 61, , year old woman. I like card games, bingo, puzzle,strategy , anything but war, bombs guns. If I don't get better boosting games I will consider leaving.",5,2024-01-15 09:12:31,41,['GAMEPLAY']
hay_day,2024,"Exactly what it promises. Graphics are great. Rewards system that works. It's a game for any age to play. The sounds of the different animals are spot on. I enjoy the production lines/machines, so true to how the machines should work. Community involvement. Events and rewards. Enjoying the game trerimendosly.",5,2024-05-20 20:49:42,40,"['SOCIAL', 'VISUAL & AUDIO']"
hay_day,2024,"I absolutely love this game, but recently it has been unplayable. After doing anything that required the loading screen (viewing others' farms, etc), it gets stuck on the loading screen. It will fill the bar half way, then flicker back to a quarter full with the words ""updating..."" then fill until half way then repeat the same process. Never fully loads. Ever. Until this is fixed, I cannot pkay it.",1,2024-06-21 14:22:41,38,['TECHNICAL']
hay_day,2024,I really reallyy like this game.. But there is a couple of things I think would make it ALOT better and easier for hay day gamers/Players so I'll get started : 1-in the newspaper where you find items to buy...i thing it's better to add a search bar where you can search for an item and maybe the amount aswell. 2- in the roadside shop where you add the items to sell..i think it's better to add like a bar or something on the top where you can add public/private/friends for people to buy.. Thanks,3,2024-02-02 18:29:13,37,['MONETIZATION']
hay_day,2024,This game is a great way for me and my children to enjoy playing a game that's suitable for all of there different age groups. One thing I would like to mention is it would be a great idea to add the ability to collect wood planks to help build or upgrade buildings when you cut down the trees with either the saw or axe just a idea thank you for your time.,4,2024-04-17 23:15:00,37,['GAMEPLAY']
hay_day,2024,"LOVE this game. I played it a lot in 2019 and stopped playing for awhile, came back in 2024 and it's still great! It's completely free unless you wanna buy the farm pass which isn't needed at all. It's helpful for upgrade materials and decorations mostly. You can also get more slots temporarily for certain things, but that's only convenient not in any way a necessity. So it's fun and free :). I wish there were more decorations for the farm though,especially ones that don't cost diamonds.",5,2024-02-02 18:20:42,35,['MONETIZATION']
hay_day,2024,"I really enjoy the game. The only reason I'm giving 3 starts is due to an issue that started very recently. Every time I try to go into another area like the fishing area or toen, the game gets stuck on the loading page. I have to close and reopen the game, and go to the area immediately for it to open. I now can't purchase through the mailbox either because it get stuck on loading.",3,2024-09-17 03:45:38,35,"['MONETIZATION', 'TECHNICAL']"
hay_day,2024,"The customer service is terrible. I can't access my account because of the Supercell ID issue. Even though I tried logging in multiple times, I never receive the verification code. When I reached out for help, the bot asked me to submit a Neighborhood Tag. How am I supposed to provide that when I can't access my account? I gave them my farm's name and level, but apparently, they can't help without the tag. Absolutely frustrating!",1,2024-09-17 22:51:53,33,"['ACCOUNT & SUPPORT', 'GAMEPLAY', 'TECHNICAL']"
hay_day,2024,"I have had this game for years and play it on and off. I have gotten to a plateau where it's not as fun because of how long things take to make. As well as how much things cost like more animals and production buildings. I think if those were adjusted, I'd probably play a lot more than I have over the last few years. Decent game, tho for farming with lots to do.",4,2024-09-22 15:04:34,32,['MONETIZATION']
hay_day,2024,"What a boring game to start out in! Waiting 4 hours for 15 exp is ridiculous. No space in barn or silo, and only way to upgrade it is use a paid method and the items you need to upgrade them barely ever drops. You get about 5 mintues of play time and you're done. Unless you're ready to put in $$$, then you don't get very far. Even as a noobie, you get put in event ranks with extremely high level people. Don't waste your time on this pay to win game. If I could give 0 stars, I would.",1,2024-02-10 08:32:02,32,"['CONTENT & UPDATES', 'GAMEPLAY', 'MONETIZATION']"
hay_day,2024,Ok... I love this game but every now n then it won't let me into certain parts of the game. Like now I can't fish bc it freezes up n says it's updating. The same for my town.. it's freezing n won't let me play. Now I have to spend money in order to use Tom to help me out for trucks bc I need fish but can't. This has happened a few times. I still like game but this is frustrating. It's been days now n I can't keep paying for Tom.,3,2024-01-24 14:01:18,32,['MONETIZATION']
hay_day,2024,"I'll change my review when this is fixed. There's a glitch in the game right now. That's been going on for a long time. When you go to buy something in someone's shop or in the newspaper shop. It shows it's available, and then after clicking it, it says someone already bought this product, even though you already clicked it. Also, there's way too many people buying things in the shop and it's way harder than it ever was before to purchase things from other farm stands and the newspaper. Fix it",1,2024-11-23 19:14:36,32,"['MONETIZATION', 'TECHNICAL']"
hay_day,2024,"I have loved playing this game for years, but in December it stopped loading and customer support can't help unless I go through the help tab in the game?! I have uninstalled it multiple times, getting it to work for one day (during which time I paid for the farm pass, was charged 3 times on my credit card for it, asked for a refund and can't sign on again to see what they said, as the charges haven't been refunded) I guess my farm will go to sleep forever. This is very frustrating.",1,2024-03-14 10:51:54,31,"['ACCOUNT & SUPPORT', 'TECHNICAL']"
hay_day,2024,"I love this game,have been playing it for years with my family we love being in a team and play the derby it really keeps the game fun but recently we noticed that we can't see or help each other with truck orders/requests we always could see and help with truck orders, though I can see and help some of my friends and other people's truck orders and some doesn't show it is really frustrating, please can you fix it asap I think it must be a bug in the game that is the only issue so far.",5,2024-01-05 03:51:43,30,['TECHNICAL']
hay_day,2024,"The guy going ""tsk, tsk"" is VERY annoying. It only happens during bunny derbies, rabbits don't make the noise & it's done obsessively! Love the game, but customer service sucks! I don't know how much longer I can play - if you have an issue, don't expect to be able to reach support. If you do reach them, don'texpect them to offer any help.",2,2024-10-13 22:42:28,30,"['ACCOUNT & SUPPORT', 'MONETIZATION', 'TECHNICAL']"
hay_day,2024,Would be 5/5 but I CANNOT stand the buying selling system they have. I hate that I have to search 10+ minutes just to find one thing. Add a search for item in the newspaper and it'll be solid. Til then ew. Edit: had to come back and give 1 star. Doesn't even deserve that. How am I suppose to contact customer support when everything is automated and have LITERALLY CANT HELP ME. I have a bug in the game and I can't even report it properly cause I can't even have an option to email. Ridiculous!,1,2024-01-06 08:40:14,29,"['ACCOUNT & SUPPORT', 'TECHNICAL']"
hay_day,2024,"Since December 2023. I have not been able to go into my fishing area, town, or friends farms. It keeps saying connecting, updating, loading over n over again. I am only able to do the farm pass, boat, and my own farm. I am unable to take part in the Derby tasks as I will be limited as to what tasks I can do. My connection is perfectly fine, and I've updated hayday, and it still continues to do the same thing.",2,2024-02-10 02:23:40,29,['TECHNICAL']
hay_day,2024,"It's an alright game. I like the game play but, the load time is ridiculous. When I try to go to friends farms it loads and freezes. I have to close the game out completely and reopen it. This is a little discouraging. I'm on an android so, it may not do this for other types of phones. Please please fix.",3,2024-06-15 07:28:59,28,['GAMEPLAY']
hay_day,2024,"It's such a classic farm mobile game! If you have free time to play it here and there throughout the day it's a lot of fun! I played this game when I was younger and recently got back into it again! You don't have to spend money on this game! They're very giving when it comes to needed items! If you love decor though, you will probably spend some money as the decorations are adorable.",5,2024-09-21 12:54:34,28,['MONETIZATION']
hay_day,2024,Not sure if it's just glitches or it's designed to cheat to keep people resources low in order for them to buy in game. I noticed that when you are collecting resources from animals that your barn amount goes up but when using the animal feed which is stored in the barn the barn amount does not goes down which results in always getting the barn is full message. Then during the derby my team ended up coming in second place because after completing one of the derby task it didn't at the points.,3,2024-01-17 04:33:26,28,"['MONETIZATION', 'SOCIAL']"
hay_day,2024,"Trouble with in-app purchases lately--I generally enjoy this game, but recent updates add more and more purchases they push and then the last 2 times I made purchases, I didn't get my purchase right away and had to contact support. This most recent time, it's been over a week of contact with support and still not getting the benefits of the purchase though they had my money right away! I may or may not continue playing as the game is fun but likely I will not make any more purchases.",2,2024-04-20 04:05:35,28,"['ACCOUNT & SUPPORT', 'MONETIZATION']"
hay_day,2024,"It's a great game, but I've just found out that they charge me way more for coins. For example, ""Chest of coins"" comes with 46,000 coins, for $29.99, while for someone else I know, it comes with 215,000 coins, for $29.99. ""Trunk of coins"" comes with 154,000 coins, for $79.99 and for someone else I know, it comes with 731,000 for $79.99. And it's not that they're doing any type of deal. It COULD be a level difference, but it's still unfair, regardless that I'm paying 7x more bc in a lower level.",3,2024-09-04 14:14:53,27,"['GAMEPLAY', 'MONETIZATION']"
hay_day,2025,"Fun game, but as you level up you get punished with items that takes too long to make, it's annoying to play any events with a timer set on it, obviously didn't think about people who works a job, not enough time to score every task, think about it, if you have to make 3 items that takes 6 hours to collect, that's 18 hours, so yeah with bad logic, I'm done playing a game that punishes the player. Why can't all slots that is open produce instead of queuing it one at a time, be worth the wait.",5,2025-01-05 10:49:03,2314,['GAMEPLAY']
hay_day,2025,"One day I was bored and decided to download Hay Day and try it out based on friends recommendations. It was really worth it. Hay Day has become one of the games I play the most on my phone. It is essentially a game that consists into building your own farm layout with coins you get from selling products... But here's the twist: There's way more gameplay mechanics, temporary or seasonal missions and even a clan chat system to play with friends in numerous events. Very entertaining and casual!",5,2025-10-03 00:45:04,1500,"['GAMEPLAY', 'SOCIAL']"
hay_day,2025,This game deserves 5 stars. But the only thing I want to be added in this game is to provide an option for cancelling the items after we put that to production in any of the production buildings. If that option was there then It would be easy to cancel things that might have been added accidentally or we needed space for a different production that is more needed than current one.,4,2025-05-04 22:37:36,628,['GAMEPLAY']
hay_day,2025,"It's been 10 years. I'm not a fan of the new money grab antics but it's still enjoyable. The Pass needs more benefits. Having all passes and still needing gems for more tasks is a letdown. Players: head to the Hayday reddit and add friends for shop spaces. Devs: add more perks for the farm pass, last log in information for Neighborhoods, a window in the truck bulletin board so we can see the total items needed for all active orders, and show how much we need for upcoming boat shipments. Ty!",4,2025-05-15 08:13:20,601,['ACCOUNT & SUPPORT']
hay_day,2025,I love this game!! Very addicting! I have a few suggestions though. Neighborhood members should be able to send items to each other without having to sell it or go through the request option. A notification should send when your neighborhood sends a chat. Be able to click the farm name/the exclamation mark to show what needs help. Search for others by farm nametoo. Choose the number of items you want to help someone with.,5,2025-03-02 03:39:17,539,['SOCIAL']
hay_day,2025,"Having issues logging in. SuperCell that's supposed to save my data says I'm level 30 instead of 84, after switching to a new phone. Trying to contact support is like being put on hold indefinitely. Try to enter my recovery email, and the number they're supposed to send never arrives. Worst part, anytime I enter the app again to try to log in, it restarts the whole Training page, teaching me how to collect crops and plant OVER and OVER. No issues with any other of my games except this one",1,2025-02-12 09:30:42,424,"['ACCOUNT & SUPPORT', 'GAMEPLAY']"
hay_day,2025,"The game was good once but now its clearly seen as a cash cow for them. Support is totally non-existent and every new feature is designed to twist your arm into spending more money on the game. For example ""cool feature X"" costs a small amount! Great! Except after paying for X you then learn that there are multiple stages, and you've paid for the right to now spend more to get ""X"". They deliberately trap you into spending by misleading you. These people care only about your money, not experience",1,2025-03-08 00:16:08,393,"['ACCOUNT & SUPPORT', 'CONTENT & UPDATES', 'MONETIZATION']"
hay_day,2025,"I love playing Hay Day, it's so fun. I was wondering if we can maybe get a production building for axes and saws almost like making the lures and nets? It would make the game so much more enjoyable. It's a struggle to get axes and saws. The game is great, it unfortunately has quite a few flaws, the building of production buildings are very expensive and they take forever to build, the time to make certain items are quite long and the fact that you can't always get to axes and saws.",2,2025-04-07 04:16:13,172,['MONETIZATION']
hay_day,2025,"Best game ever I played! Firstly, the decorations are the BEST! Secondly, I love how there are pets for you, which makes it even fun! Thirdly, I love how the theme changes every month, which makes it exciting and interesting! But, I think I feel that can enhance the game experience to include night mode. For example, maybe you can choose your day mode. Also, the expansion for land is quite expensive... As it is NOT easy to get the expansion materials... Overall, best game I ever played!",5,2025-08-03 12:11:35,167,"['CONTENT & UPDATES', 'MONETIZATION']"
hay_day,2025,"Played for 8 years, but now the game is totally manipulated. Daily Dirt only shows drills, ores, and maps. Barn and silo upgrade items and other essential are rarely shown, and if they do appear, the game lags or freezes, making it impossible to buy. It never used to be like this. It feels like we're being forced to spend real money to progress. Extremely disappointing experience from a once-great game.",1,2025-05-16 01:25:46,159,['MONETIZATION']
hay_day,2025,"I've been playing this for 5 yrs now. Definitely ideal for passing time. It's very relaxing, a way for me to destress. There are some bugs but they fix it as long you report it of course. All in all, I'd really recommend this game because you can play well without in-app purchases (specially comparing to similar platforms). I do buy stuff BUT need to do so is very minimal.",5,2025-01-29 08:32:37,154,['MONETIZATION']
hay_day,2025,"I recently started playing this game. It's cute, but I find it so slow and boring waiting for everything. You can, of course, speed things up with diamonds. I'm all for spending money on games, but like, buy the game and play. Not ""here buy this and this,""and you end up spending hundreds or even thousands of dollars on one game. A little here, a little there. It adds up. The area you start with is small and to remove trees and rocks you need items that you only get once in a blue moon.",2,2025-01-21 17:17:20,141,['MONETIZATION']
hay_day,2025,"These is one of the best games i have played so far! it also doesn't hang that much but some people may have trouble with the loading screen. and also plz make the vouchers and diamonds a little bit common! and make the mine, boat, upgrades etc cost less money. but the best part is that, THERE'S NO ADS. as long as it doesn't have ads its a 5 star! (rather 3 star)",5,2025-03-28 03:31:26,135,"['MONETIZATION', 'TECHNICAL']"
hay_day,2025,"“Hay Day is hands down one of my all-time favorite farming games! The colorful graphics and cheerful farm atmosphere instantly put a smile on my face. I love tending to my crops and animals, trading with friendly neighbors, and taking part in fun seasonal events. It's the perfect mix of relaxing and engaging—I can lose track of time playing it. If you're looking for a game that feels like home sweet home, Hay Day is where it's at!”",5,2025-08-13 08:50:34,117,['VISUAL & AUDIO']
hay_day,2025,"The game is just wonderful, amazing. It is super addictive and I am playing it from so many years. Recently, I have seen so many disconnections; all the progress gets lost. I have tried switching networks but it did not help. After playing half an hour or more and if the progress gets lost, it is annoying to start from the same point from past. The game is already of slow pace but this kind of issues add more delays.",2,2025-01-15 10:06:10,93,"['ACCOUNT & SUPPORT', 'CONTENT & UPDATES', 'GAMEPLAY', 'TECHNICAL']"
hay_day,2025,"I love this game, been obsessed over the last couple of months! For me though, edit mode could be optimized. When placing paths or fences, for example, you could implement the feature in Clash of Clans where you could drag your finger along a direction to place multiple. Also, it'd be great for gem rewards to scale up the further levels yoh achieve, as things could get pretty expensive. But overall, great game! Been made and upated with lots of love by the devs 💖",4,2025-01-02 05:18:35,93,"['CONTENT & UPDATES', 'MONETIZATION']"
hay_day,2025,"I personally am not a fan of such casual farm games. I do have to applaud the developers however for pulling out the perfect Supercell title. The many different modes (village, town, fishing, valley, etc.) keep the game fresh for long-term players which will truly make it ""remembered forever"". Making purchases is absolutely not required for getting almost everything the game has to offer (unlike other Supercell titles).",5,2025-08-02 04:40:42,85,['MONETIZATION']
hay_day,2025,"So, I think this game is fun, but I got bored for slow progress and full storage, I just glad that they would recover my account one or two year ago that I lost it for ridiculous reason, which is kinda surprising for me. For the game it self I like the graphic, some mini games like fishing and they don't have ads other than the rewarded ads. If it's pay to win, I'm not sure, maybe just the progress that's gonna slower. Kinda good to play during spare time.",5,2025-05-10 15:58:13,82,"['ACCOUNT & SUPPORT', 'MONETIZATION']"
hay_day,2025,"I really love this game! The graphics, gameplay, and farming mechanics are great and very relaxing. One small issue I’ve noticed is that when planting apple, cherry, or raspberry bushes, etc. they die after a few harvests. It would be amazing if you could introduce a fertilizer maker or tree-care system* to help maintain them for longer. That would make the experience even better! Keep up the great work!",5,2025-12-05 00:37:53,81,"['GAMEPLAY', 'TECHNICAL', 'VISUAL & AUDIO']"
hay_day,2025,"This game is really fun to play. Although, sometimes it is boring when you're done with all task available to do. The waiting hour for each item to be ready is too long for me. I also have this one experience just now. I bought this one specific item because I need it. But because I'm short in coins, I used my gems. But someone already bought it first, now the gems I used are lost but I didn't received any items. It's just like I wasted 8 Gems for nothing.",5,2025-09-30 22:23:26,71,"['ACCOUNT & SUPPORT', 'GAMEPLAY', 'MONETIZATION']"
hay_day,2025,"Hi, I have been playing Hay Day for a while. I truly love the new updates that have come out like the blueberries. I also love that I found a helpful team that participates in the derby and shows great teamwork. I adore my farm neighbors they are so helpful too. I wish the fishing event were still happening with all the rare fish and amazing prizes. Also, do the fish ever weigh more than 4 pounds? I haven't caught one bigger than that.",5,2025-09-29 13:46:59,66,"['CONTENT & UPDATES', 'SOCIAL']"
hay_day,2025,The game is great but the barn silo updates with more items gives less quantity. It's pathetic. For 50 increasing for barn and silo I need to get more items. The manufacturing buildings are over priced and the selling item price is too less. Forcing to buy items which is not acceptable for everytime. Reduce the price and increase the barn and soli quantity.,1,2025-01-10 11:38:01,66,['MONETIZATION']
hay_day,2025,"Love Hay Day 😀, but they still have not fixed the game on losing items that are needed for an order to be completed and when you send the truck out with a different order you lose items for a different order. I stopped playing Hay day as often as I did ( multiple times a day) and started playing other games. when I came back to Hay Day just about All of my diamonds were gone, I had 200 diamonds why pay for them if you're just going to be ripped off of them. I won't be buying anything ever again",3,2025-08-15 21:48:02,65,['MONETIZATION']
hay_day,2025,"I bought Farm Pass bundle this month, but only 1st section registered as having been purchased. So I bought the other 2 thinking there'd been a mistake, only to look at my credit card and see that all purchases went through. Meaning, I paid twice for the 2nd 2 parts. So I tried to get partial refund. Their system told me if they refund me , they'll have to kick me out of the game. I tried actually writing to them with an explanation, but never heard back.",1,2025-10-25 07:50:40,65,"['ACCOUNT & SUPPORT', 'MONETIZATION']"
hay_day,2025,"Exciting. Easy. Love how you can see others' farm, giving ideas on how to get creative with your own land, helps knowing what you are going to need as well. I noticed that once you're on a certain level, you'll be able to ship goodies from a boat and a train station. I clicked on someone's train, and then it took me to a whole different town. But, I couldn't help them with their task since I just started playing.",5,2025-01-30 09:23:14,63,['GAMEPLAY']
hay_day,2025,"love this game! My absolute favourite game ever, I love the graphics it's easy to play, has holiday themes and can interact with other farms by helping. The tasks are fun and doesn't get repetitive could play for ages and not get bored. I wish the game did have a feature to message other people who aren't in Ur neighborhood, that's the only improvement I'd make. I'd highly recommend :)",5,2025-12-17 08:47:05,61,"['CONTENT & UPDATES', 'SOCIAL', 'VISUAL & AUDIO']"
hay_day,2025,I LOVE this game! have been playing for more than 10 years and you manage to keep me interested. development suggestion: can you give us the option to play without all the tabs around the sides. It feels too distracting for my ADHD and I would like to have the option to play with a clear screen. Also can we have a lumberjack we can hire to manage the dead trees and bushes.,5,2025-12-26 22:39:15,61,"['ADVERTISING', 'GAMEPLAY', 'TECHNICAL']"
hay_day,2025,"Fun but frustrating. this game is fun to play and fun to get started but not fun to maintain, when you are searching through the newspaper for sales, you better understand that there is a 90% chance that what you click on will NOT be available which is absolutely frustrating, some of the coin goals are crazy amounts, some of the wait times is even crazier, graphics are good, game is entertaining, game play and operation does get frustrating",2,2025-12-29 03:08:58,49,['VISUAL & AUDIO']
hay_day,2025,"First played the game from Facebook, and forgot it for awhile. Then got a smartphone and tried to search the game app and it's there! Plus with the data saved in the SuperCell ID, and I can play it again as how I left it few years back. The game is great for a slow-pace, idle online game. My favourite part of the game is if you don't play for a few days, the farm stays as how you left it, the plants will not die and the product from the machines will not will not go bad. Not a bad deal for me.",5,2025-07-06 15:19:18,47,"['GAMEPLAY', 'MONETIZATION', 'SOCIAL', 'TECHNICAL']"
hay_day,2025,"It's ok but falls right into the trend of these types of games. You literally feel when you get to a point where the only feasible way to progress is to spend money. You can make all other resources in the game but to increase storage on your farm, ironically the most important aspect to leveling up, the resources can't be made. You get a piece of wood, not from chopping trees, but from harvesting pumpkins for example... excuse me but HUH!?",3,2025-07-16 19:11:27,42,['MONETIZATION']
hay_day,2025,"really great game. I swear it gets harder and harder to find a decent game that doesn't constantly bombard you with ads and try squeeze money out of you every five seconds. whilst there is ads in this game to be able to get free gifts, and you can also put money into the game, you can actually play this game without putting any money in and it's a great game... I like all the competitions they do. it keeps it interesting. best farming game by far... honestly the rest suck and can't beat this.",5,2025-05-13 14:32:02,39,"['ADVERTISING', 'GAMEPLAY', 'MONETIZATION']"
hay_day,2025,"I have played Hay Day long before it was available on a cellphone i.e. flip phone days. And have become disappointed with the direction the game has taken. The game is full of glitches, and yes I'm positive it's the game itself. Great sales on diamonds no longer happen!!! Use to be able to get tech support in the app, that's not the case anymore. Fun for a minute, but definitely not as great as it use to be",1,2025-02-05 04:39:11,35,['ACCOUNT & SUPPORT']
hay_day,2025,"I left a slightly better review some moths ago, but now they're just taking money. I've been trying to get an 11.99 issue fixed for 3 days, & they won't fix it. After many yrs of playing this as a ""wind down from the day"" they've become a rip off. This isn't the first time I've made an ""in app purchase"" but it will be the last. There have been way too many issues & very poor customer support. Once they have your money, don't care if you get what you've purchased. *update* keeps crashing",1,2025-04-17 23:28:09,34,"['ACCOUNT & SUPPORT', 'CONTENT & UPDATES', 'MONETIZATION', 'TECHNICAL']"
hay_day,2025,"I think this game is generally quite enjoyable, but the fact that certain decorations, which are used to unlock rewards when collected in certain groups, are locked behind a paywall. I have no problem with decorations in general costing money, I won't buy them, of course, but since they're ornamental it doesn't matter. The fact that they stand in the way of completing in-game challenges does get annoying, though, and it makes it impossible to complete those challenges if you don't pay",4,2025-10-18 12:01:43,33,['MONETIZATION']
hay_day,2025,"Absolutely love this game! graphics are great. Got introduced to the game around COVID and have enjoyed it ever since. one thing though that I'd like is if you could have around three neighborhoods on the same game. other than that I can't find anything wrong about it. I really appreciate supercell(the thing that you can sign into and save your game).If your looking for a fun, relaxing game, get this one!! you won't regret it! thank you supercell for this wonderful game!",5,2025-07-08 09:09:35,33,['VISUAL & AUDIO']
hay_day,2025,"I have played Hay Day for years. I enjoy it. It is a relaxing game. Whatever they did with ads lately has reduced my appreciation for it, and if the problem persists, I may stop playing. Ads are cumbersome. Often, they play two ads at a time now, and many ads lock up my phone so I have to restart the phone. I don't even get the reward I watched the ad for.",4,2025-10-02 22:10:20,33,['ADVERTISING']
hay_day,2025,"I've been playing for nearly 10 years. The app is constantly freezing during the play option for both opening tool boxes/trunks and shortening production time. I just got a new device, and I'm having the same issue. Also, it's a waste of diamonds to purchase from the vault and receive multiple of the same decoration. I just received 3 of the same and 2 of the same back to back. This needs to be fixed. When the event for selling decorations to farm visitors is active they should pay with diamonds",1,2025-01-04 10:37:44,33,"['CONTENT & UPDATES', 'MONETIZATION', 'TECHNICAL']"
hay_day,2025,"Newspaper item sold out problem - needs fix urgently I love playing Hay Day, super fun game and relaxing. But there's one big issue – the Daily Dirt (newspaper) system is very frustrating. Whenever I need important items (like bolts, planks, screws), I check the paper immediately – but 90% of the time, the items are already SOLD OUT. Even worse, the newspaper still shows the sold-out ads for 4-5 minutes. It’s just wasting my time going to every farm, only to see “sold”. Please improve this:",3,2025-05-19 22:39:30,31,['TECHNICAL']
hay_day,2025,"hi! I love love love this game. I've been playing it for years. My favorite part of the game is decorating my farm, but I absolutely hate that things go up in price after buying. for example, the brown fence has gotten so expensive... I think this could possibly be solved if we were able to sell our old decorations. It would help tremendously, and otherwise old fences and paths will just continue to sit in my storage.",4,2025-10-01 02:23:28,29,['MONETIZATION']
hay_day,2025,"Gotta love a game where you ""win a prize"" and are immediately made to throw it away or pay to keep it. If I pay for it, it's a purchase, not a prize, and we should be given the option to activate the free and found boosters rather than throw them away. So glad to have ""won"" 3 boosters for filling 3 boats, and made to throw them all away, or pay to keep. They shouldn't have been considered free or found, I worked for them, they were an event prize.",3,2025-08-21 11:19:45,26,"['CONTENT & UPDATES', 'MONETIZATION']"
hay_day,2025,"why can't we have a second dairy? I cannot produce enough cheese, butter, etc to make other products ever. I need 2 so I can be producing double. I've been playing for awhile now and I love it but it's getting harder and harder to play and is starting to be less fun. also I can't keep up with the dead trees and bushes without spending real money. other farming games I play I can get diamonds for free. but I barely get any for free in this game.",3,2025-10-15 14:40:06,26,['MONETIZATION']
hay_day,2025,"gone down hill since the last upgrade, the market place definitely has glitches with many products appearing available but when you try to purchase them they're actually already sold. you can no longer watch an advert to cut the speed of production and on the off chance that you do, it freezes the game. many more things wrong now and it's always been a greedy game (pay diamonds to open a box and get 1 stick of dynamite which i get free for seeing to my pets and the townies!)",2,2025-12-21 22:26:30,25,"['ADVERTISING', 'MONETIZATION']"
hay_day,2025,"It reminds me of the old Facebook game of the same name, which is more I can say for other FB era games. They still focus on decorations that look good for your farm and it doesn't have many cash grab feelings like many other games. However, the new update seems rather redundant, I hope this isn't a bad omen for the game. the only improvement was the ability to get rid of queued items in the production lines. I hope they don't change any of the existing game and looks or get rid of fun events.",4,2025-12-11 11:25:03,23,"['CONTENT & UPDATES', 'GAMEPLAY', 'MONETIZATION']"
hay_day,2025,ok game.. now they have it where you have to pay to get the decorations to complete the book .. they have gotten greedy here lately and the farm pass is expensive for what you get.. the experience is good and helps you level up faster but still not enough coins to get all the production building you need.. its pay to advance/keep up now and that is disappointing.,2,2025-07-15 05:07:22,23,"['GAMEPLAY', 'MONETIZATION']"
hay_day,2025,"This is the first time a game has managed to make me watch ads and pay extra money in the game :) We are playing with pleasure. We would like to thank the whole team behind it. The only feedback is that instead of the marketplace mailbox and newspaper, a list could be simpler and plainer, without having to go to a different farm. Maybe it will be taken into consideration, I wanted to share. Love from Turkey :)",5,2025-05-03 01:44:28,22,['MONETIZATION']
hay_day,2025,"This little farm game is so fun and addictive!! It's satisfying growing your farm, and you unlock so many animals and stations as you progress. I LOVE the art style-- it is so silly and cute. You can interact with other players and help them complete orders, and put your own items up for sale too! There are cool events and daily tasks to complete as well. If you're on the fence about getting this game, I highly recommend it!! I'm only a couple days in but I'm having a blast. 🐔🌾🐷❤️🐮🌽🍎🐈‍⬛",5,2025-09-21 23:17:42,22,"['MONETIZATION', 'VISUAL & AUDIO']"
hay_day,2025,"The game was great for a while, til I had to keep shelling out real money for fake stuff in the game...then there is the fact ads no longer work for me. I'd been using them to get free help I need for rewards or cut down time to make something. Please find out the issue and FIX it, and I will give a better review. I play this game with my nephews. I'm an adult, so the ads should not have stopped working for me.",3,2025-06-22 16:26:14,21,"['MONETIZATION', 'TECHNICAL']"
hay_day,2025,"I really like this game and hate to knock off stars, but the update is horrible. Just like the other reviews are saying, the majority of the shorter production times have changed from 5 min to 2 hours and some of my crops have gone from 15 min to 4 hours. This ridiculous change is going to make it impossible to finish the collection task board when one task take 6 hours to complete. At this point, this game can't be played for more than 10 min at a time unless you spend money.",2,2025-12-10 01:39:02,20,"['CONTENT & UPDATES', 'MONETIZATION']"
hay_day,2025,"I've had this game for years and always loved it dearly, until the latest update. Downloaded it, only for the game to stop loading at all because ""unable to download new game content, check for storage space."" I do have so much free space, so this doesn't make sense. It's been a few days and the issue persists. Tried deleting and re-downloading the game, clearing cache, data...same issue. I can't open the game and play anymore and it's really disappointing and annoying. I'd appreciate any fix!!!",1,2025-12-05 19:32:44,20,"['CONTENT & UPDATES', 'TECHNICAL']"
hay_day,2025,"I absolutely love this game, it's so obsessing once you start leveling up!! I have one problem/glitch though, when I send the truck for a order, then (accidentally) click on another order while the truck is away the items and the task disappears and I don't get the rewards, very frustrating, please fix.",5,2025-06-26 04:09:47,20,['TECHNICAL']
hay_day,2025,Great game. Super engaging and fun. there's always something to do or some goal to build up to. The only complaint I have with this game is it's way too easy to accidentally click on something to use diamonds. I've only had the game for 2 weeks and I've accidentally used over 20 diamonds on things I didn't mean to. It's incredibly annoying and defeating. There should be a lock on that option in game to turn on and off so you don't use them by accidentally mis-clicking.,4,2025-03-18 05:29:03,18,['GAMEPLAY']
hay_day,2025,"I love the game however to buy some of the production machines is extremely expensive and going to the store to buy things that you don't need is usually not worth it. By the time items refresh and you turn the page, everything's already brought up. And the things that you need are never there. It would be nice if the developers would change this somehow. Waiting for an ingredient that you don't have takes forever and makes you lose interest in the game.",4,2025-02-05 12:25:33,17,"['GAMEPLAY', 'MONETIZATION']"
hay_day,2025,"If you have an issue don't expect to get any help from them to fix it. my game repeatedly disconnects and all they would do is give me general things to try that I did in fact try before even submitting a ticket. I explained it ten times over, plus gave them several screen records of the issue happening, and got just the same thing over and over again. unplayable game.",1,2025-05-16 10:11:59,17,"['ACCOUNT & SUPPORT', 'TECHNICAL']"
hay_day,2025,"LOVE this game, been playing it for years. They do a really good job of easing you into the levels and introducing new sections one at a time (fishing, selling your products in town, mining, etc). One of my favourite things is they give you the opportunity to earn diamonds through regular gameplay! They're a hot commodity you can purchase, but you don't HAVE to spend money to experience everything in the game. The developers are very thorough with thinking through changes and events, too!",5,2025-03-30 00:28:52,16,"['GAMEPLAY', 'MONETIZATION']"
hay_day,2025,"I have really been enjoying this game. I was disappointed in the other game I was playing (township) because it lost direction and got boring.. I decided to try this as it's somewhat similar and have been glued to it. I do get discouraged at how difficult it is to obtain expansion tools like stakes, deeds, duct tape. it seems like I try so hard for days and says to get ONE. With that being said, I love how the decorations are always rotating to keep collecting fun. there's always something do.",4,2025-12-04 14:25:35,16,['CONTENT & UPDATES']
hay_day,2025,"Game is really fantastic, and it's really like a stress buster. I enjoy playing it and love it, 3 stars because you can only play it upto a certain levels, around 26. From that the game isn't fun and it's more like an assignment. Instead of releasing stress it becomes a reason of stree. Levels are so hard that it almost becomes impossible to keep on, atlast you give up if you have other things to do in your life. If you want to keep going you will have to play for hours to just keep it going",3,2025-02-11 03:07:34,15,['GAMEPLAY']
hay_day,2025,"Hay Day🌾 is such a relaxing game! I love planting crops, feeding animals, and decorating my farm. The graphics are super cute and colorful. It’s fun to trade with neighbors and unlock new buildings. Sometimes it takes a while to progress unless you spend diamonds, but overall it’s a great way to unwind.",5,2025-10-27 17:21:08,15,"['MONETIZATION', 'VISUAL & AUDIO']"
hay_day,2025,"I have reinstalled it and realised why I ever stopped. The time it takes to complete things in this game is boring. I find most of the challenges unrealistic and unless you pay real money some things will take an age. I had my previous farm up to a high level and thought one I downloaded it and loged on if retrieve my old one but no, there is a new game company who have it and I don't have anything or one linking up to it. Disappointing.",2,2025-03-21 15:54:01,15,"['GAMEPLAY', 'MONETIZATION']"
hay_day,2025,"It Is a good game to while your time away aimlessly but, ultimately it is designed to get you to part with hard earned cash by purchasing 'diamonds', however there are also 'free' diamonds to be found helping other people's farm, and of course the 1 item you need to expand your storage systems rarely appear but, you may find them in the 'shop' and become googly eyed hunting at the same time! Not sure how long I'll survive.",3,2025-01-21 06:49:45,15,['MONETIZATION']
hay_day,2025,"I love this game and the stars would have been higher but a recent change in buying coins drastically changed to way less and it's hard enough to get gems, things for gems are ridiculous. If this wasn't a misplay game I wouldn't play it because of the cost of gems and coins. But since I'm being paid to play, I'll do what I can without buying anymore since they drastically changed how much you get!",3,2025-01-14 01:56:58,15,['MONETIZATION']
hay_day,2025,"Hi, I have an update suggestion, there's two options to remove sound and remove music. I love the village feel the sounds give off when I wear my headphones, however the clicking sound gets annoying and I stop playing. Can there possibly be a solution to turn off the clicking sound but not the farm animals and wind effects ect. Love the game just can't stand the clicking. Thank you.",4,2025-02-23 23:40:48,14,"['CONTENT & UPDATES', 'GAMEPLAY', 'VISUAL & AUDIO']"
hay_day,2025,been playing this game for over 10 years now. love everything about it. only issues are that there's weird connection issues where I can't access the game for hours when it thinks it's connected to slow wifi and the valley eating up 3 gases when I only move 1 space. weird bugs I think. besides the bugs the game is one of my favorites.,4,2025-03-16 15:27:35,14,['TECHNICAL']
hay_day,2025,Love this game. Spent money and don't regret. I wish that there was a better chance at getting items you want sold in the newspaper rather than just random stuff. edit (6/7/2025): the game is still fun. but they're not listening to customers when we ask for different features that should be implemented. like I want to be able to look for specific items in the news paper. or be able to skip the fishing scene.,4,2025-06-08 04:26:51,14,"['ADVERTISING', 'GAMEPLAY', 'MONETIZATION', 'VISUAL & AUDIO']"
hay_day,2025,"The developers' ""experimentation"" creates unequal opportunities. Some players get obscene amounts of XP and coins from truck deliveries while others get very little; each person being assigned one expansion, barn, and silo item as being far more rare than any other. It's supposed to encourage trading but no one wants to go through that hassle when the only way is via the roadside shop, it's likely just a money grabber as diamonds are so rare/expensive but so many are required for simple actions.",3,2025-05-14 03:41:24,14,"['CONTENT & UPDATES', 'MONETIZATION']"
hay_day,2025,"Terrible ""Contact us"" feature. I used to play this game a lot back in 2016/2017 and decided to go back into it. I was super excited until I found out you can't login using Facebook anymore. I had my farm saved like that since this new ID thing didn't exist back then. Sadly, there is no way of recovering it. I tryed contacting them on the contact us session but AI ruined the hole thing. Very sad. I was pretty advanced, can't stand going through tutorial again.",1,2025-05-07 14:07:02,14,"['ACCOUNT & SUPPORT', 'CONTENT & UPDATES', 'GAMEPLAY']"
hay_day,2025,"So far it's fun. My negatives, regarding the game, the screen zooms in and then freezes randomly. Also, while I'm trying to feed the animals, the screen just scrolls to some random place on the farm. Like most farming games, you have to wait for your purchases to be built. Also, your barn and silo, will run out of space before you get the parts to upgrade it. I do enjoy relaxing and feeding the animals.",4,2025-03-30 08:11:48,13,"['ADVERTISING', 'GAMEPLAY', 'TECHNICAL']"
hay_day,2025,"The game has been a problem since I installed it now. The ""help"" sign is shown on the players who don't even need help. I have seen almost 25-30 farms and checked all around if they need help with trees, boat orders, truck order or train orders. But on their name help sign shows even when they don't need help anywhere. Also whenever I try to fill some crates in boat, truck or train, I can't. It shows that the person needs help, no other player has filled that order and yet I can't fill them. fix",3,2025-05-29 19:49:50,13,"['ACCOUNT & SUPPORT', 'ADVERTISING', 'GAMEPLAY', 'SOCIAL', 'TECHNICAL']"
hay_day,2025,Great game with beautiful graphics and relaxing gameplay. I have a few suggestions that could make the game even better. Please add one-click animal feeding and a machine queue system to save time. Barn expansion materials feel too rare. The newspaper needs better item variety. Tom’s 12-hour sleep reduces his value—allowing 6 continuous uses would be better. These small changes would greatly improve the experience. I’ve been playing this game since 2017.,4,2025-12-21 20:31:11,13,"['CONTENT & UPDATES', 'GAMEPLAY', 'VISUAL & AUDIO']"
hay_day,2025,"support is a joke. trying to have a 'conversation' is very frustrating. while trying to submit a transaction number, it tells me it's the wrong format and won't let me send the message regardless of how I construct it. after a couple of days of being unable to send the message, support notifies me they're closing the ticket. I just want my farm back.",1,2025-10-23 19:23:48,11,"['ACCOUNT & SUPPORT', 'SOCIAL']"
hay_day,2025,I love this game...this is my 3rd Farm due to lost of devices but even though I must start over each time...the adventures and challenges that this game gives is worth every minute you play. It's a great way to build friendships with other HayDay players and gives you great opportunities to help other Farmers with their Farms and Tasks...I can't wait to reach those levels that I once was on and you can too...keep playing HayDay everyday... it's a great way to relax and escape too...Happy Farming,5,2025-03-27 02:30:22,11,"['ACCOUNT & SUPPORT', 'GAMEPLAY']"
hay_day,2025,"i love this game but i do think having the ability to go day and night instead of always being day would be much nicer. not mandatory, just a turn on/off button where we get to choose if we want to have night in the game or not. nothing changes just the ability to see my farm at night and play at night because sometimes i enter the game at night and it's too bright and doesnt match the energy i have.",4,2025-12-12 02:11:35,11,['GAMEPLAY']
hay_day,2025,Gameplay was nice but when I started. When I logged in there was some weird bug where I couldn't interact with anything. I had signed in and wanted to restart but apparently you can't do that. You have to completely delete the account which takes 30 days. You can't play at all during this. This was my only option and I feel like I should have been able to just restart if there where bugs involved at least...,2,2025-09-29 03:19:27,10,"['ACCOUNT & SUPPORT', 'GAMEPLAY', 'TECHNICAL']"
hay_day,2025,"All gone wrong since the update! It was a great game but since the update today, it's all gone wrong! It keeps crashing. It's not recognising my collection tasks when i do them, so i have to do it again. The adverts now open a web page and take you to the Play store which is annoying. Most phone games are awful, this WAS a rare gem. Now I'll have to quit. Tried to report the bugs, but the text box is under my phone buttons on the screen. You need to move the text box up, so i can actually reply",2,2025-12-10 05:29:58,10,"['CONTENT & UPDATES', 'MONETIZATION']"
hay_day,2025,"It was kinda confusing at first, I was so sad and uninstalled it because I searched for a tutorial on a specific thing and no one really helped me, after a few days I downloaded it back and tried to figure it out again, (ofc I get overwhelmed). the diamond is so hard to get and yet its the important ones to buy stuff when u run out of things. the proceed is really long, and the silo thing gets on max easily, but the game is fun, I guess.",3,2025-08-28 00:45:48,8,"['GAMEPLAY', 'MONETIZATION']"
hay_day,2025,I’ve been playing this game for many years. Loved it. Now it’s just getting greedy. You have to purchase diamonds to be able to get all the decorations. The longer you play the more it gets greedy. When doing special events the items they ask for is ridiculously high and they are items that take forever to make. It’s not enjoyable anymore. You can work very hard and feel like you are getting no where. Always needing to pay money or use diamonds to complete special events and get bonus items.,3,2025-10-21 06:17:23,8,['MONETIZATION']
hay_day,2025,I really like this game and spend way too much time and money on it. The only issue I have is the bugs. When you go to help with someone's orders and there's an overlap bc someone else is also. So I've noticed when this happens it not only takes your items for these orders but it also doesn't give you the credit. And some of these items are difficult to make. So that's been my only issue. Otherwise it's a good game and fun.,4,2025-04-26 15:24:54,7,"['MONETIZATION', 'TECHNICAL']"
hay_day,2025,"The game is fun. But the customer service is sucks. They said they couldn't find my old farm unless i had proof of my purchase in app store. But after I gave a lot of receipts from purchasing packages from hayday, they didn't even respond to my chat. So, I've created a new farm with the same email, and suddenly, I've got an email about the purchasing package from hayday that i never bought. Really?? 😑",3,2025-02-27 10:17:19,7,"['ACCOUNT & SUPPORT', 'MONETIZATION', 'SOCIAL']"
hay_day,2025,"""Hay Day is more than just a game—it's a peaceful escape! The beautiful graphics, relaxing gameplay, and fun interactions with friends make it truly special. Whether you're farming, fishing, or trading, every moment feels rewarding. It's a game that brings joy and relaxation, perfect for anyone who loves a cozy farming experience. Highly recommended!"" must play",5,2025-03-26 22:20:18,6,"['GAMEPLAY', 'VISUAL & AUDIO']"
hay_day,2025,"The game is fun, but the production is very slow even with 3 stars on production buildings, the storage upgrades are a bit of a stress to deal with because the upgrade materials take space in the barn and most of the events, truck orders and boats are not worth filling because you can get more value just from selling on your market also you can get orders for stuff you still don't have. And the most important bit is that the search in newspapers is VERY slow and it is hard to find stuff you need",3,2025-03-23 22:32:44,6,"['GAMEPLAY', 'MONETIZATION', 'TECHNICAL']"
hay_day,2025,"I found this game difficult to follow. It would not allow you to plant what you found necessary to keep your farm going. The goals were unclear. There was very little guidance. When making something from your crops, the ""machine"" didn't tell you how many it needed unless you didn't have enough. The only positive I found was the graphics. They were done well, and the overall appearance of the game was cute and inviting.",2,2025-02-11 01:25:40,6,['VISUAL & AUDIO']
hay_day,2025,"i can't enjoy the game anymore. I've noticed the colours have become much brighter, especially the grass. no matter what I try to do to help see better on my tablet with the game, it's useless. I have vision problems and when you changed the depth of the colour saturation to a brighter one, it's ruined it for me. so I uninstalled the game. I'm very disappointed. when I first started playing it in Oct. of 2021 it was lovely",1,2025-08-05 01:47:41,5,"['ACCOUNT & SUPPORT', 'GAMEPLAY']"
hay_day,2025,"I've been playing this game since the last week of December 2024. This game is kind of addictive to me. However, my complaints are how costly the items are. Earning coins is really hard as well. I got furious because of the bug I had today. I put the items I needed for sale in my second account so I could buy it with my other account. Apparently, I did not receive the items I bought.",3,2025-03-18 18:01:52,5,"['ACCOUNT & SUPPORT', 'MONETIZATION', 'TECHNICAL']"
hay_day,2025,"It is the great game that I am addicted to. However, I would like to share my opinion a little bit because Hay Day is a game that is related to the pets and animals, especially we can give our pets name. I have a struggle when I want to change our pets' names, but I could not find the pets because there are many pets, which some kind is the same breed. I hope if Hay Day has a list of our pets that allows us to change their names easily, it would be greater. Have a good day, Hay Day Team.",5,2025-04-21 23:35:28,5,"['CONTENT & UPDATES', 'GAMEPLAY', 'SOCIAL']"
hay_day,2025,superb game and really love a lot and play in my free time and get a bit relaxed from my daily routine ... concern :- there should be some separate storage of the construction material and the time gap for Tom should be reduced to 1 hr rather than 2 hrs .. and processing of jam should be updated to lesser time comparing to other rest all superb and fun,5,2025-07-02 16:02:44,5,"['ADVERTISING', 'GAMEPLAY', 'MONETIZATION', 'TECHNICAL']"
hay_day,2025,"Really fun farming game. However when I started playing again about a month ago I had reduced times for some crops to grow (soybeans and sugarcane for example) and also some reduced production time compared to when I played about a year ago. This hugely improved my experience with the game but is now gone back to the old time making the game much less fun for me and I dokt really understand why this has changed, the reduced times werent marked as a seasonal or booster effect or anything...",3,2025-12-08 17:43:43,4,"['GAMEPLAY', 'VISUAL & AUDIO']"
hay_day,2025,"I enjoyed this game till two days ago. I can't watch ads. I did the support help and everything the AI suggested and still can not watch ads. It's costing me rewards. The complete inability to get help from a human is extremely frustrating. Enough so that I might quit playing. I have messaged in Facebook, the AI help in the game. This was my last place to seek help before quitting.",2,2025-08-24 00:25:48,4,['ACCOUNT & SUPPORT']
hay_day,2025,"Cute farming game. Love decorating my farm. This is my longest played mobile game. I started playing it about 10 years ago. I'm thankful it's not fully of ads, and you don't have to spend money in order to progress in the game. That is why I still play the game. I have bought a few things here and there, but it is not necessary to do so.",5,2025-08-21 16:19:39,4,['MONETIZATION']
hay_day,2025,"Suggestion: Allow additional feeding options for animals who only have one feeding option. For example, horses are currently only fed with carrots; why not add apples as an option? Another example would be rabbits: they are currently fed with carrots also; why not add lettuce as an option? I believe these are reasonable choices to allow for the player!",5,2025-03-02 12:54:18,4,"['CONTENT & UPDATES', 'GAMEPLAY', 'SOCIAL']"
hay_day,2025,"I do not recommend this game. It's a pay to play game. The devs only want $$$. The higher your level in the game, the more impossible it is to do anything. I just turned level 29 during this task event. The second I turned level 29, I received a task to collect ice cream. The ice cream machine unlocks at level 29 and takes 1 day, 7hrs to build. I reported my issue to support and they said that's how it's designed. Its designed so players are forced to buy and spend diamonds. Got it 🧐",1,2025-01-30 14:56:47,4,"['ACCOUNT & SUPPORT', 'CONTENT & UPDATES', 'GAMEPLAY', 'MONETIZATION', 'TECHNICAL']"
hay_day,2025,The storage amount in the barn is not correct. My barn has been staying full even when I am using items. So I started looking at the storage amount before I used items and then go back and check and the count did not go down! It would go up when adding though. The count only would sporadically go down. Very irritating.,2,2025-05-11 21:52:14,4,['TECHNICAL']
hay_day,2025,I love this game but it's getting on my last nerve I go to watch an ad to speed up production and it's gray and won't let me watch. so I looked it up and did what it told me and it works for just a little bit and then stops again. it don't let me do the double points for truck deliveries or for the free gift in shop. please say I'm not the only 1 and you can help,3,2025-09-28 09:23:44,4,['ADVERTISING']
hay_day,2025,Great game in the beginning. l Last week or so keeps on loading and loading for everything. Cache is cleared wifi is working so it's the game. By the time it's loaded you are too late to buy anything. And yes the game changes so much you need to buy everything and never enough storage.,3,2025-06-29 14:33:16,4,"['MONETIZATION', 'TECHNICAL']"
hay_day,2025,"The game is great at the beginning but it becomes difficult and takes more time and this is not good and there is also a problem in the newspaper intentionally from the company when you do not have an item the game deletes it to make you spend more time searching in vain, I have been playing it for about two years and I have not even reached level 70",2,2025-03-07 05:37:59,3,"['GAMEPLAY', 'MONETIZATION']"
hay_day,2025,"Hay Day has made it almost impossible to reach goals, the farm pass keeps adding tasks so you spend money on diamonds. Seriously thinking about deleting after ten years. Update ... I won't be making anymore purchases for this game, I cannot redeem my Google play points for hayday and I've been playing this for ten years.",3,2025-02-16 06:23:57,3,"['CONTENT & UPDATES', 'MONETIZATION']"
hay_day,2025,I love this game but it's ridiculous how you can't buy items to expand the farm with coins. I have a million coins with nothing to spend them on. So I have given up on expansion and just sell building items to make more room for farm products. I guess when that gets too hard I'll quit the game entirely. These people are too greedy. I understand you want to make money but their grubbing sucks all the joy out of playing.,1,2025-07-16 03:52:32,3,"['CONTENT & UPDATES', 'MONETIZATION']"
hay_day,2025,"Hay Day is not like any other farm app! I've been playing for over 10 years! Since the last few updates,I see the newspaper appear then disappear,then I'm NO longer on Hay Day! Constantly KICKED OUT,so many diamonds & $$$ are wasted,only because of constantly being kicked out & not get back on to play its extremely aggravating! The more you update the worse it gets! PLEASE!! FIX IT!! NOW I WANT TO PLAY! SADLY I'm missing so much right now,on my farm!! I'm keeping my app,but not playing much!",3,2025-04-25 01:16:30,3,"['CONTENT & UPDATES', 'MONETIZATION']"
hay_day,2025,"Update: 5/2/25 Give us our diamonds! It's hard to accumulate diamonds without paying, so when I advance a level and it says you're giving me 12 diamonds and I don't get them.. dissapointing. Old: I've been playing Hayday for years and other than a few mishap updates and stealing of some diamonds, it's been a good time. I liked the last update because they've increased the options for earning diamonds. Thanks! Also, please give the option to turn on/off the names of pets.",3,2025-05-03 03:45:30,3,"['CONTENT & UPDATES', 'GAMEPLAY']"
hay_day,2025,"I've been playing Hey Day for a while now, and I must say it's an amazing game! The gameplay is engaging, the graphics are great, and the overall experience is fantastic. However, as a Muslim player, I was disappointed to find that the game features pig-related businesses. Unfortunately, this makes the game non-Halal (not permissible) for Muslims. I kindly request the developers to consider adding an option to remove it And also I Accidentally placed a pig house and can't remove it please fix",4,2025-02-14 21:59:08,3,"['GAMEPLAY', 'VISUAL & AUDIO']"
hay_day,2025,"The only issue is purchasing decorations, it consumes so much of coins or diamonds after every single purchase of a single item ! It feels like we spend so much on decoration item ! Apart from that it's great ! Please help me with this ! I love to decorate my farm",4,2025-03-01 21:51:08,2,"['MONETIZATION', 'TECHNICAL']"
hay_day,2025,"This game is fun, but it's really bad at the same time, I wish we could buy more feeding mills, the game wants us to buy more animals but not more feeding mills,and we should be able to plant as much fields as we need, and how are the machines so expensive? they want is to produce so much stock but we can't buy enough machine to produce so much... they need to change it.",3,2025-05-19 02:48:22,2,['MONETIZATION']
hay_day,2026,"Have been playing this game for a while now. This game used to be great earlier but now everythung has become just inexplicable. At our neighborhood we give our best to finish all the derby tasks, only to see somebody reaching 1st place already just after a few hours of the beginning of the derby. We are in Champion's league and hardly get 320 points tasks. The expansion items, puzzle pieces are also hard to come by. The production houses have become way costlier. No more a fun game.",5,2026-06-26 23:06:46,1743,"['CONTENT & UPDATES', 'MATCHMAKING & BALANCE']"
hay_day,2026,I totally love this game and I have been playing this game since my childhood and many things have improved. I want to tell you guys if you guys can add a night mode of the game to make it more fun and realistic. Thank you,5,2026-05-19 00:03:47,1079,['CONTENT & UPDATES']
hay_day,2026,"DO NOT INSTALL. I decided to try again after two years, and it began well enough up to about level 25, but then as I began to watch the adverts more frequently to gain rewards, reduce production time, etc. I became increasingly aware of adverts that ignore the exit button, force me into Google Play, cause the app to restart, and do NOT deliver the reward. Support say they are ""reviewing"" it but don't think it's an issue! Dishonest advertising not an issue? Uninstalled again.",1,2026-08-12 02:53:27,749,"['ACCOUNT & SUPPORT', 'ADVERTISING', 'GAMEPLAY', 'TECHNICAL']"
hay_day,2026,"It's a good game but the latest update/maintenance has really messed up the game. When you tap to play, the screen goes blank/black. You have toclose everything and tap again before you can play. Can anyone at Hay Day tell us what's the problem? Such things always worry me whenever there's an update. I have to cross my fingers everytime because you never know what's going to go wrong. You just hope that it won't be too bad. You might want to cross your fingers on both hands.Then PRAY HARD! Amen!",4,2026-03-31 13:29:56,581,['CONTENT & UPDATES']
hay_day,2026,"I used to love Hay Day. Now, it slams me in the face with so many events at the same time. It's impossible to do well on them. In fact, all the events have become much more difficult to accomplish, with little reward, I am close to not playing at all. The frustration just isn't worth it.😩",2,2026-07-06 22:41:27,386,"['ADVERTISING', 'MONETIZATION']"
hay_day,2026,"This review is now 1 star as of 1-5-26. I love the game, but Support is awful!! I noticed 6 days ago I was missing about 400 diamonds. NO ONE WILL HELP!! now May 2nd, I can't view videos that cut production times in half!!",2,2026-05-04 01:45:04,207,['ACCOUNT & SUPPORT']
hay_day,2026,"I can't get back my old account !! You have to pay too much for everything, as well as the locked boxes that you find, and to build up storage, it gets filled too fast. Would be much better if you lower the prices. Thank you. I feel like the materials should be sold in the store and not stored in the barn. It's too costly to fix things as well. Making the game boring. I also lost my farm ,I was at level 36! it's not fair that blowing up balloons, you have to use foods , makes no sense!",2,2026-06-21 23:33:09,106,"['ACCOUNT & SUPPORT', 'GAMEPLAY', 'MONETIZATION']"
hay_day,2026,WHY ARE YOU OFFERING THE SAME OLD GIFTS OVER AND OVER AND OVER??? It takes time and money to get 490 keys! Once you get enough to open a chest the prize is something you already have 6 of! THIS IS ONGOING! IT'S RIDICULOUS AND FRUSTRATING!,1,2026-09-07 12:12:06,101,['MONETIZATION']
hay_day,2026,"This game has started to become so unreliable with its gameplay lately! For the 2nd time in 2 weeks, I haven't been able to get onto this game! Loads up with a black screen and icon, and then just comes out of the game without actually loading it up 😩.",1,2026-05-30 22:11:21,100,"['GAMEPLAY', 'TECHNICAL']"
hay_day,2026,what happened to this app? I played years ago and loved it. Tried it again today and it's super boring. I can't believe the downgrade it's undergone. Soooooo slow and dull. the graphics seem geared more towards children now as well. Maybe that's the new target audience?,2,2026-04-26 01:17:44,98,['VISUAL & AUDIO']
hay_day,2026,"Technical support sucks on this game when a glitch occurs. No live persons are available to help with issue. In current derby, I had a task expired but I had farm pass and was able to reactivate it and continued to produce items to finish task. Left game while items were produced. when I returned to game, found task to be expired. Support nonexistent. Had to complete rest of tasks. Did extra tenth task. Found that I go 2560 points for 9 out of 10 tasks done. should have been 2880. Lost 320.",1,2026-05-17 23:36:33,97,"['ACCOUNT & SUPPORT', 'TECHNICAL']"
hay_day,2026,"A fun game that absolutely has NO ads! Fun, casual and no money required to play. Because you don't need to pay anything to play, it is the only game I have spent money on because I wanted to - not needed to. I would give this 5 stars but it has made it less fun for me now. Too many events coming too quickly and too many at once which makes me not want to invest any more money into the game anymore. The events are totally off balance now. The higher your level the more impossible the tasks.",3,2026-06-13 10:38:17,97,"['GAMEPLAY', 'MATCHMAKING & BALANCE', 'MONETIZATION']"
hay_day,2026,"Even if it isn't realistic farm simulator, I still love it. This game keeps us on a regular competition mode. It takes years or even half dacade to reach a 100 level from pov. I've been playing this game for more than half a decade, not reached even 50, but still i love it...just don't add so many events at one time. sometimes my screen is full of events that I might not participate in it, even if i want to...just because of lack of time. I've request too. Fix how to gain lots of gems, Please.🙏",5,2026-02-18 23:02:54,78,"['CONTENT & UPDATES', 'GAMEPLAY']"
hay_day,2026,"I started playing a couple years ago because my family shamed me into playing, ""so we can play as a family"". They have all moved on but I'm hooked! its so fun trying to get to the next level, and competing in the weekly events. I'm not part of an active neighborhood since my family bailed, but the online community makes it possible to still do well in events. I would like to see an in-game chat feature, especially because i dont currently belong to an active neighborhood. LOVE the game!",5,2026-07-12 00:26:09,76,"['CONTENT & UPDATES', 'GAMEPLAY', 'SOCIAL']"
hay_day,2026,"Update: This used to be a cozy game. Now its become an obvious p2w game with all the recent changes. If you want to get anywhere in this game you need to play like a full time job and spend. Its non-stop events made to push spending. They are updating decade old features to get whales to spend. It feels like so many players have left and everyone is reliant on alt farms to get by, an obvious tell for a dying p2w game. Every change is designed to maximize profits which will destroy the game.",1,2026-08-17 22:42:46,65,"['CONTENT & UPDATES', 'MONETIZATION']"
hay_day,2026,A good mix of planning and competition. Planted whole crop of tomatoes for derby. Game registered it. Checked 4 hours later and none of it was there. All was the same as before I did anything. Frustrating!!! Latest update kicked people out of neighborhoods and friends list with no reason or warning. No acknowledgement of the bug or how they are going to fix it and reinstate people where they belong.,2,2026-06-19 10:13:04,53,"['CONTENT & UPDATES', 'TECHNICAL']"
hay_day,2026,One more feed mill should be given. Too many farm animals and only two feed mills are falling short!,4,2026-05-22 17:36:21,53,['OTHERS']
hay_day,2026,"Each and every time I try to enter this game I have to delete all the data. That works only for that particular time though. The game stops responding next time I try to enter this game. If you can't fix it, I will uninstall it . Your issues has no end .Fix it and I will return to 5 star again.",5,2026-08-27 04:48:28,52,['GAMEPLAY']
hay_day,2026,"This game has gone TREMENDOUSLY downhill. this used to be my favorite game; now- I cant even find the words to describe how bland and dissapointing it is to play compared to before. while a few things still have their charm- the nostalgic and rustic feel of this game has been thrown out the window- traded for profit, and modernisation. gross new building designs plus AI. really? 😐 ironic, that a farming game about economics uses generative AI slop. disgusting. STOP FIXING. WHAT. ISN'T. BROKEN.",1,2026-08-22 17:48:26,52,"['CONTENT & UPDATES', 'GAMEPLAY', 'TECHNICAL']"
hay_day,2026,"Great game. I’d like to suggest a small quality-of-life feature. It would be very helpful if we could select and move multiple objects at once, for example planting fields that are placed in a row. Maybe by tap and hold to select several items, then drag them together instead of moving one by one. This would make farm layout editing much easier and faster.",5,2026-01-24 03:40:22,43,['CONTENT & UPDATES']
hay_day,2026,"Love it! Unlike other mobile app games, Hay Day doesn't bombard you with ads. The game is very addictive and great! Although it's fun to play, I feel like the waiting time is way too long to process such as pies, clothes, cakes, juices etc. You just have to wait long hours to collect the products to sell or complete truck orders. It is frustrating....",5,2026-02-18 02:58:23,40,['GAMEPLAY']
hay_day,2026,"It is a great game, I've been playing it for 8years, it would be nice if it had a nightmode when it's nighttime , so I could see all my decorations glow up ect",5,2026-05-12 12:01:29,40,['GAMEPLAY']
hay_day,2026,"My opinion about Hay Day Hay Day is one of the best farming games on mobile because it is fun and relaxing, with many nice details. It teaches patience and time management, and its graphics are beautiful and easy to enjoy. I like that you can plant crops, harvest them, raise animals, and sell your products. You can also play with your friends. The only downside is that sometimes it requires a long time or tools that are hard to collect, but overall it’s an enjoyable game and worth d",5,2026-02-16 05:02:07,40,['VISUAL & AUDIO']
hay_day,2026,"I love this game; it's super addicting! I've been playing it for ages, on and off, since at least 2016 based on my last review, but I'm pretty sure I've been playing a couple more years than that. There's just no other farming game out there that even comes close to this one; trust me, I've looked! Best farming game ever! The only thing I wish was a little easier is collecting the items needed to expand your storage and land.",5,2026-06-19 16:15:07,40,"['GAMEPLAY', 'TECHNICAL']"
hay_day,2026,It runs smoothly. It's visually pleasing and addictive. But they are taking the you know what with the amount and cost of in app purchases. I wouldn't even call them micro purchases. They're significant chunks of cash. Leaving my old comment. I did take a multi year break and no doubt I'll reach a break point again. 800 yen for farm pass!? Got to be joking. Time to take another year long break!,3,2026-03-24 08:36:02,38,['MONETIZATION']
hay_day,2026,"Am absolutely horrified that the game is full of completely sexist, humiliating ads and there is no way to report them. The embarrassing, hopeless and offensive excuse for ""customer support"" is shocking. How can that be legal? You can choose from a list of basic questions suitable for 2 yr olds and thats it. this game just lives off the goodwill of people who still believe its sweet and harmless, while its turning into a money grabbing pos like all the others with zero respect for its customers.",1,2026-07-17 04:18:23,37,['ACCOUNT & SUPPORT']
hay_day,2026,"dodgy bug every time I log in, and take alil break to make myself a brew and come back to it, half the game is missing",4,2026-07-11 00:23:09,37,"['ACCOUNT & SUPPORT', 'TECHNICAL']"
hay_day,2026,"It's becoming worse it seems. The newspaper is ALWAYS out of products soon as you click on it. It seems there's TOO MANY players using the same newspaper and the products are SOLD before you can even click on them. Everything else is good in the game. Just needing to make it to where the newspaper have available products to buy, than it being EVERY product is sold and gone before you can even get to it! *Update 08-11-2026* The newspaper is still useless! There's never anything available to buy!",2,2026-08-12 01:40:48,36,"['CONTENT & UPDATES', 'MONETIZATION']"
hay_day,2026,"Great game overall! 👏 I would really love it if we could create a profile and customize our appearance , I’m not sure if that feature exists or if I just couldn’t find it. The game could also use some graphics improvements, but it’s not bad at all as it is. Just a few tweaks and it could easily become the best farming game out there.(tbh I think it's already the best ) Keep up the good work!",5,2026-04-13 00:19:52,35,"['ACCOUNT & SUPPORT', 'CONTENT & UPDATES', 'VISUAL & AUDIO']"
hay_day,2026,"I'm a 224-level farmer, I love to play. But a major bug is Hay day support. Fix that! I've gone to them for several issues. Each time, they don't read the message fully, and ask questions answered in the message.It's a good game, but, if you need their support team, FORGET IT! Make sure you have pics of your farm, your neighborhood info, and your player tag. It'll help to identify you. I guess developers don't read negative reviews,their loss.It would vastly improve Hay Day.",1,2026-06-08 07:18:51,34,"['ACCOUNT & SUPPORT', 'GAMEPLAY', 'SOCIAL', 'TECHNICAL']"
hay_day,2026,"GIVE THE MAILBOX A SEARCH FEATURE, AND I'LL RAISE THIS TO 5 STARS!!!!! A second Dairy building would also result in a 5 Star review :)",1,2026-07-01 00:50:06,32,['CONTENT & UPDATES']
hay_day,2026,"I have played this game almost everyday for 8 years or more so clearly its a favorite. However the recent changes have moved almost everything and I cant find the items I have earned that can be used to speed things up. I also can't see the progress of some derby tasks unless I go back to the derby list of tasks available, which is frustrating when its a train task. I'm not seeing the logic in most the changes.",5,2026-02-19 02:46:45,31,"['CONTENT & UPDATES', 'GAMEPLAY']"
hay_day,2026,was a fun game but not now. tasks are way too hard. Truck ask for waaaaaaay too much as does the boat. The events are extremely hard. you will find yourself on this game for hours out of the day frustrating yourself trying to get events accomplished. To buy land forget about it.It costs a LOT!!!! this game has become a HUGE MONEY GRAB. I've had this game for many years and have spent probably well over 2000 dollars usd. and still don't have all the land on the farm.,1,2026-07-16 23:17:21,30,['MONETIZATION']
hay_day,2026,"been playing for over 11years. the last few years--- they wouldn't fix the bugs, if you make purchases, you don't always receive, there is no way of communicate with them about issues, the greed of money has gone insane. try to purchase things out of newspaper is always taken after you press item. they don't want you to expand barn, silo, and land unless you spend money.",1,2026-01-05 11:25:26,30,['MONETIZATION']
hay_day,2026,"10+ years playing. Supercell did an awesome job on this virtual farming game. I'm challenged, entertained and occupied. It's more than just farming: There is fishing, completing truck orders, boat orders and town orders. Let's not forget ""The Derby"" that allows neighborhoods to challenge other neighborhoods for placement in the top 3 for various rewards. HayDay is a social, engaging, creative and imaginative busy game that appeals to all ages. So download and join us farmers today! 😀",5,2026-04-27 16:36:19,29,['SOCIAL']
hay_day,2026,"God I used to love this game, I have no clue what happened. First of all, you need so many diamonds otherwise you'll just be waiting around for everything. Secondly, whenever I try to watch an ad for a reward, the ads always freeze. ALWAYS. which means I never get a reward, so I just sat through a whole ad and had to restart the game for nothing. Also it would be helpful to know how to obtain items, such as the land deeds – how do I even get those? theres no info or anything !!",2,2026-01-09 22:34:57,29,"['ADVERTISING', 'TECHNICAL']"
hay_day,2026,Hi HD Team. I have watched the new video about update for July and tried to claim the gift afterwards. It opens HD but no free gift appears from the link. please fix this. thank you,2,2026-06-29 23:17:19,29,['CONTENT & UPDATES']
hay_day,2026,I really enjoy this game. I actually used to play a while back and stopped and I have since re-download it and really like some of the added features. I really wish you can aquire building materials or expansion items better and what would be AMAZING is if you can seach for a specific item you need in the newspaper!! That would be a huge upgrade!!!!,4,2026-01-20 11:38:04,28,['CONTENT & UPDATES']
hay_day,2026,I can't get on Hay Day it's update again it takes so long it runs my battery out then when it done I can't play it. please do something about it because I love playing this game. it's been Pending for 10 minutes this is crazy for it to take this long,5,2026-08-19 14:33:19,28,['CONTENT & UPDATES']
hay_day,2026,"if I could give this game less than 1 star I would. the support team is anything but supportive. And there are a LOT of issues. Most of the time when I try to shorten the production time by watching an ad, it doesn't work. I am constantly missing out on things because of glitches, like trying to fulfill a help and it not showing where it is when you go there. I leave and go back, the ! is still there but nothing is there. Too frustrating, ready to quit playing again for the 3rd time.",1,2026-01-08 02:07:44,26,"['ACCOUNT & SUPPORT', 'ADVERTISING']"
hay_day,2026,"You cannot click any factory to see what you're making without collecting everything first, forcing you to fill your storage. You quickly become stuck in the game, waiting to find what you need for the upgrade. Those items that you need are found by harvesting, but you can't because your storage is full. See the problem? I'm only reviewing now because the game nags for it. I feel it's set up to irritate you into spending money. Maybe after playing for a week or more it may make sense.",2,2026-04-13 19:52:56,25,"['ACCOUNT & SUPPORT', 'GAMEPLAY', 'MONETIZATION', 'TECHNICAL']"
hay_day,2026,"I usually get bored of games fast, but I've played Hay Day for 13 years! It’s the ultimate exception. I love the regular updates and the fair free-to-play model—I only spend money if a design is amazing. The pets and sanctuary animals are a favorite (I’ve named every single one!). My only gripes are always needing more storage, and Tom's 24h timer wasting 8 hours while you sleep. Still, with your own little group, it’s a brilliant, fun game. Highly recommend!",5,2026-06-15 20:32:59,25,"['MONETIZATION', 'VISUAL & AUDIO']"
hay_day,2026,"I am really, really enjoying this game! The progression and farming mechanics are addictive and fun. My only small ""pro-tip"" for the developers: in real life, cow’s milk actually isn't suitable for cats! It would be amazing to see a more cat-friendly snack included in future updates. Aside from that detail, it’s a fantastic game that I highly recommend.",5,2026-04-03 09:53:41,24,['GAMEPLAY']
hay_day,2026,"I am very upset at trying to get a game problem fixed. I have contacted the support team 3 times with no results. My problem: Whenever there are chickens to pick up in the valley, I pick them up but never get the the reward for doing so. The game makes a sound like coins dropping into a bank, but nothing is added to the amount I have. If this problem is ever fixed I will rate the game a 5.",4,2026-06-20 04:57:49,24,"['ACCOUNT & SUPPORT', 'VISUAL & AUDIO']"
hay_day,2026,"There needs to be a limit as to how much people can buy from the newspaper. Especially the building materials. I have spent hours going to other farms as soon as a new paper becomes available. And no matter which farm I go to, everything is already bought up! There have been a few times that I must have been to a farm first, but the second I get there, everything disappears as fast as I can see it. I can never buy any building materials, therefore, I can never upgrade my silo, my barn, whatever.",3,2026-01-30 11:26:41,24,['MONETIZATION']
hay_day,2026,I love this game and have been playing for years and the only game I spend money on. It is not riddled with ads like most games. You can play without spending money but buying extra diamonds to hire farm hands or buy a farm pass just elevates play to another level. Kudos to the developers for not being lazy using ads and figuring out how to make me want to open my wallet.,5,2026-04-21 20:41:32,23,"['GAMEPLAY', 'MONETIZATION']"
hay_day,2026,"I've been playing this game since 2012, it's my absolute favorite! I love the simplicity and yet there's so many features to interact with, it's never boring. I personally do like how real time is needed for things to ""cook"" so I'm not turning into a phone zombie all day glued to my screen. I'm usually on my farm once in the morning and then again before bed lol. And with every update there's always more tasks and challenges and fun things to do. I plan to keep my farm forever❤️",5,2026-05-05 11:41:41,23,['CONTENT & UPDATES']
hay_day,2026,"The best little farm game ever. Yes, it's probably the one you're looking for. Over a decade of playing. Satisfying whether you're playing very casually or very obsessively! :) Thank you Supercell.",5,2026-08-11 08:47:53,23,['GAMEPLAY']
hay_day,2026,"Hello. Thank you for your great farming game; it is excellent and very entertaining. However, since the last update in June 2026, I have been encountering an issue when trying to enter the game: it freezes during the loading screen and gets stuck there. and now I can't log into my account for two days. I hope this problem will be fixed soon. tnx",5,2026-07-02 03:17:10,23,"['ACCOUNT & SUPPORT', 'CONTENT & UPDATES', 'TECHNICAL']"
hay_day,2026,"Don't get me wrong I absolutely love Hay Day, it's a really fun farm game and i enjoy playing it, but the only gripe I have is my barn & silo is always full, the stuff to upgrade them is hard to come by unless I purchase the packs with my google play money. and another thing, I'm decorating my farm again, but some of the decorations cost diamonds to buy, and so I'm always running out of diamonds. I'd prefer everything was purchased by coins. also, I'd like to be able to play offline as well.",5,2026-06-20 08:59:50,22,['MONETIZATION']
hay_day,2026,"Two stars is harsh, but there are many farming games. The biggest factor when I'm deciding to keep/delete is if I can progress without spending. I WILL spend a bit of money on games, but I won't if say, the barn is constantly full & it's next to impossible to acquire building materials..or say, soybeans are never available without using diamonds, which means you can't feed animals, yada yada.. Let me *feel* like I'm getting somewhere! I'll even watch ads! This is basic consumer psychology.",2,2026-01-07 08:10:55,22,['MONETIZATION']
hay_day,2026,"I've been playing this game for 10 years now, until recently. When I first started playing, it was so chill, no obligations whatsoever (for what I remember, the opposite of Clash of clans). A few years back, they transformed it into this colossal machine which you have to constantly maintain, be online basically all day, otherwise you don't get anything that pushing you forward. Playing it was a relaxation, now it is an obligation. It is ruined, just like pretty much everything else.",1,2026-01-17 06:11:31,22,"['GAMEPLAY', 'SOCIAL']"
hay_day,2026,"As a new player who has spent the last few months getting to know the system and the community built around this game. I can say that it is both fun, addictive, and all life consuming. If you have all day, or spend a few hours throughout the day playing a game and you have money to spend. Few dollars here and there. $1.99 here - $9.99 there- $15.00 for a special item - $20.00/mo for subscription based items.. You get to enjoy a well thought out farm simulator that has beautiful scenery.",2,2026-01-30 06:28:13,22,"['MONETIZATION', 'SOCIAL']"
hay_day,2026,It's so fun to build your farm and buy all the cute animals. Grow the crops. sell them on your stand and buy things you need with the money by shopping in a catalog. I love decorating and changing it often. Nothing ever dies and crops don't either. Too busy to play for a while? No matter. Everything is right where You left it. Love it!,5,2026-02-07 15:33:06,22,['MONETIZATION']
hay_day,2026,"There's always an event of sorts going on! Which I really love! I just wish the wait times were reduced even just slightly though, because my daughter loves helping me plant Hay. maybe you could come out with a super simplified ""KIDS Mode"" where the wait times are significantly reduced but it's outside your regular game collections and rewards.",5,2026-04-05 06:37:33,21,['CONTENT & UPDATES']
hay_day,2026,"DONT WASTE YOUR MONEY ON THE TINY TRAIL. MINE THE OPTION DISSAPPEARED FOR THE LAST 2 DAYS, AND THE ONLY OPTION FOR CONTACTING SUPPORT is to refund your money if you happened to take a picture of the transaction, the day the time etc. But I dont want the money back anyway I want the glitch fixed which wasn't even given as an option. Also forget about talking to a real person about anything. But they got their money right, that's what's important.",1,2026-06-15 23:16:26,21,"['ACCOUNT & SUPPORT', 'TECHNICAL']"
hay_day,2026,"Great game! But please fix how the ads fail when you try to use them to shorten production times. About half the time, they end up failing and reloading the game and then you've lost the time bonus and reset the timer to use one again. Also, in the fishing area I lose a lot of fish being unable to center the fishing spot on my screen. Often I lose one to having to swipe off the screen to keep the fish in the circle. I am also having lots of trouble with disconnections.",5,2026-06-27 01:58:44,21,"['ACCOUNT & SUPPORT', 'ADVERTISING', 'GAMEPLAY', 'MATCHMAKING & BALANCE', 'TECHNICAL']"
hay_day,2026,a very fun experience with a farm. Every seceond something happens and there are so many cooking stations and animal pens which are very nice and pretty,4,2026-06-26 18:29:18,20,['GAMEPLAY']
hay_day,2026,I have been playing HAY DAY on and off for years and one of the reasons and main reason I stop playing once in a while is because it is so frustrating that my silo and barn gets to capacity way to quickly. It also takes forever to get the tools to upgrade. Having a separate shed for tools would be so helpful and useful and it'll definitely keep me playing without leaving once in a while.,4,2026-03-08 13:08:11,18,['OTHERS']
hay_day,2026,"Unity ads made me stop playing. You have to put some pressure on your ads supplier. Lately I'm watching a video. Tap two times, to get to the last screen and a last cross/skip never appears. You can wait for 5 minutes, but it just never appears. There's no way to close the ad. I then have to close the game and restart and get no reward. It's a waste of time staring at ads for nothing but annoyance. It made me simply not want to play the game anymore. I'm doing other things now.",1,2026-01-19 12:54:16,18,['ADVERTISING']
hay_day,2026,"This game is so much fun the only Problem I'm having is purchasing this season past I click on it and nothing happens, nothing comes up, had the same problem. When the farm pass first came out. in fact, that was the reason I stopped playing the game for a while. There. I can click on diamonds to purchase. I can click on coins to purchase and it'll bring up the purchase screen for those. But will not do anything when I click on the farm pass to purchase it. What is going on with this issue?",5,2026-05-19 07:53:56,17,"['CONTENT & UPDATES', 'MONETIZATION', 'TECHNICAL']"
hay_day,2026,"Can't grow our team!?! You're supposed to be able to invite players to your neighborhood if they're already on your friends list. however after certain updates no one (at least in my neighborhood) is able to invite players to our neighborhood. there's several co leaders with the ""ability"" to invite players to our team but everyone is getting the same notification ""The player must first be on your friends list"" and the players we are inviting ARE on our friends list. please fix this.",2,2026-01-21 10:37:23,16,['GAMEPLAY']
hay_day,2026,"i loveee hayday but I don't know what's the problem with the newspaper. It only shows me ores( silver, gold, etc) most of the time. It's so boring. idk what's wrong. Could the team kindly look into this also I feel like there should be a search option in the newspaper so we can find our desired product, if available.",4,2026-07-11 01:21:26,16,"['ACCOUNT & SUPPORT', 'GAMEPLAY', 'SOCIAL', 'TECHNICAL', 'VISUAL & AUDIO']"
hay_day,2026,6+ years on&off player. I love this game. They have made some great updates to this game that make it feel more balanced. I'm around rank 90-110 and I've struggled to complete boat orders as someone who plays solo not part of a neighborhood. I can now complete almost every boat order and it makes it FUN! I don't have a lot of time for everything so I pick & choose but it really feels more balanced and accessible. Thanks HayDay team! love the YT vids!,5,2026-06-14 14:41:52,16,['MATCHMAKING & BALANCE']
hay_day,2026,"I try to visit other farms (even Greg's Farm) and the game crashes. I try to watch an ad, game crashes. I try to go buy something out the newspaper, game crashes. And update to fix this bug would be nice.. don't know how much longer I'll keep playing if not, definitely won't be spending any money on it until then.",3,2026-02-06 08:34:52,15,"['ADVERTISING', 'CONTENT & UPDATES', 'MONETIZATION', 'TECHNICAL']"
hay_day,2026,"Fundamentally its a great game, but the developers refuse to fix the economy. There is always one item/category filling the flyer with next to no other items. if its not sugar cane, its town expansion item. Now all you see is ore. Next issue is too many currencies. You got coins, diamonds, keys, flowers or other event currencies, tokens etc. last issue is the ads, although they are optional, are getting longer and longer. Often its not one long ad, its one short ad that keeps repeating.",2,2026-07-03 11:00:42,15,"['ADVERTISING', 'CONTENT & UPDATES', 'TECHNICAL']"
hay_day,2026,"Great till this season, springtime crates, WAY too many trees and bushes. not enough opportunity for other items even after purchasing options. I stopped buying because I kept getting the same tall trees, the 3 small flower and or rock with flowers and last but not least, the little creek! Made me leave and went to purchase a reading app because the game was not letting me relax or making me happy anymore. 😞",2,2026-04-28 13:25:52,15,"['CONTENT & UPDATES', 'MONETIZATION']"
hay_day,2026,"What do I do when the extra help such as Send on board, Activate on items for 50% off of time do not work? They will not light up so I can use them. Sometimes when I go to the store it says the app needs to be updated. I have gone through settings several times and that usually helps with the store but today, I cannot use the activate or send. They just will not light up. Other than this I love the game and I play it everyday! Ive been playing for about 2 years and I would highly recommend!",4,2026-05-07 04:12:41,15,"['ACCOUNT & SUPPORT', 'GAMEPLAY', 'MONETIZATION', 'TECHNICAL']"
hay_day,2026,Newspaper issue! I have been playing since 2014.. and it's getting worse.. I have spent alot of money on this game to not be able to OPEN THE NEWSPAPER AND BE ABLE TO BUY SOMETHING! Ehhh! Everything you go to is gone.. to many people playing the same newspaper.. the times for the products to be made are getting to be so long it's not worth playing anymore... please fix.. I love this game..UPDATE: new things have been added. still problems with newspaper but getting better. Love ❤️ the new update,5,2026-04-03 19:55:38,15,"['CONTENT & UPDATES', 'MONETIZATION', 'TECHNICAL']"
hay_day,2026,"Since the last update, its not properly counting the items I make and collect. Just now, for the county fair, I collected 3 flower shawls but it only shows I collected 1. It also happened when I was collecting eggs for the derby, the last 18 I collected it didn't count at all. The ads are so much longer now & half the time, the screen turns black at the end, no way of doing anything but closing out the screen and restarting the game, not getting what I watched the ad for. Please Fix!",1,2026-04-08 20:12:05,15,"['ADVERTISING', 'CONTENT & UPDATES']"
hay_day,2026,"It's a great game but the thing I don't like about it is that when I needed planks for my farm and many people were selling planks I couldn't buy them because I had the max amount of what I could buy (I already bought 80 upgrade materials and other stuff like tape, screws, TNT barrel, dynamite, shovels, wooden boards [or planks I don't know] bolts, and planks which I needed to upgrade my barn, and farm silo but still 5 stars im only level 17",5,2026-06-27 08:19:18,15,"['GAMEPLAY', 'MONETIZATION']"
hay_day,2026,"Fun, addictive game. You don't have to watch ads or buy anything to enjoy playing. Lots of events and plenty to keep you engaged. You raise your crops, tend your animals and make products to sell. Heads up to parents, though, there is a chat feature. So far I haven't come across anything at all worrisome in the one I'm in, but I'd say the potential is there.",5,2026-05-25 00:17:18,15,"['CONTENT & UPDATES', 'MONETIZATION', 'SOCIAL']"
hay_day,2026,"I really love this game, truly. It's so fun and some of the decorations are amazing! I love fixing up my farm. My big issue is when I watch a video to cut time of production or to spin the wheel again, the ads take me to the play store or just reroute me to the opening of the game and I am having to give up what I worked for. And when I try to collect my daily prize, it tells me that I cannot use payments and prompts me to go to android settings. Very annoying.",4,2026-07-03 02:25:07,14,['TECHNICAL']
hay_day,2026,"This app was already good, but they fixed everything that was lacking. The tickets are not a hell to get anymore, the boats are more diverse, we can buy seed without having to go through the journal all day long. The update with lamb and kebab is cute and there's always new decorations to get and lots of events. You can success without paying and there is no add except if you want it. The only minor issue : The journal is FULL of rocks and it's getting tiring.",5,2026-06-23 20:54:16,14,"['CONTENT & UPDATES', 'MONETIZATION', 'TECHNICAL']"
hay_day,2026,"This game sucks! The Support/Developers never address game issues, bugs, etc. Their responses are from AI which is so lame.They always want screenshots or a video. Even when provided,nothing is done! Boat crate/Truck fill rates are 1/2 of what you can sell the product for in your stand! Events are geared towards people who spend $ on the game! Well some people don't have the income to warrant that! Diamonds/Game $ should be an option to use! Not 1 response to any reviews from Developers.Pathetic",1,2026-04-12 07:42:34,14,"['ACCOUNT & SUPPORT', 'MONETIZATION']"
hay_day,2026,"I've been playing Hay Day for many years and it's my absolute favorite! The updates have been fantastic. I love the deco crates. Playing without paying opportunities had improved over the years. The updates changed that. You charge for Farm pass(es), tiny trail/sail boosts, decorations for collections, keys, etc, but the chick takeover offer has sent me over the edge. I spend quite a bit of money, but paying to access 'free' boxes has pushed me over the edge. It's an ugly look in this economy.",4,2026-04-03 08:46:21,13,['MONETIZATION']
hay_day,2026,"Made an in app purchase and didnt received what I paid for. I never had an issue until today. When I followed the instructions to ""Leave us a message"", I provided the screenshot of my Google Pay Receipt with the date & time of purchase and all I got was unfortunately they cant help me and to write in again when i have the receipt. and then they close the chat to ask if they solved my issue? Well obviously not. -.- they had always been alright until recently with connection issues (again)",1,2026-05-07 04:58:11,13,"['MONETIZATION', 'SOCIAL', 'TECHNICAL']"
hay_day,2026,"I really enjoy this game and its super fun. It would be great if there was some sort of reward for the design competitions as I feel like I use a lot of keys and money to buy things for the competition only to get nothing in return when my design gets to the tops designs, so maybe a rewards of golden keys or gems would be supr cool. Love th game though!",4,2026-05-02 04:05:03,13,"['MONETIZATION', 'VISUAL & AUDIO']"
hay_day,2026,"To this day the best mobile game, 100%. Cute animations, good challenges and the best part: No forced ads every 3 minutes. The only time you will be seeing ads is if you specifically decide to watch them for an extra reward or a quicker food production for example. The only annoying thing is that this game is becoming more and more focused on people spending money. (E.g. you can't complete decoration collections without having to buy 1 or 2 of them in the shop, and they're not cheap either..)",5,2026-08-15 08:15:57,13,['MONETIZATION']
hay_day,2026,"The game should be called ""Sorry, Someone Already Bought This!"" Fun but frustrating. Can't depend on the marketplace for any supplies. It doesn't matter how fast you are to get into the newspaper and flip through to find someone selling something good; it's somehow already sold before you even get there. I swear they're cheating somehow..",3,2026-03-20 01:17:12,12,['GAMEPLAY']
hay_day,2026,"After the latest update, the game simply won't launch, freezing halfway through the ""Updating"" screen. During the penultimate update, an event offered decorations for ""forget-me-nots,"" but they forgot to make it possible to earn them. Before that, on February 1st, they abruptly ""ended"" winter in the game, then remembered and brought it back for a couple of weeks... Instead of relaxing, the game is nothing but stress. I've been playing for years now....",3,2026-05-07 05:55:04,12,['CONTENT & UPDATES']
hay_day,2026,"I highly enjoy playing Hay Day because it is fun, relaxing, and easy to learn. I like how I can grow crops, take care of animals, produce different products, and design my farm the way I want. The colorful graphics and smooth gameplay make the experience enjoyable, while the trading and community features allow me to interact with other players. Whenever I play Hay Day, I feel entertained and challenged at the same time, which is why I would highly recommend it to anyone looking for a fun game.",5,2026-06-20 23:09:15,12,"['GAMEPLAY', 'SOCIAL', 'VISUAL & AUDIO']"
hay_day,2026,"I play intermittently but regularly delete as it is so frustrating, so now I just stop playing before it annoys me. Even balancing expansion items as you should doesn't really work any more. I am just waiting to find an alternative I enjoy as I cannot afford to spend money on a game. Those micro transactions could equal a lot of money wasted that I could spend on real life important essentials. Deleted again today taking another long break from this time consuming intensive game.",1,2026-05-10 20:05:26,12,"['CONTENT & UPDATES', 'MONETIZATION']"
hay_day,2026,I love this game and have been playing it for over 10 years!! But lately ugh!!!! When I tap to activate the time to lessen time on items that I'm doing for goals it freezes so then I have to close game and start over!!! Please fix this problem!thanks!! people are getting way too greedy they buy everything from your roadside stand and NEVER HELP!! and the ones that do help don't get a chance to buy items!!! should be a limit for those that don't help!!!!!,3,2026-08-13 06:54:18,12,['MONETIZATION']
hay_day,2026,"This is my favorite game, however over the years more of the game has become locked behind a paywall and I get it, the developers need $ too but it comes at the expense of longtime players (10+ years) not being able to obtain the best decorations or complete collections because they are 100% pay to obtain only regardless of the time and effort put into the game. You'd also think that they would put in another way for us to use up ore so that the newspaper isn't 100% slammed full of it constantly",3,2026-07-04 19:15:35,12,['MONETIZATION']
hay_day,2026,"And again, lately after the update the game keep lagging and also so slow. My Internet and wifi is in the best condition but the game seems like doesn't working. Every time i go to other farm/town, or coming back to my own farm it would take so long and i cant buy anything from newspaper due to the slow loading cause everybody already bought it. Please fix this. I’ve been playing this for years and its my first time facing this problem.",1,2026-08-15 13:42:52,12,"['CONTENT & UPDATES', 'MONETIZATION', 'TECHNICAL']"
hay_day,2026,"They have been updating the game and as time goes on it is getting to be harder to play, but the most recent update has totally messed up the game. The neighborhoods are not working properly, people are randomly getting kicked out and not able to rejoin. The leader of my neighborhood can't edit it at all. Support is now non existent, since they have transferred it to AI that knows nothing and all it says is ""that's frustrating"". We used to be able to talk to a human being about problems.",2,2026-06-16 09:33:12,11,"['ACCOUNT & SUPPORT', 'CONTENT & UPDATES', 'TECHNICAL']"
hay_day,2026,"game use to be awesome, now they've gone greedy. the paywall is really bad now when there use to be no paywall. New decor use to cost in-game coins, vouchers and up to 90💎 starting at 5💎. now it's pay for it, use 100+💎 impossible to get without paying for or stay up 24/7 for 5 days to get 1 decor maybe. the events have become that impossible to reach goals. so many ppl have stopped playing its gotten greedy bad. it's just a completely different game. $300 per month is more than a bit much.",1,2026-08-10 20:47:59,11,['MONETIZATION']
hay_day,2026,"The derby needs to go, can't be won. The farm pass you pay 11.99 a month but you can't keep the barn & silo storage increases, that just wrong. What are the land permits used for? Get rid of the roadside shop you almost never get to buy anything. The game is just not enjoyable as it once was, it has gotten very tedious.",3,2026-09-03 03:18:44,11,['MONETIZATION']
hay_day,2026,"I’ve been playing Hay Day for around 3–4 years now, and honestly, I still enjoy it a lot. The game is really fun and addictive without feeling too stressful. I especially enjoy completing boat and truck orders. It doesn't get boring because of the seasonal events, Derby, neighbourhood tasks, etc. After playing this game for so many years I'm still finding it very engaging and fun. I've tried other farming games as well but no doubt HayDay is the best and I really enjoy playing it.",5,2026-08-04 13:16:14,11,['GAMEPLAY']
hay_day,2026,"edit : Please why this game keep lagging!!! always loading. but when I open another game or app is fine! don't have problem at all. Machine production overprice, coin cant keep up with the level. And what make me REALLY annoyed with the 80 limit on the expansion items. Of course I find items I need in the newspaper when I CANT BUY THEM.",1,2026-07-25 17:54:04,11,"['CONTENT & UPDATES', 'GAMEPLAY', 'MONETIZATION', 'TECHNICAL']"
hay_day,2026,"I've been playing this game for so many years that, even I've forgotten when I started! absolutely pleasant experience except, for the buying experience. Whenever I open the farmer's journal to buy a product, after 2 or 3 items it always says ""sorry someone else bought it"". Even though, I clicked immediately on the product. Now, that's unfair, and demotivated me. So now, no sooner I see this message, I close the game and exit! Even though, I want to spend more time with it...",5,2026-08-15 14:35:02,11,"['MONETIZATION', 'SOCIAL']"
hay_day,2026,"I am experiencing a serious issue with Hay Day. Whenever I try to log in using my Supercell ID, the game crashes immediately and closes. Because of this, I am unable to access my account and continue playing. I have tried restarting my device and reopening the game, but the problem persists. This issue is very frustrating, especially for long-time players who have invested significant time and progress into the game. Hay Day is an enjoyable and well-designed game, but account access is essenti",1,2026-05-30 19:30:25,11,"['ACCOUNT & SUPPORT', 'TECHNICAL']"
hay_day,2026,Update September 2026. I'm a happy farmer again as they fixed the bug that meant being unable to obtain the dairy news free items with either qr code or link. Overall it's still a great game but it has become SO busy. The special currency catalogue has great items but they cost so much it's unlikely I'll be able to buy all the items I would like,4,2026-09-10 19:08:35,10,"['CONTENT & UPDATES', 'MONETIZATION', 'TECHNICAL']"
hay_day,2026,"for some reason after a while the game starts to lag a lot especially when you first open the app, sometimes it is just unresponsive for about 2-3 minutes. I reinstall and performance is fine again until it inevitably worsens again. idk why. I tried clearing cache but it doesn't help. only fresh install does and it's temporary. edit: now it straight up crashes when I try to log in to supercell. I guess I won't be playing anymore.",1,2026-04-04 16:20:49,10,"['ACCOUNT & SUPPORT', 'TECHNICAL']"
hay_day,2026,"After the latest update, I can' hardly get into the game. I keeps closing down. Anybody has the same issue?",5,2026-06-16 17:48:05,10,"['CONTENT & UPDATES', 'TECHNICAL']"
hay_day,2026,"After being on my 3rd game after losing a couple, it's been fun. I'm on level 321, it's getting a bit full on now. can't keep up with all the new things to do. the barns getting emptied with the amount of stuff you have to give out. you can't make stuff that fast. Tom takes forever to get enough stuff in time. so if i stop playing for awhile now. i hope my farm doesn't go to another person as that's what's happened to my friend. I've invested 11 years of my time on this game.",3,2026-08-27 07:53:40,10,['GAMEPLAY']
hay_day,2026,"The reason I used to play this game is because not only is it fun it was relaxing however as the years have gone on, more features have crowded the game to the point where I get alerts when I do anything. The game has become cluttered, I miss the simple nature the game used to have. In my opinion less is more with a game like this.",3,2026-07-16 01:33:36,10,['GAMEPLAY']
hay_day,2026,"Overall, the game is fun. The problem is the support team. I ran into a glitch that made it literally impossible to do anything in game. I couldn't click anything, couldn't even go to settings or anything without having to get there before the glitch popped up. It took a day to get a response and when I finally did, they just kept telling me the same thing over and over again. Didn't fix the problem. Claimed they tried and now they gave up. Which it was a simple graphics glitch. L developers👎",1,2026-04-05 00:11:24,9,"['ACCOUNT & SUPPORT', 'TECHNICAL', 'VISUAL & AUDIO']"
hay_day,2026,"10+ years playing this game. I love that there are no ads, unless you choose to view them to get extras. I have been noticing some glitches though, and my phone and app are kept up-to-date, so it's not on my end. I will scroll away and return to find one of my animals being milked or shorn when I didn't initiate it, and I'm not using one of the helpers either. Otherwise it's a great game and helps build my memory.",5,2026-03-25 16:34:43,9,"['GAMEPLAY', 'TECHNICAL']"
